metric,family,source,subset,threshold,n_rows,n_bases,FA_on_correct,FA_ci_lo,FA_ci_hi,base_FA,flip_rate,flip_ci_lo,flip_ci_hi,n_flipped_expected
c_align,BASE,PERTURB_BASE,all,primary_E,198,198,0.200804505229284,0.15446500402252616,0.24714400643604184,,,,,
c_align,BASE,PERTURB_BASE,E_bases,primary_E,198,198,0.200804505229284,0.15446500402252616,0.24714400643604184,,,,,
c_align,BASE,PERTURB_BASE,E_bases_endorsed,primary_E,152,152,0.03018164881229623,0.010060549604098743,0.05533302282254309,,,,,
c_align,CONTRAPOSITIVE,PERTURB_CONTROL,all,primary_E,179,179,0.21357591338310186,0.1623176941711574,0.2648341325950463,0.21357591338310186,0.0,0.0,0.0,0.0
c_align,CONTRAPOSITIVE,PERTURB_CONTROL,E_bases,primary_E,179,179,0.21357591338310186,0.1623176941711574,0.2648341325950463,0.21357591338310186,0.0,0.0,0.0,0.0
c_align,CONTRAPOSITIVE,PERTURB_CONTROL,E_bases_endorsed,primary_E,133,133,0.0229955419522257,0.005748885488056425,0.0459910839044514,0.0229955419522257,0.0,0.0,0.0,0.0
c_align,DEMORGAN,PERTURB_CONTROL,all,primary_E,8,8,0.0,0.0,0.0,0.0,0.0,0.0,0.0,0.0
c_align,DEMORGAN,PERTURB_CONTROL,E_bases,primary_E,8,8,0.0,0.0,0.0,0.0,0.0,0.0,0.0,0.0
c_align,DEMORGAN,PERTURB_CONTROL,E_bases_endorsed,primary_E,8,8,0.0,0.0,0.0,0.0,0.0,0.0,0.0,0.0
c_align,RENAME_NONCE,PERTURB_CONTROL,all,primary_E,110,110,0.7646017699115045,0.7646017699115045,0.7646017699115045,0.1598712791633146,0.6047304907481899,0.5421721641190669,0.6603378921962995,66.52035398230089
c_align,RENAME_NONCE,PERTURB_CONTROL,E_bases,primary_E,110,110,0.7646017699115045,0.7646017699115045,0.7646017699115045,0.1598712791633146,0.6047304907481899,0.5421721641190669,0.6603378921962995,66.52035398230089
c_align,RENAME_NONCE,PERTURB_CONTROL,E_bases_endorsed,primary_E,92,92,0.7646017699115045,0.7646017699115045,0.7646017699115045,0.04155444401692959,0.7230473258945749,0.6814928818776453,0.7562908811081187,66.52035398230089
c_align,RENAME_SYN,PERTURB_CONTROL,all,primary_E,88,88,0.5647626709573612,0.4865647626709574,0.634271922767498,0.25197103781174585,0.31279163314561553,0.2432823813354787,0.3909895414320194,27.525663716814165
c_align,RENAME_SYN,PERTURB_CONTROL,E_bases,primary_E,88,88,0.5647626709573612,0.4865647626709574,0.634271922767498,0.25197103781174585,0.31279163314561553,0.2432823813354787,0.3909895414320194,27.525663716814165
c_align,RENAME_SYN,PERTURB_CONTROL,E_bases_endorsed,primary_E,60,60,0.4715044247787611,0.3823008849557522,0.5607079646017701,0.012743362831858408,0.4587610619469027,0.3695575221238938,0.5479646017699117,27.52566371681416
c_align,REORDER_COMMUTE,PERTURB_CONTROL,all,primary_E,158,158,0.19357006833202647,0.1403382995407192,0.2468018371233337,0.19357006833202647,0.0,0.0,0.0,0.0
c_align,REORDER_COMMUTE,PERTURB_CONTROL,E_bases,primary_E,158,158,0.19357006833202647,0.1403382995407192,0.2468018371233337,0.19357006833202647,0.0,0.0,0.0,0.0
c_align,REORDER_COMMUTE,PERTURB_CONTROL,E_bases_endorsed,primary_E,122,122,0.025068910488901787,0.006267227622225447,0.05640504860002902,0.025068910488901787,0.0,0.0,0.0,0.0
c_align,REORDER_QUANT,PERTURB_CONTROL,all,primary_E,20,20,0.34407079646017696,0.19115044247787613,0.4969911504424779,0.34407079646017696,0.0,0.0,0.0,0.0
c_align,REORDER_QUANT,PERTURB_CONTROL,E_bases,primary_E,20,20,0.34407079646017696,0.19115044247787613,0.4969911504424779,0.34407079646017696,0.0,0.0,0.0,0.0
c_align,REORDER_QUANT,PERTURB_CONTROL,E_bases_endorsed,primary_E,11,11,0.0,0.0,0.0,0.0,0.0,0.0,0.0,0.0
c_nf,BASE,PERTURB_BASE,all,primary_E,198,198,0.16297918948521362,0.12880613362541074,0.19715224534501644,,,,,
c_nf,BASE,PERTURB_BASE,E_bases,primary_E,198,198,0.16297918948521362,0.12880613362541074,0.19715224534501644,,,,,
c_nf,BASE,PERTURB_BASE,E_bases_endorsed,primary_E,152,152,0.05478757133798352,0.03081800887761573,0.08218135700697528,,,,,
c_nf,CONTRAPOSITIVE,PERTURB_CONTROL,all,primary_E,179,179,0.17737093625900252,0.1424782930605102,0.21517129972403584,0.17737093625900252,0.0,0.0,0.0,0.0
c_nf,CONTRAPOSITIVE,PERTURB_CONTROL,E_bases,primary_E,179,179,0.17737093625900252,0.1424782930605102,0.21517129972403584,0.17737093625900252,0.0,0.0,0.0,0.0
c_nf,CONTRAPOSITIVE,PERTURB_CONTROL,E_bases_endorsed,primary_E,133,133,0.05870096929069663,0.03130718362170487,0.0900081529124015,0.05870096929069663,0.0,0.0,0.0,0.0
c_nf,DEMORGAN,PERTURB_CONTROL,all,primary_E,8,8,0.0,0.0,0.0,0.0,0.0,0.0,0.0,0.0
c_nf,DEMORGAN,PERTURB_CONTROL,E_bases,primary_E,8,8,0.0,0.0,0.0,0.0,0.0,0.0,0.0,0.0
c_nf,DEMORGAN,PERTURB_CONTROL,E_bases_endorsed,primary_E,8,8,0.0,0.0,0.0,0.0,0.0,0.0,0.0,0.0
c_nf,RENAME_NONCE,PERTURB_CONTROL,all,primary_E,110,110,0.13248630887185106,0.08990142387732751,0.17507119386637462,0.13248630887185106,0.0,0.0,0.0,0.0
c_nf,RENAME_NONCE,PERTURB_CONTROL,E_bases,primary_E,110,110,0.13248630887185106,0.08990142387732751,0.17507119386637462,0.13248630887185106,0.0,0.0,0.0,0.0
c_nf,RENAME_NONCE,PERTURB_CONTROL,E_bases_endorsed,primary_E,92,92,0.056574122577265594,0.028287061288632797,0.09051859612362495,0.056574122577265594,0.0,0.0,0.0,0.0
c_nf,RENAME_SYN,PERTURB_CONTROL,all,primary_E,88,88,0.20109529025191678,0.14786418400876233,0.2543263964950712,0.20109529025191678,0.0,0.0,0.0,0.0
c_nf,RENAME_SYN,PERTURB_CONTROL,E_bases,primary_E,88,88,0.20109529025191678,0.14786418400876233,0.2543263964950712,0.20109529025191678,0.0,0.0,0.0,0.0
c_nf,RENAME_SYN,PERTURB_CONTROL,E_bases_endorsed,primary_E,60,60,0.05204819277108434,0.01734939759036145,0.09542168674698796,0.05204819277108434,0.0,0.0,0.0,0.0
c_nf,REORDER_COMMUTE,PERTURB_CONTROL,all,primary_E,158,158,0.1647094707945707,0.12847338721976514,0.20423974378526769,0.1614152813786793,0.003294189415891414,0.0,0.009882568247674244,0.5204819277108435
c_nf,REORDER_COMMUTE,PERTURB_CONTROL,E_bases,primary_E,158,158,0.1647094707945707,0.12847338721976514,0.20423974378526769,0.1614152813786793,0.003294189415891414,0.0,0.009882568247674244,0.5204819277108435
c_nf,REORDER_COMMUTE,PERTURB_CONTROL,E_bases_endorsed,primary_E,122,122,0.059727434327473836,0.029863717163736918,0.08959115149121076,0.055461189018368565,0.0042662453091052745,0.0,0.012798735927315823,0.5204819277108435
c_nf,REORDER_QUANT,PERTURB_CONTROL,all,primary_E,20,20,0.2602409638554217,0.15614457831325304,0.36433734939759044,0.2602409638554217,0.0,0.0,0.0,0.0
c_nf,REORDER_QUANT,PERTURB_CONTROL,E_bases,primary_E,20,20,0.2602409638554217,0.15614457831325304,0.36433734939759044,0.2602409638554217,0.0,0.0,0.0,0.0
c_nf,REORDER_QUANT,PERTURB_CONTROL,E_bases_endorsed,primary_E,11,11,0.04731653888280395,0.0,0.14194961664841185,0.04731653888280395,0.0,0.0,0.0,0.0
c_hyb,BASE,PERTURB_BASE,all,primary_E,198,198,0.1967914438502674,0.1454545454545455,0.24385026737967921,,,,,
c_hyb,BASE,PERTURB_BASE,E_bases,primary_E,198,198,0.1967914438502674,0.1454545454545455,0.24385026737967921,,,,,
c_hyb,BASE,PERTURB_BASE,E_bases_endorsed,primary_E,152,152,0.0,0.0,0.0,,,,,
c_hyb,CONTRAPOSITIVE,PERTURB_CONTROL,all,primary_E,179,179,0.2176799211304634,0.16562602694709172,0.2697338153138351,0.2176799211304634,0.0,0.0,0.0,0.0
c_hyb,CONTRAPOSITIVE,PERTURB_CONTROL,E_bases,primary_E,179,179,0.2176799211304634,0.16562602694709172,0.2697338153138351,0.2176799211304634,0.0,0.0,0.0,0.0
c_hyb,CONTRAPOSITIVE,PERTURB_CONTROL,E_bases_endorsed,primary_E,133,133,0.0,0.0,0.0,0.0,0.0,0.0,0.0,0.0
c_hyb,DEMORGAN,PERTURB_CONTROL,all,primary_E,8,8,0.0,0.0,0.0,0.0,0.0,0.0,0.0,0.0
c_hyb,DEMORGAN,PERTURB_CONTROL,E_bases,primary_E,8,8,0.0,0.0,0.0,0.0,0.0,0.0,0.0,0.0
c_hyb,DEMORGAN,PERTURB_CONTROL,E_bases_endorsed,primary_E,8,8,0.0,0.0,0.0,0.0,0.0,0.0,0.0,0.0
c_hyb,RENAME_NONCE,PERTURB_CONTROL,all,primary_E,110,110,0.21561497326203213,0.1463101604278075,0.28491978609625673,0.13860962566844923,0.0770053475935829,0.03080213903743316,0.12320855614973265,8.47058823529412
c_hyb,RENAME_NONCE,PERTURB_CONTROL,E_bases,primary_E,110,110,0.21561497326203213,0.1463101604278075,0.28491978609625673,0.13860962566844923,0.0770053475935829,0.03080213903743316,0.12320855614973265,8.47058823529412
c_hyb,RENAME_NONCE,PERTURB_CONTROL,E_bases_endorsed,primary_E,92,92,0.09207161125319695,0.046035805626598474,0.1473145780051151,0.0,0.09207161125319695,0.046035805626598474,0.1473145780051151,8.47058823529412
c_hyb,RENAME_SYN,PERTURB_CONTROL,all,primary_E,88,88,0.29839572192513375,0.211764705882353,0.38502673796791453,0.2695187165775402,0.028877005347593587,0.0,0.06737967914438503,2.5411764705882356
c_hyb,RENAME_SYN,PERTURB_CONTROL,E_bases,primary_E,88,88,0.29839572192513375,0.211764705882353,0.38502673796791453,0.2695187165775402,0.028877005347593587,0.0,0.06737967914438503,2.5411764705882356
c_hyb,RENAME_SYN,PERTURB_CONTROL,E_bases_endorsed,primary_E,60,60,0.04235294117647059,0.0,0.09882352941176471,0.0,0.04235294117647059,0.0,0.09882352941176471,2.5411764705882356
c_hyb,REORDER_COMMUTE,PERTURB_CONTROL,all,primary_E,158,158,0.19300074460163816,0.13938942665673867,0.2466120625465376,0.19300074460163816,0.0,0.0,0.0,0.0
c_hyb,REORDER_COMMUTE,PERTURB_CONTROL,E_bases,primary_E,158,158,0.19300074460163816,0.13938942665673867,0.2466120625465376,0.19300074460163816,0.0,0.0,0.0,0.0
c_hyb,REORDER_COMMUTE,PERTURB_CONTROL,E_bases_endorsed,primary_E,122,122,0.0,0.0,0.0,0.0,0.0,0.0,0.0,0.0
c_hyb,REORDER_QUANT,PERTURB_CONTROL,all,primary_E,20,20,0.38117647058823534,0.211764705882353,0.5505882352941178,0.38117647058823534,0.0,0.0,0.0,0.0
c_hyb,REORDER_QUANT,PERTURB_CONTROL,E_bases,primary_E,20,20,0.38117647058823534,0.211764705882353,0.5505882352941178,0.38117647058823534,0.0,0.0,0.0,0.0
c_hyb,REORDER_QUANT,PERTURB_CONTROL,E_bases_endorsed,primary_E,11,11,0.0,0.0,0.0,0.0,0.0,0.0,0.0,0.0
g_align,BASE,PERTURB_BASE,all,primary_E,198,198,0.15386232264844985,0.12107199159222282,0.18665265370467682,,,,,
g_align,BASE,PERTURB_BASE,E_bases,primary_E,198,198,0.15386232264844985,0.12107199159222282,0.18665265370467682,,,,,
g_align,BASE,PERTURB_BASE,E_bases_endorsed,primary_E,152,152,0.1117128080316398,0.07885609978703986,0.14785518710069975,,,,,
g_align,CONTRAPOSITIVE,PERTURB_CONTROL,all,primary_E,179,179,0.1618238770303872,0.12834307488616914,0.19809474601995675,0.1618238770303872,0.0,0.0,0.0,0.0
g_align,CONTRAPOSITIVE,PERTURB_CONTROL,E_bases,primary_E,179,179,0.1618238770303872,0.12834307488616914,0.19809474601995675,0.1618238770303872,0.0,0.0,0.0,0.0
g_align,CONTRAPOSITIVE,PERTURB_CONTROL,E_bases_endorsed,primary_E,133,133,0.11640662349515407,0.08261115215785128,0.1502020948324569,0.11640662349515407,0.0,0.0,0.0,0.0
g_align,DEMORGAN,PERTURB_CONTROL,all,primary_E,8,8,0.0,0.0,0.0,0.0,0.0,0.0,0.0,0.0
g_align,DEMORGAN,PERTURB_CONTROL,E_bases,primary_E,8,8,0.0,0.0,0.0,0.0,0.0,0.0,0.0,0.0
g_align,DEMORGAN,PERTURB_CONTROL,E_bases_endorsed,primary_E,8,8,0.0,0.0,0.0,0.0,0.0,0.0,0.0,0.0
g_align,RENAME_NONCE,PERTURB_CONTROL,all,primary_E,110,110,0.4131581713084604,0.37683657383079355,0.4449395691014189,0.14528638991066742,0.2769521807672097,0.23155018392012608,0.3268943772990016,30.46473988439306
g_align,RENAME_NONCE,PERTURB_CONTROL,E_bases,primary_E,110,110,0.4131581713084604,0.37683657383079355,0.4449395691014189,0.14528638991066742,0.2769521807672097,0.23155018392012608,0.3268943772990016,30.46473988439306
g_align,RENAME_NONCE,PERTURB_CONTROL,E_bases_endorsed,primary_E,92,92,0.42342297059562717,0.3854234732344812,0.4614224679567731,0.10314149283739635,0.32028147775823074,0.27142498115104297,0.3691379743654185,29.46589595375723
g_align,RENAME_SYN,PERTURB_CONTROL,all,primary_E,88,88,0.31781397792958493,0.26673673147661586,0.3688912243825539,0.16458223857067789,0.153231739358907,0.10782974251182344,0.204308985811876,13.484393063583816
g_align,RENAME_SYN,PERTURB_CONTROL,E_bases,primary_E,88,88,0.31781397792958493,0.26673673147661586,0.3688912243825539,0.16458223857067789,0.153231739358907,0.10782974251182344,0.204308985811876,13.484393063583816
g_align,RENAME_SYN,PERTURB_CONTROL,E_bases_endorsed,primary_E,60,60,0.2996531791907514,0.24138728323699424,0.3579190751445086,0.12485549132947976,0.1747976878612717,0.11653179190751445,0.23306358381502892,10.487861271676302
g_align,REORDER_COMMUTE,PERTURB_CONTROL,all,primary_E,158,158,0.15488402721884836,0.1201141435574742,0.19281480939489282,0.15488402721884836,0.0,0.0,0.0,0.0
g_align,REORDER_COMMUTE,PERTURB_CONTROL,E_bases,primary_E,158,158,0.15488402721884836,0.1201141435574742,0.19281480939489282,0.15488402721884836,0.0,0.0,0.0,0.0
g_align,REORDER_COMMUTE,PERTURB_CONTROL,E_bases_endorsed,primary_E,122,122,0.11462143466312899,0.07777883066426608,0.15555766132853216,0.11462143466312899,0.0,0.0,0.0,0.0
g_align,REORDER_QUANT,PERTURB_CONTROL,all,primary_E,20,20,0.14982658959537573,0.04994219653179191,0.24971098265895955,0.14982658959537573,0.0,0.0,0.0,0.0
g_align,REORDER_QUANT,PERTURB_CONTROL,E_bases,primary_E,20,20,0.14982658959537573,0.04994219653179191,0.24971098265895955,0.14982658959537573,0.0,0.0,0.0,0.0
g_align,REORDER_QUANT,PERTURB_CONTROL,E_bases_endorsed,primary_E,11,11,0.045401996847083556,0.0,0.13620599054125068,0.045401996847083556,0.0,0.0,0.0,0.0
g_nf,BASE,PERTURB_BASE,all,primary_E,198,198,0.15416439847577573,0.12019597169297769,0.18813282525857378,,,,,
g_nf,BASE,PERTURB_BASE,E_bases,primary_E,198,198,0.15416439847577573,0.12019597169297769,0.18813282525857378,,,,,
g_nf,BASE,PERTURB_BASE,E_bases_endorsed,primary_E,152,152,0.11572644185313585,0.08168925307280177,0.1498487236054203,,,,,
g_nf,CONTRAPOSITIVE,PERTURB_CONTROL,all,primary_E,179,179,0.167637908540461,0.1329542033251932,0.20521192252366774,0.167637908540461,0.0,0.0,0.0,0.0
g_nf,CONTRAPOSITIVE,PERTURB_CONTROL,E_bases,primary_E,179,179,0.167637908540461,0.1329542033251932,0.20521192252366774,0.167637908540461,0.0,0.0,0.0,0.0
g_nf,CONTRAPOSITIVE,PERTURB_CONTROL,E_bases_endorsed,primary_E,133,133,0.12836882625725993,0.0933591463689163,0.16726847057764171,0.12836882625725993,0.0,0.0,0.0,0.0
g_nf,DEMORGAN,PERTURB_CONTROL,all,primary_E,8,8,0.0,0.0,0.0,0.0,0.0,0.0,0.0,0.0
g_nf,DEMORGAN,PERTURB_CONTROL,E_bases,primary_E,8,8,0.0,0.0,0.0,0.0,0.0,0.0,0.0,0.0
g_nf,DEMORGAN,PERTURB_CONTROL,E_bases_endorsed,primary_E,8,8,0.0,0.0,0.0,0.0,0.0,0.0,0.0,0.0
g_nf,RENAME_NONCE,PERTURB_CONTROL,all,primary_E,110,110,0.13169297768100163,0.08936309199782254,0.1740228633641807,0.13169297768100163,0.0,0.0,0.0,0.0
g_nf,RENAME_NONCE,PERTURB_CONTROL,E_bases,primary_E,110,110,0.13169297768100163,0.08936309199782254,0.1740228633641807,0.13169297768100163,0.0,0.0,0.0,0.0
g_nf,RENAME_NONCE,PERTURB_CONTROL,E_bases_endorsed,primary_E,92,92,0.1012236396771674,0.06185889091382453,0.1462119239781307,0.1012236396771674,0.0,0.0,0.0,0.0
g_nf,RENAME_SYN,PERTURB_CONTROL,all,primary_E,88,88,0.1763745236799129,0.12346216657593902,0.22928688078388673,0.18225367446924334,0.0058791507893304305,0.0,0.01763745236799129,0.5173652694610779
g_nf,RENAME_SYN,PERTURB_CONTROL,E_bases,primary_E,88,88,0.1763745236799129,0.12346216657593902,0.22928688078388673,0.18225367446924334,0.0058791507893304305,0.0,0.01763745236799129,0.5173652694610779
g_nf,RENAME_SYN,PERTURB_CONTROL,E_bases_endorsed,primary_E,60,60,0.13796407185628742,0.08622754491017964,0.19832335329341313,0.13796407185628742,0.0,0.0,0.0,0.0
g_nf,REORDER_COMMUTE,PERTURB_CONTROL,all,primary_E,158,158,0.16699765026908206,0.1309785492306526,0.20629121503827785,0.16372318653831577,0.0032744637307663155,0.0,0.009823391192298947,0.5173652694610779
g_nf,REORDER_COMMUTE,PERTURB_CONTROL,E_bases,primary_E,158,158,0.16699765026908206,0.1309785492306526,0.20629121503827785,0.16372318653831577,0.0032744637307663155,0.0,0.009823391192298947,0.5173652694610779
g_nf,REORDER_COMMUTE,PERTURB_CONTROL,E_bases_endorsed,primary_E,122,122,0.13570236576028272,0.0975360753902032,0.17810935506037104,0.13146166683027388,0.004240698930008835,0.0,0.012722096790026506,0.5173652694610779
g_nf,REORDER_QUANT,PERTURB_CONTROL,all,primary_E,20,20,0.15520958083832337,0.05173652694610779,0.258682634730539,0.15520958083832337,0.0,0.0,0.0,0.0
g_nf,REORDER_QUANT,PERTURB_CONTROL,E_bases,primary_E,20,20,0.15520958083832337,0.05173652694610779,0.258682634730539,0.15520958083832337,0.0,0.0,0.0,0.0
g_nf,REORDER_QUANT,PERTURB_CONTROL,E_bases_endorsed,primary_E,11,11,0.047033206314643444,0.0,0.14109961894393033,0.047033206314643444,0.0,0.0,0.0,0.0
g_hyb,BASE,PERTURB_BASE,all,primary_E,198,198,0.15622895622895625,0.12121212121212122,0.19124579124579127,,,,,
g_hyb,BASE,PERTURB_BASE,E_bases,primary_E,198,198,0.15622895622895625,0.12121212121212122,0.19124579124579127,,,,,
g_hyb,BASE,PERTURB_BASE,E_bases_endorsed,primary_E,152,152,0.11578947368421054,0.08070175438596493,0.15438596491228068,,,,,
g_hyb,CONTRAPOSITIVE,PERTURB_CONTROL,all,primary_E,179,179,0.16983240223463691,0.1340782122905028,0.20566108007448755,0.16983240223463691,0.0,0.0,0.0,0.0
g_hyb,CONTRAPOSITIVE,PERTURB_CONTROL,E_bases,primary_E,179,179,0.16983240223463691,0.1340782122905028,0.20566108007448755,0.16983240223463691,0.0,0.0,0.0,0.0
g_hyb,CONTRAPOSITIVE,PERTURB_CONTROL,E_bases_endorsed,primary_E,133,133,0.12832080200501256,0.09223057644110275,0.16842105263157897,0.12832080200501256,0.0,0.0,0.0,0.0
g_hyb,DEMORGAN,PERTURB_CONTROL,all,primary_E,8,8,0.0,0.0,0.0,0.0,0.0,0.0,0.0,0.0
g_hyb,DEMORGAN,PERTURB_CONTROL,E_bases,primary_E,8,8,0.0,0.0,0.0,0.0,0.0,0.0,0.0,0.0
g_hyb,DEMORGAN,PERTURB_CONTROL,E_bases_endorsed,primary_E,8,8,0.0,0.0,0.0,0.0,0.0,0.0,0.0,0.0
g_hyb,RENAME_NONCE,PERTURB_CONTROL,all,primary_E,110,110,0.13575757575757577,0.09212121212121213,0.1793939393939394,0.13090909090909092,0.0048484848484848485,0.0,0.014545454545454545,0.5333333333333333
g_hyb,RENAME_NONCE,PERTURB_CONTROL,E_bases,primary_E,110,110,0.13575757575757577,0.09212121212121213,0.1793939393939394,0.13090909090909092,0.0048484848484848485,0.0,0.014545454545454545,0.5333333333333333
g_hyb,RENAME_NONCE,PERTURB_CONTROL,E_bases_endorsed,primary_E,92,92,0.10434782608695654,0.063768115942029,0.15072463768115943,0.09855072463768115,0.005797101449275362,0.0,0.017391304347826087,0.5333333333333333
g_hyb,RENAME_SYN,PERTURB_CONTROL,all,primary_E,88,88,0.18181818181818182,0.12727272727272726,0.23636363636363633,0.18787878787878787,0.006060606060606061,0.0,0.018181818181818184,0.5333333333333333
g_hyb,RENAME_SYN,PERTURB_CONTROL,E_bases,primary_E,88,88,0.18181818181818182,0.12727272727272726,0.23636363636363633,0.18787878787878787,0.006060606060606061,0.0,0.018181818181818184,0.5333333333333333
g_hyb,RENAME_SYN,PERTURB_CONTROL,E_bases_endorsed,primary_E,60,60,0.14222222222222222,0.08888888888888888,0.20444444444444446,0.14222222222222222,0.0,0.0,0.0,0.0
g_hyb,REORDER_COMMUTE,PERTURB_CONTROL,all,primary_E,158,158,0.16540084388185652,0.12827004219409283,0.20590717299578057,0.16540084388185652,0.0,0.0,0.0,0.0
g_hyb,REORDER_COMMUTE,PERTURB_CONTROL,E_bases,primary_E,158,158,0.16540084388185652,0.12827004219409283,0.20590717299578057,0.16540084388185652,0.0,0.0,0.0,0.0
g_hyb,REORDER_COMMUTE,PERTURB_CONTROL,E_bases_endorsed,primary_E,122,122,0.13114754098360656,0.09180327868852459,0.17486338797814208,0.13114754098360656,0.0,0.0,0.0,0.0
g_hyb,REORDER_QUANT,PERTURB_CONTROL,all,primary_E,20,20,0.16,0.05333333333333333,0.2666666666666667,0.16,0.0,0.0,0.0,0.0
g_hyb,REORDER_QUANT,PERTURB_CONTROL,E_bases,primary_E,20,20,0.16,0.05333333333333333,0.2666666666666667,0.16,0.0,0.0,0.0,0.0
g_hyb,REORDER_QUANT,PERTURB_CONTROL,E_bases_endorsed,primary_E,11,11,0.048484848484848485,0.0,0.14545454545454548,0.048484848484848485,0.0,0.0,0.0,0.0
parse_fail,BASE,PERTURB_BASE,all,primary_E,300,300,0.09999999999999999,0.09999999999999999,0.09999999999999999,,,,,
parse_fail,BASE,PERTURB_BASE,E_bases,primary_E,200,200,0.1,0.1,0.1,,,,,
parse_fail,BASE,PERTURB_BASE,E_bases_endorsed,primary_E,152,152,0.09999999999999999,0.09999999999999999,0.09999999999999999,,,,,
parse_fail,CONTRAPOSITIVE,PERTURB_CONTROL,all,primary_E,281,281,0.09999999999999998,0.09999999999999998,0.09999999999999998,0.09999999999999998,0.0,0.0,0.0,0.0
parse_fail,CONTRAPOSITIVE,PERTURB_CONTROL,E_bases,primary_E,181,181,0.09999999999999996,0.09999999999999996,0.09999999999999996,0.09999999999999996,0.0,0.0,0.0,0.0
parse_fail,CONTRAPOSITIVE,PERTURB_CONTROL,E_bases_endorsed,primary_E,133,133,0.09999999999999998,0.09999999999999998,0.09999999999999998,0.09999999999999998,0.0,0.0,0.0,0.0
parse_fail,DEMORGAN,PERTURB_CONTROL,all,primary_E,8,8,0.1,0.1,0.1,0.1,0.0,0.0,0.0,0.0
parse_fail,DEMORGAN,PERTURB_CONTROL,E_bases,primary_E,8,8,0.1,0.1,0.1,0.1,0.0,0.0,0.0,0.0
parse_fail,DEMORGAN,PERTURB_CONTROL,E_bases_endorsed,primary_E,8,8,0.1,0.1,0.1,0.1,0.0,0.0,0.0,0.0
parse_fail,RENAME_NONCE,PERTURB_CONTROL,all,primary_E,159,159,0.09999999999999998,0.09999999999999998,0.09999999999999998,0.09999999999999998,0.0,0.0,0.0,0.0
parse_fail,RENAME_NONCE,PERTURB_CONTROL,E_bases,primary_E,112,112,0.1,0.1,0.1,0.1,0.0,0.0,0.0,0.0
parse_fail,RENAME_NONCE,PERTURB_CONTROL,E_bases_endorsed,primary_E,92,92,0.09999999999999998,0.09999999999999998,0.09999999999999998,0.09999999999999998,0.0,0.0,0.0,0.0
parse_fail,RENAME_SYN,PERTURB_CONTROL,all,primary_E,141,141,0.09999999999999999,0.09999999999999999,0.09999999999999999,0.09999999999999999,0.0,0.0,0.0,0.0
parse_fail,RENAME_SYN,PERTURB_CONTROL,E_bases,primary_E,88,88,0.09999999999999999,0.09999999999999999,0.09999999999999999,0.09999999999999999,0.0,0.0,0.0,0.0
parse_fail,RENAME_SYN,PERTURB_CONTROL,E_bases_endorsed,primary_E,60,60,0.09999999999999996,0.09999999999999996,0.09999999999999996,0.09999999999999996,0.0,0.0,0.0,0.0
parse_fail,REORDER_COMMUTE,PERTURB_CONTROL,all,primary_E,258,258,0.1,0.1,0.1,0.1,0.0,0.0,0.0,0.0
parse_fail,REORDER_COMMUTE,PERTURB_CONTROL,E_bases,primary_E,158,158,0.09999999999999998,0.09999999999999998,0.09999999999999998,0.09999999999999998,0.0,0.0,0.0,0.0
parse_fail,REORDER_COMMUTE,PERTURB_CONTROL,E_bases_endorsed,primary_E,122,122,0.1,0.1,0.1,0.1,0.0,0.0,0.0,0.0
parse_fail,REORDER_QUANT,PERTURB_CONTROL,all,primary_E,21,21,0.10000000000000002,0.10000000000000002,0.10000000000000002,0.10000000000000002,0.0,0.0,0.0,0.0
parse_fail,REORDER_QUANT,PERTURB_CONTROL,E_bases,primary_E,21,21,0.10000000000000002,0.10000000000000002,0.10000000000000002,0.10000000000000002,0.0,0.0,0.0,0.0
parse_fail,REORDER_QUANT,PERTURB_CONTROL,E_bases_endorsed,primary_E,11,11,0.1,0.1,0.1,0.1,0.0,0.0,0.0,0.0
pilot_joint_conflict,BASE,PERTURB_BASE,all,primary_E,300,300,0.09476135040745054,0.09476135040745054,0.09476135040745054,,,,,
pilot_joint_conflict,BASE,PERTURB_BASE,E_bases,primary_E,200,200,0.09476135040745053,0.09476135040745053,0.09476135040745053,,,,,
pilot_joint_conflict,BASE,PERTURB_BASE,E_bases_endorsed,primary_E,152,152,0.09476135040745053,0.09476135040745053,0.09476135040745053,,,,,
pilot_joint_conflict,CONTRAPOSITIVE,PERTURB_CONTROL,all,primary_E,281,281,0.09476135040745054,0.09476135040745054,0.09476135040745054,0.09476135040745054,0.0,0.0,0.0,0.0
pilot_joint_conflict,CONTRAPOSITIVE,PERTURB_CONTROL,E_bases,primary_E,181,181,0.09476135040745053,0.09476135040745053,0.09476135040745053,0.09476135040745053,0.0,0.0,0.0,0.0
pilot_joint_conflict,CONTRAPOSITIVE,PERTURB_CONTROL,E_bases_endorsed,primary_E,133,133,0.09476135040745054,0.09476135040745054,0.09476135040745054,0.09476135040745054,0.0,0.0,0.0,0.0
pilot_joint_conflict,DEMORGAN,PERTURB_CONTROL,all,primary_E,8,8,0.09476135040745054,0.09476135040745054,0.09476135040745054,0.09476135040745054,0.0,0.0,0.0,0.0
pilot_joint_conflict,DEMORGAN,PERTURB_CONTROL,E_bases,primary_E,8,8,0.09476135040745054,0.09476135040745054,0.09476135040745054,0.09476135040745054,0.0,0.0,0.0,0.0
pilot_joint_conflict,DEMORGAN,PERTURB_CONTROL,E_bases_endorsed,primary_E,8,8,0.09476135040745054,0.09476135040745054,0.09476135040745054,0.09476135040745054,0.0,0.0,0.0,0.0
pilot_joint_conflict,RENAME_NONCE,PERTURB_CONTROL,all,primary_E,159,159,0.09476135040745054,0.09476135040745054,0.09476135040745054,0.09476135040745054,0.0,0.0,0.0,0.0
pilot_joint_conflict,RENAME_NONCE,PERTURB_CONTROL,E_bases,primary_E,112,112,0.09476135040745051,0.09476135040745051,0.09476135040745051,0.09476135040745051,0.0,0.0,0.0,0.0
pilot_joint_conflict,RENAME_NONCE,PERTURB_CONTROL,E_bases_endorsed,primary_E,92,92,0.09476135040745053,0.09476135040745053,0.09476135040745053,0.09476135040745053,0.0,0.0,0.0,0.0
pilot_joint_conflict,RENAME_SYN,PERTURB_CONTROL,all,primary_E,141,141,0.09476135040745054,0.09476135040745054,0.09476135040745054,0.09476135040745054,0.0,0.0,0.0,0.0
pilot_joint_conflict,RENAME_SYN,PERTURB_CONTROL,E_bases,primary_E,88,88,0.09476135040745053,0.09476135040745053,0.09476135040745053,0.09476135040745053,0.0,0.0,0.0,0.0
pilot_joint_conflict,RENAME_SYN,PERTURB_CONTROL,E_bases_endorsed,primary_E,60,60,0.09476135040745055,0.09476135040745055,0.09476135040745055,0.09476135040745055,0.0,0.0,0.0,0.0
pilot_joint_conflict,REORDER_COMMUTE,PERTURB_CONTROL,all,primary_E,258,258,0.09476135040745053,0.09476135040745053,0.09476135040745053,0.09476135040745053,0.0,0.0,0.0,0.0
pilot_joint_conflict,REORDER_COMMUTE,PERTURB_CONTROL,E_bases,primary_E,158,158,0.09476135040745054,0.09476135040745054,0.09476135040745054,0.09476135040745054,0.0,0.0,0.0,0.0
pilot_joint_conflict,REORDER_COMMUTE,PERTURB_CONTROL,E_bases_endorsed,primary_E,122,122,0.09476135040745051,0.09476135040745051,0.09476135040745051,0.09476135040745051,0.0,0.0,0.0,0.0
pilot_joint_conflict,REORDER_QUANT,PERTURB_CONTROL,all,primary_E,21,21,0.09476135040745053,0.09476135040745053,0.09476135040745053,0.09476135040745053,0.0,0.0,0.0,0.0
pilot_joint_conflict,REORDER_QUANT,PERTURB_CONTROL,E_bases,primary_E,21,21,0.09476135040745053,0.09476135040745053,0.09476135040745053,0.09476135040745053,0.0,0.0,0.0,0.0
pilot_joint_conflict,REORDER_QUANT,PERTURB_CONTROL,E_bases_endorsed,primary_E,11,11,0.09476135040745053,0.09476135040745053,0.09476135040745053,0.09476135040745053,0.0,0.0,0.0,0.0
pilot_arity_incons,BASE,PERTURB_BASE,all,primary_E,300,300,0.09791183294663573,0.09791183294663573,0.09791183294663573,,,,,
pilot_arity_incons,BASE,PERTURB_BASE,E_bases,primary_E,200,200,0.09791183294663572,0.09791183294663572,0.09791183294663572,,,,,
pilot_arity_incons,BASE,PERTURB_BASE,E_bases_endorsed,primary_E,152,152,0.09791183294663573,0.09791183294663573,0.09791183294663573,,,,,
pilot_arity_incons,CONTRAPOSITIVE,PERTURB_CONTROL,all,primary_E,281,281,0.09791183294663575,0.09791183294663575,0.09791183294663575,0.09791183294663575,0.0,0.0,0.0,0.0
pilot_arity_incons,CONTRAPOSITIVE,PERTURB_CONTROL,E_bases,primary_E,181,181,0.09791183294663573,0.09791183294663573,0.09791183294663573,0.09791183294663573,0.0,0.0,0.0,0.0
pilot_arity_incons,CONTRAPOSITIVE,PERTURB_CONTROL,E_bases_endorsed,primary_E,133,133,0.09791183294663575,0.09791183294663575,0.09791183294663575,0.09791183294663575,0.0,0.0,0.0,0.0
pilot_arity_incons,DEMORGAN,PERTURB_CONTROL,all,primary_E,8,8,0.09791183294663573,0.09791183294663573,0.09791183294663573,0.09791183294663573,0.0,0.0,0.0,0.0
pilot_arity_incons,DEMORGAN,PERTURB_CONTROL,E_bases,primary_E,8,8,0.09791183294663573,0.09791183294663573,0.09791183294663573,0.09791183294663573,0.0,0.0,0.0,0.0
pilot_arity_incons,DEMORGAN,PERTURB_CONTROL,E_bases_endorsed,primary_E,8,8,0.09791183294663573,0.09791183294663573,0.09791183294663573,0.09791183294663573,0.0,0.0,0.0,0.0
pilot_arity_incons,RENAME_NONCE,PERTURB_CONTROL,all,primary_E,159,159,0.09791183294663575,0.09791183294663575,0.09791183294663575,0.09791183294663575,0.0,0.0,0.0,0.0
pilot_arity_incons,RENAME_NONCE,PERTURB_CONTROL,E_bases,primary_E,112,112,0.09791183294663573,0.09791183294663573,0.09791183294663573,0.09791183294663573,0.0,0.0,0.0,0.0
pilot_arity_incons,RENAME_NONCE,PERTURB_CONTROL,E_bases_endorsed,primary_E,92,92,0.09791183294663573,0.09791183294663573,0.09791183294663573,0.09791183294663573,0.0,0.0,0.0,0.0
pilot_arity_incons,RENAME_SYN,PERTURB_CONTROL,all,primary_E,141,141,0.09791183294663575,0.09791183294663575,0.09791183294663575,0.09791183294663575,0.0,0.0,0.0,0.0
pilot_arity_incons,RENAME_SYN,PERTURB_CONTROL,E_bases,primary_E,88,88,0.09791183294663573,0.09791183294663573,0.09791183294663573,0.09791183294663573,0.0,0.0,0.0,0.0
pilot_arity_incons,RENAME_SYN,PERTURB_CONTROL,E_bases_endorsed,primary_E,60,60,0.09791183294663575,0.09791183294663575,0.09791183294663575,0.09791183294663575,0.0,0.0,0.0,0.0
pilot_arity_incons,REORDER_COMMUTE,PERTURB_CONTROL,all,primary_E,258,258,0.09791183294663573,0.09791183294663573,0.09791183294663573,0.09791183294663573,0.0,0.0,0.0,0.0
pilot_arity_incons,REORDER_COMMUTE,PERTURB_CONTROL,E_bases,primary_E,158,158,0.09791183294663575,0.09791183294663575,0.09791183294663575,0.09791183294663575,0.0,0.0,0.0,0.0
pilot_arity_incons,REORDER_COMMUTE,PERTURB_CONTROL,E_bases_endorsed,primary_E,122,122,0.09791183294663573,0.09791183294663573,0.09791183294663573,0.09791183294663573,0.0,0.0,0.0,0.0
pilot_arity_incons,REORDER_QUANT,PERTURB_CONTROL,all,primary_E,21,21,0.09791183294663573,0.09791183294663573,0.09791183294663573,0.09791183294663573,0.0,0.0,0.0,0.0
pilot_arity_incons,REORDER_QUANT,PERTURB_CONTROL,E_bases,primary_E,21,21,0.09791183294663573,0.09791183294663573,0.09791183294663573,0.09791183294663573,0.0,0.0,0.0,0.0
pilot_arity_incons,REORDER_QUANT,PERTURB_CONTROL,E_bases_endorsed,primary_E,11,11,0.09791183294663573,0.09791183294663573,0.09791183294663573,0.09791183294663573,0.0,0.0,0.0,0.0
pilot_shape_incons,BASE,PERTURB_BASE,all,primary_E,300,300,0.1055774647887324,0.09340845070422533,0.12078873239436617,,,,,
pilot_shape_incons,BASE,PERTURB_BASE,E_bases,primary_E,200,200,0.11470422535211267,0.0964507042253521,0.13752112676056336,,,,,
pilot_shape_incons,BASE,PERTURB_BASE,E_bases_endorsed,primary_E,152,152,0.12335063009636765,0.09933283914010377,0.15337286879169754,,,,,
pilot_shape_incons,CONTRAPOSITIVE,PERTURB_CONTROL,all,primary_E,281,281,0.09706781614956644,0.08732394366197183,0.11005964613302589,0.10031577364543132,0.003247957495864869,0.0,0.009743872487594606,0.9126760563380282
pilot_shape_incons,CONTRAPOSITIVE,PERTURB_CONTROL,E_bases,primary_E,181,181,0.1024511711150883,0.08732394366197183,0.12262080771924361,0.10749358026612711,0.005042409151038829,0.0,0.015127227453116489,0.9126760563380282
pilot_shape_incons,CONTRAPOSITIVE,PERTURB_CONTROL,E_bases_endorsed,primary_E,133,133,0.10791062162448375,0.08732394366197183,0.13535952557449957,0.11477284761198771,0.006862225987503971,0.0,0.02058667796251191,0.9126760563380282
pilot_shape_incons,DEMORGAN,PERTURB_CONTROL,all,primary_E,8,8,0.20140845070422533,0.08732394366197183,0.4295774647887324,0.20140845070422533,0.0,0.0,0.0,0.0
pilot_shape_incons,DEMORGAN,PERTURB_CONTROL,E_bases,primary_E,8,8,0.20140845070422533,0.08732394366197183,0.4295774647887324,0.20140845070422533,0.0,0.0,0.0,0.0
pilot_shape_incons,DEMORGAN,PERTURB_CONTROL,E_bases_endorsed,primary_E,8,8,0.20140845070422533,0.08732394366197183,0.4295774647887324,0.20140845070422533,0.0,0.0,0.0,0.0
pilot_shape_incons,RENAME_NONCE,PERTURB_CONTROL,all,primary_E,159,159,0.08732394366197184,0.08732394366197184,0.08732394366197184,0.11028434759500393,0.022960403933032156,0.005740100983258039,0.04592080786606431,3.6507042253521127
pilot_shape_incons,RENAME_NONCE,PERTURB_CONTROL,E_bases,primary_E,112,112,0.08732394366197181,0.08732394366197181,0.08732394366197181,0.11991951710261564,0.032595573440643864,0.008148893360160966,0.06519114688128773,3.6507042253521127
pilot_shape_incons,RENAME_NONCE,PERTURB_CONTROL,E_bases_endorsed,primary_E,92,92,0.08732394366197183,0.08732394366197183,0.08732394366197183,0.12700551132884258,0.03968156766687079,0.009920391916717697,0.07936313533374158,3.6507042253521127
pilot_shape_incons,RENAME_SYN,PERTURB_CONTROL,all,primary_E,141,141,0.08732394366197184,0.08732394366197184,0.08732394366197184,0.10026970332634103,0.012945759664369194,0.0,0.032364399160922985,1.8253521126760563
pilot_shape_incons,RENAME_SYN,PERTURB_CONTROL,E_bases,primary_E,88,88,0.08732394366197183,0.08732394366197183,0.08732394366197183,0.1080665813060179,0.020742637644046096,0.0,0.051856594110115235,1.8253521126760563
pilot_shape_incons,RENAME_SYN,PERTURB_CONTROL,E_bases_endorsed,primary_E,60,60,0.08732394366197185,0.08732394366197185,0.08732394366197185,0.11774647887323945,0.030422535211267605,0.0,0.07605633802816901,1.8253521126760563
pilot_shape_incons,REORDER_COMMUTE,PERTURB_CONTROL,all,primary_E,258,258,0.09793645594497213,0.08732394366197183,0.1120864723223059,0.10147396003930557,0.0035375040943334424,0.0,0.010612512283000327,0.9126760563380282
pilot_shape_incons,REORDER_COMMUTE,PERTURB_CONTROL,E_bases,primary_E,158,158,0.10465323587092172,0.08732394366197184,0.12775895881618823,0.11042966660723834,0.005776430736316634,0.0,0.017329292208949902,0.9126760563380282
pilot_shape_incons,REORDER_COMMUTE,PERTURB_CONTROL,E_bases_endorsed,primary_E,122,122,0.10976679750634952,0.0873239436619718,0.1396906026321865,0.11724774878780878,0.007480951281459247,0.0,0.02244285384437774,0.9126760563380282
pilot_shape_incons,REORDER_QUANT,PERTURB_CONTROL,all,primary_E,21,21,0.13078470824949695,0.0873239436619718,0.21770623742454737,0.13078470824949695,0.0,0.0,0.0,0.0
pilot_shape_incons,REORDER_QUANT,PERTURB_CONTROL,E_bases,primary_E,21,21,0.13078470824949695,0.0873239436619718,0.21770623742454737,0.13078470824949695,0.0,0.0,0.0,0.0
pilot_shape_incons,REORDER_QUANT,PERTURB_CONTROL,E_bases_endorsed,primary_E,11,11,0.1702944942381562,0.08732394366197183,0.33623559539052494,0.1702944942381562,0.0,0.0,0.0,0.0
pilot_dangling,BASE,PERTURB_BASE,all,primary_E,300,300,0.1011336898395722,0.09342032085561498,0.10934759358288773,,,,,
pilot_dangling,BASE,PERTURB_BASE,E_bases,primary_E,200,200,0.11704812834224601,0.10857754010695189,0.12628877005347594,,,,,
pilot_dangling,BASE,PERTURB_BASE,E_bases_endorsed,primary_E,152,152,0.11550802139037435,0.10436251055446104,0.12564030396847736,,,,,
pilot_dangling,CONTRAPOSITIVE,PERTURB_CONTROL,all,primary_E,281,281,0.09920261860810323,0.09043332635545322,0.1074238300949626,0.0986545378423126,0.0005480807657906256,0.0,0.0016442422973718767,0.15401069518716579
pilot_dangling,CONTRAPOSITIVE,PERTURB_CONTROL,E_bases,primary_E,181,181,0.11572074334505274,0.10551008952048928,0.12508050935090262,0.11486985552633915,0.0008508878187136231,0.0,0.002552663456140869,0.15401069518716579
pilot_dangling,CONTRAPOSITIVE,PERTURB_CONTROL,E_bases_endorsed,primary_E,133,133,0.11348156487475373,0.10074383820513853,0.12506131639258575,0.11232358972297055,0.0011579751517832013,0.0,0.003473925455349604,0.15401069518716579
pilot_dangling,DEMORGAN,PERTURB_CONTROL,all,primary_E,8,8,0.13475935828877006,0.0962566844919786,0.15401069518716579,0.13475935828877006,0.0,0.0,0.0,0.0
pilot_dangling,DEMORGAN,PERTURB_CONTROL,E_bases,primary_E,8,8,0.13475935828877006,0.0962566844919786,0.15401069518716579,0.13475935828877006,0.0,0.0,0.0,0.0
pilot_dangling,DEMORGAN,PERTURB_CONTROL,E_bases_endorsed,primary_E,8,8,0.13475935828877006,0.0962566844919786,0.15401069518716579,0.13475935828877006,0.0,0.0,0.0,0.0
pilot_dangling,RENAME_NONCE,PERTURB_CONTROL,all,primary_E,159,159,0.11429724548481485,0.10364241751589144,0.12495207345373827,0.10267379679144387,0.011623448693371003,0.005811724346685501,0.018403793764504083,1.8481283422459893
pilot_dangling,RENAME_NONCE,PERTURB_CONTROL,E_bases,primary_E,112,112,0.12375859434682966,0.11138273491214669,0.13338426279602753,0.11275783040488925,0.011000763941940413,0.004125286478227655,0.019251336898395723,1.2320855614973263
pilot_dangling,RENAME_NONCE,PERTURB_CONTROL,E_bases_endorsed,primary_E,92,92,0.11885607998139969,0.10546384561729832,0.130616135782376,0.10713787491281099,0.011718205068588701,0.005022087886538015,0.02008835154615206,1.0780748663101605
pilot_dangling,RENAME_SYN,PERTURB_CONTROL,all,primary_E,141,141,0.10595062009329845,0.09393560131983161,0.11687336443281378,0.09939697348958927,0.006553646603709182,0.0021845488679030607,0.012015018773466835,0.9240641711229947
pilot_dangling,RENAME_SYN,PERTURB_CONTROL,E_bases,primary_E,88,88,0.13125911521633446,0.11900826446280992,0.14175984443364123,0.1225085075352455,0.008750607681088965,0.001750121536217793,0.017501215362177927,0.770053475935829
pilot_dangling,RENAME_SYN,PERTURB_CONTROL,E_bases_endorsed,primary_E,60,60,0.13860962566844923,0.12577540106951876,0.1488770053475936,0.12834224598930483,0.010267379679144385,0.0025668449197860962,0.02053475935828877,0.6160427807486631
pilot_dangling,REORDER_COMMUTE,PERTURB_CONTROL,all,primary_E,258,258,0.09789827135928368,0.08894416117398334,0.10685238154458401,0.09670439000124365,0.0011938813580400448,0.0,0.0029847033951001124,0.30802139037433157
pilot_dangling,REORDER_COMMUTE,PERTURB_CONTROL,E_bases,primary_E,158,158,0.11502064577269344,0.10429838218371354,0.12574290936167334,0.11404589453733165,0.0009747512353618088,0.0,0.002924253706085426,0.15401069518716579
pilot_dangling,REORDER_COMMUTE,PERTURB_CONTROL,E_bases_endorsed,primary_E,122,122,0.11487683001665645,0.1022530025422986,0.12623827474357852,0.11361444726922067,0.0012623827474357852,0.0,0.0037871482423073553,0.15401069518716579
pilot_dangling,REORDER_QUANT,PERTURB_CONTROL,all,primary_E,21,21,0.12467532467532465,0.09533995416348356,0.14667685255920548,0.12467532467532465,0.0,0.0,0.0,0.0
pilot_dangling,REORDER_QUANT,PERTURB_CONTROL,E_bases,primary_E,21,21,0.12467532467532465,0.09533995416348356,0.14667685255920548,0.12467532467532465,0.0,0.0,0.0,0.0
pilot_dangling,REORDER_QUANT,PERTURB_CONTROL,E_bases_endorsed,primary_E,11,11,0.11200777831793875,0.07000486144871172,0.15401069518716579,0.11200777831793875,0.0,0.0,0.0,0.0
l2_bow,BASE,PERTURB_BASE,all,primary_E,300,300,0.1776231884057971,0.1364057971014493,0.21885507246376806,,,,,
l2_bow,BASE,PERTURB_BASE,E_bases,primary_E,200,200,0.16095652173913044,0.11095652173913045,0.21414239130434778,,,,,
l2_bow,BASE,PERTURB_BASE,E_bases_endorsed,primary_E,152,152,0.14536613272311213,0.09450800915331808,0.19977116704805492,,,,,
l2_bow,CONTRAPOSITIVE,PERTURB_CONTROL,all,primary_E,281,281,0.1789571406467585,0.1343253906854402,0.22330883490639022,0.1789571406467585,0.0,0.0,0.0,0.0
l2_bow,CONTRAPOSITIVE,PERTURB_CONTROL,E_bases,primary_E,181,181,0.1612779245736248,0.11154095604131638,0.21450876771558974,0.1612779245736248,0.0,0.0,0.0,0.0
l2_bow,CONTRAPOSITIVE,PERTURB_CONTROL,E_bases_endorsed,primary_E,133,133,0.14357633213468454,0.08819875776397516,0.20098071265119322,0.14357633213468454,0.0,0.0,0.0,0.0
l2_bow,DEMORGAN,PERTURB_CONTROL,all,primary_E,8,8,0.25,0.0,0.625,0.25,0.0,0.0,0.0,0.0
l2_bow,DEMORGAN,PERTURB_CONTROL,E_bases,primary_E,8,8,0.25,0.0,0.625,0.25,0.0,0.0,0.0,0.0
l2_bow,DEMORGAN,PERTURB_CONTROL,E_bases_endorsed,primary_E,8,8,0.25,0.0,0.625,0.25,0.0,0.0,0.0,0.0
l2_bow,RENAME_NONCE,PERTURB_CONTROL,all,primary_E,159,159,1.0,1.0,1.0,0.18129614438063987,0.8187038556193601,0.7591741864916598,0.8776045939294503,130.17391304347825
l2_bow,RENAME_NONCE,PERTURB_CONTROL,E_bases,primary_E,112,112,1.0,1.0,1.0,0.14371118012422363,0.8562888198757764,0.790527950310559,0.9179561335403725,95.90434782608696
l2_bow,RENAME_NONCE,PERTURB_CONTROL,E_bases_endorsed,primary_E,92,92,1.0,1.0,1.0,0.12353497164461248,0.8764650283553874,0.8112476370510396,0.9377126654064272,80.63478260869564
l2_bow,RENAME_SYN,PERTURB_CONTROL,all,primary_E,141,141,0.1734813444341659,0.11862473018809745,0.23541628122109154,0.1734813444341659,0.0,0.0,0.0,0.0
l2_bow,RENAME_SYN,PERTURB_CONTROL,E_bases,primary_E,88,88,0.18290513833992098,0.10642292490118578,0.266600790513834,0.18290513833992098,0.0,0.0,0.0,0.0
l2_bow,RENAME_SYN,PERTURB_CONTROL,E_bases_endorsed,primary_E,60,60,0.17884057971014494,0.08492753623188408,0.2849275362318841,0.17884057971014494,0.0,0.0,0.0,0.0
l2_bow,REORDER_COMMUTE,PERTURB_CONTROL,all,primary_E,258,258,0.18574317492416584,0.14168267610380858,0.23576002696326256,0.18574317492416584,0.0,0.0,0.0,0.0
l2_bow,REORDER_COMMUTE,PERTURB_CONTROL,E_bases,primary_E,158,158,0.16978536048431483,0.11513483764446893,0.22674738580077053,0.16978536048431483,0.0,0.0,0.0,0.0
l2_bow,REORDER_COMMUTE,PERTURB_CONTROL,E_bases_endorsed,primary_E,122,122,0.14832501781895938,0.08652886671418389,0.2109248039914468,0.14832501781895938,0.0,0.0,0.0,0.0
l2_bow,REORDER_QUANT,PERTURB_CONTROL,all,primary_E,21,21,0.16024844720496895,0.017391304347826094,0.3204968944099379,0.16024844720496895,0.0,0.0,0.0,0.0
l2_bow,REORDER_QUANT,PERTURB_CONTROL,E_bases,primary_E,21,21,0.16024844720496895,0.017391304347826094,0.3204968944099379,0.16024844720496895,0.0,0.0,0.0,0.0
l2_bow,REORDER_QUANT,PERTURB_CONTROL,E_bases_endorsed,primary_E,11,11,0.2727272727272727,0.08863636363636376,0.5454545454545454,0.2727272727272727,0.0,0.0,0.0,0.0
l3_z3,BASE,PERTURB_BASE,all,primary_E,200,200,0.07100000000000001,0.037000000000000026,0.10650000000000003,,,,,
l3_z3,BASE,PERTURB_BASE,E_bases,primary_E,200,200,0.07100000000000001,0.037000000000000026,0.10650000000000003,,,,,
l3_z3,BASE,PERTURB_BASE,E_bases_endorsed,primary_E,152,152,0.08026315789473686,0.04013157894736843,0.1256578947368421,,,,,
l3_z3,CONTRAPOSITIVE,PERTURB_CONTROL,all,primary_E,181,181,0.05635359116022101,0.027624309392265192,0.09060773480662987,0.06187845303867405,0.0055248618784530384,0.0,0.016574585635359115,1.0
l3_z3,CONTRAPOSITIVE,PERTURB_CONTROL,E_bases,primary_E,181,181,0.05635359116022101,0.027624309392265192,0.09060773480662987,0.06187845303867405,0.0055248618784530384,0.0,0.016574585635359115,1.0
l3_z3,CONTRAPOSITIVE,PERTURB_CONTROL,E_bases_endorsed,primary_E,133,133,0.061654135338345885,0.024060150375939872,0.10751879699248124,0.0691729323308271,0.007518796992481203,0.0,0.022556390977443608,1.0
l3_z3,DEMORGAN,PERTURB_CONTROL,all,primary_E,8,8,0.0,0.0,0.0,0.375,0.375,0.125,0.75,3.0
l3_z3,DEMORGAN,PERTURB_CONTROL,E_bases,primary_E,8,8,0.0,0.0,0.0,0.375,0.375,0.125,0.75,3.0
l3_z3,DEMORGAN,PERTURB_CONTROL,E_bases_endorsed,primary_E,8,8,0.0,0.0,0.0,0.375,0.375,0.125,0.75,3.0
l3_z3,RENAME_NONCE,PERTURB_CONTROL,all,primary_E,112,112,0.3848214285714286,0.29642857142857143,0.4732142857142857,0.10892857142857146,0.2758928571428571,0.19553571428571428,0.35714285714285715,30.9
l3_z3,RENAME_NONCE,PERTURB_CONTROL,E_bases,primary_E,112,112,0.3848214285714286,0.29642857142857143,0.4732142857142857,0.10892857142857146,0.2758928571428571,0.19553571428571428,0.35714285714285715,30.9
l3_z3,RENAME_NONCE,PERTURB_CONTROL,E_bases_endorsed,primary_E,92,92,0.4032608695652174,0.30434782608695654,0.5108695652173914,0.12173913043478264,0.28152173913043477,0.19456521739130433,0.3793478260869565,25.9
l3_z3,RENAME_SYN,PERTURB_CONTROL,all,primary_E,88,88,0.022727272727272728,0.0,0.056818181818181816,0.022727272727272728,0.0,0.0,0.0,0.0
l3_z3,RENAME_SYN,PERTURB_CONTROL,E_bases,primary_E,88,88,0.022727272727272728,0.0,0.056818181818181816,0.022727272727272728,0.0,0.0,0.0,0.0
l3_z3,RENAME_SYN,PERTURB_CONTROL,E_bases_endorsed,primary_E,60,60,0.016666666666666666,0.0,0.05,0.016666666666666666,0.0,0.0,0.0,0.0
l3_z3,REORDER_COMMUTE,PERTURB_CONTROL,all,primary_E,158,158,0.07658227848101266,0.03860759493670887,0.11583860759493664,0.0708860759493671,0.0069620253164557055,0.0,0.020253164556962043,1.1000000000000014
l3_z3,REORDER_COMMUTE,PERTURB_CONTROL,E_bases,primary_E,158,158,0.07658227848101266,0.03860759493670887,0.11583860759493664,0.0708860759493671,0.0069620253164557055,0.0,0.020253164556962043,1.1000000000000014
l3_z3,REORDER_COMMUTE,PERTURB_CONTROL,E_bases_endorsed,primary_E,122,122,0.08278688524590165,0.034426229508196744,0.13278688524590165,0.08360655737704921,0.0008196721311475533,0.0,0.0024590163934426596,0.1000000000000015
l3_z3,REORDER_QUANT,PERTURB_CONTROL,all,primary_E,21,21,0.09523809523809523,0.0,0.23809523809523808,0.09523809523809523,0.0,0.0,0.0,0.0
l3_z3,REORDER_QUANT,PERTURB_CONTROL,E_bases,primary_E,21,21,0.09523809523809523,0.0,0.23809523809523808,0.09523809523809523,0.0,0.0,0.0,0.0
l3_z3,REORDER_QUANT,PERTURB_CONTROL,E_bases_endorsed,primary_E,11,11,0.09090909090909091,0.0,0.2727272727272727,0.09090909090909091,0.0,0.0,0.0,0.0
p_peer_text,BASE,PERTURB_BASE,all,primary_E,300,300,0.13,0.09333333333333334,0.17,,,,,
p_peer_text,BASE,PERTURB_BASE,E_bases,primary_E,200,200,0.16,0.11,0.21,,,,,
p_peer_text,BASE,PERTURB_BASE,E_bases_endorsed,primary_E,152,152,0.07894736842105263,0.039473684210526314,0.125,,,,,
p_peer_text,CONTRAPOSITIVE,PERTURB_CONTROL,all,primary_E,281,281,0.12811387900355872,0.08896797153024912,0.1708185053380783,0.12811387900355872,0.0,0.0,0.0,0.0
p_peer_text,CONTRAPOSITIVE,PERTURB_CONTROL,E_bases,primary_E,181,181,0.16022099447513813,0.11049723756906077,0.2154696132596685,0.16022099447513813,0.0,0.0,0.0,0.0
p_peer_text,CONTRAPOSITIVE,PERTURB_CONTROL,E_bases_endorsed,primary_E,133,133,0.06766917293233082,0.03007518796992481,0.11278195488721804,0.06766917293233082,0.0,0.0,0.0,0.0
p_peer_text,DEMORGAN,PERTURB_CONTROL,all,primary_E,8,8,0.25,0.0,0.625,0.25,0.0,0.0,0.0,0.0
p_peer_text,DEMORGAN,PERTURB_CONTROL,E_bases,primary_E,8,8,0.25,0.0,0.625,0.25,0.0,0.0,0.0,0.0
p_peer_text,DEMORGAN,PERTURB_CONTROL,E_bases_endorsed,primary_E,8,8,0.25,0.0,0.625,0.25,0.0,0.0,0.0,0.0
p_peer_text,RENAME_NONCE,PERTURB_CONTROL,all,primary_E,159,159,1.0,1.0,1.0,0.1509433962264151,0.8490566037735849,0.7924528301886793,0.9056603773584906,135.0
p_peer_text,RENAME_NONCE,PERTURB_CONTROL,E_bases,primary_E,112,112,1.0,1.0,1.0,0.17857142857142858,0.8214285714285714,0.75,0.8928571428571429,92.0
p_peer_text,RENAME_NONCE,PERTURB_CONTROL,E_bases_endorsed,primary_E,92,92,1.0,1.0,1.0,0.09782608695652174,0.9021739130434783,0.8369565217391305,0.9565217391304348,83.0
p_peer_text,RENAME_SYN,PERTURB_CONTROL,all,primary_E,141,141,0.15602836879432624,0.09929078014184398,0.2198581560283688,0.10638297872340426,0.04964539007092199,0.014184397163120567,0.0851063829787234,7.0
p_peer_text,RENAME_SYN,PERTURB_CONTROL,E_bases,primary_E,88,88,0.2159090909090909,0.13636363636363635,0.3068181818181818,0.13636363636363635,0.07954545454545454,0.03409090909090909,0.14772727272727273,7.0
p_peer_text,RENAME_SYN,PERTURB_CONTROL,E_bases_endorsed,primary_E,60,60,0.16666666666666666,0.08333333333333333,0.26666666666666666,0.05,0.11666666666666667,0.05,0.2,7.0
p_peer_text,REORDER_COMMUTE,PERTURB_CONTROL,all,primary_E,258,258,0.12790697674418605,0.08914728682170543,0.17054263565891473,0.12403100775193798,0.003875968992248062,0.0,0.011627906976744186,1.0
p_peer_text,REORDER_COMMUTE,PERTURB_CONTROL,E_bases,primary_E,158,158,0.16455696202531644,0.10759493670886076,0.22151898734177214,0.15822784810126583,0.006329113924050633,0.0,0.0189873417721519,1.0
p_peer_text,REORDER_COMMUTE,PERTURB_CONTROL,E_bases_endorsed,primary_E,122,122,0.09016393442622951,0.040983606557377046,0.14754098360655737,0.08196721311475409,0.00819672131147541,0.0,0.02459016393442623,1.0
p_peer_text,REORDER_QUANT,PERTURB_CONTROL,all,primary_E,21,21,0.23809523809523808,0.047619047619047616,0.42857142857142855,0.23809523809523808,0.0,0.0,0.0,0.0
p_peer_text,REORDER_QUANT,PERTURB_CONTROL,E_bases,primary_E,21,21,0.23809523809523808,0.047619047619047616,0.42857142857142855,0.23809523809523808,0.0,0.0,0.0,0.0
p_peer_text,REORDER_QUANT,PERTURB_CONTROL,E_bases_endorsed,primary_E,11,11,0.09090909090909091,0.0,0.2727272727272727,0.09090909090909091,0.0,0.0,0.0,0.0
p_text,BASE,PERTURB_BASE,all,primary_E,300,300,0.11724324324324324,0.08149549549549549,0.1551243243243243,,,,,
p_text,BASE,PERTURB_BASE,E_bases,primary_E,200,200,0.09086486486486488,0.05540878378378378,0.13086486486486487,,,,,
p_text,BASE,PERTURB_BASE,E_bases_endorsed,primary_E,152,152,0.08008534850640114,0.04242532005689901,0.12432432432432435,,,,,
p_text,CONTRAPOSITIVE,PERTURB_CONTROL,all,primary_E,281,281,0.11062806578820814,0.0750408771761085,0.14750408771761087,0.1141867846494181,0.0035587188612099642,0.0,0.010676156583629894,1.0
p_text,CONTRAPOSITIVE,PERTURB_CONTROL,E_bases,primary_E,181,181,0.07782589219053308,0.04267582499626699,0.1185008212632522,0.08335075406898612,0.0055248618784530384,0.0,0.016574585635359115,1.0
p_text,CONTRAPOSITIVE,PERTURB_CONTROL,E_bases_endorsed,primary_E,133,133,0.06080065027433449,0.025929689087583828,0.10180349522454767,0.0683194472668157,0.007518796992481203,0.0,0.022556390977443608,1.0
p_text,DEMORGAN,PERTURB_CONTROL,all,primary_E,8,8,0.25,0.0,0.625,0.3858108108108108,0.1358108108108108,0.04527027027027027,0.2716216216216216,1.0864864864864865
p_text,DEMORGAN,PERTURB_CONTROL,E_bases,primary_E,8,8,0.25,0.0,0.625,0.3858108108108108,0.1358108108108108,0.04527027027027027,0.2716216216216216,1.0864864864864865
p_text,DEMORGAN,PERTURB_CONTROL,E_bases_endorsed,primary_E,8,8,0.25,0.0,0.625,0.3858108108108108,0.1358108108108108,0.04527027027027027,0.2716216216216216,1.0864864864864865
p_text,RENAME_NONCE,PERTURB_CONTROL,all,primary_E,159,159,1.0,1.0,1.0,0.14574196838347783,0.8542580316165223,0.7976542580316165,0.9028684344722078,135.82702702702704
p_text,RENAME_NONCE,PERTURB_CONTROL,E_bases,primary_E,112,112,1.0,1.0,1.0,0.10868725868725869,0.8913127413127413,0.834507722007722,0.9416505791505791,99.82702702702703
p_text,RENAME_NONCE,PERTURB_CONTROL,E_bases_endorsed,primary_E,92,92,1.0,1.0,1.0,0.09970622796709754,0.9002937720329025,0.8410179200940071,0.9516686251468859,82.82702702702703
p_text,RENAME_SYN,PERTURB_CONTROL,all,primary_E,141,141,0.0851063829787234,0.0425531914893617,0.1276595744680851,0.0851063829787234,0.0,0.0,0.0,0.0
p_text,RENAME_SYN,PERTURB_CONTROL,E_bases,primary_E,88,88,0.06818181818181818,0.022727272727272728,0.125,0.06818181818181818,0.0,0.0,0.0,0.0
p_text,RENAME_SYN,PERTURB_CONTROL,E_bases_endorsed,primary_E,60,60,0.05,0.0,0.11666666666666667,0.05,0.0,0.0,0.0,0.0
p_text,REORDER_COMMUTE,PERTURB_CONTROL,all,primary_E,258,258,0.11942174732872408,0.08206578671694952,0.1617305677770794,0.11942174732872408,0.0,0.0,0.0,0.0
p_text,REORDER_COMMUTE,PERTURB_CONTROL,E_bases,primary_E,158,158,0.08741019500513171,0.04656602805336983,0.13226137529935,0.08741019500513171,0.0,0.0,0.0,0.0
p_text,REORDER_COMMUTE,PERTURB_CONTROL,E_bases_endorsed,primary_E,122,122,0.08861320336730173,0.04466105449712007,0.13710234824988915,0.08861320336730173,0.0,0.0,0.0,0.0
p_text,REORDER_QUANT,PERTURB_CONTROL,all,primary_E,21,21,0.14285714285714285,0.0,0.2857142857142857,0.14285714285714285,0.0,0.0,0.0,0.0
p_text,REORDER_QUANT,PERTURB_CONTROL,E_bases,primary_E,21,21,0.14285714285714285,0.0,0.2857142857142857,0.14285714285714285,0.0,0.0,0.0,0.0
p_text,REORDER_QUANT,PERTURB_CONTROL,E_bases_endorsed,primary_E,11,11,0.09090909090909091,0.0,0.2727272727272727,0.09090909090909091,0.0,0.0,0.0,0.0
sc5_local_eq_frac,BASE,PERTURB_BASE,all,primary_E,200,200,0.13652830188679244,0.12226415094339621,0.14977358490566037,,,,,
sc5_local_eq_frac,BASE,PERTURB_BASE,E_bases,primary_E,200,200,0.13652830188679244,0.12226415094339621,0.14977358490566037,,,,,
sc5_local_eq_frac,BASE,PERTURB_BASE,E_bases_endorsed,primary_E,152,152,0.12065541211519366,0.10322740814299902,0.13674280039721945,,,,,
sc5_local_eq_frac,CONTRAPOSITIVE,PERTURB_CONTROL,all,primary_E,181,181,0.14072761388512456,0.1272177629521526,0.15423746481809653,0.14185343479620555,0.0011258209110809967,0.0,0.00337746273324299,0.2037735849056604
sc5_local_eq_frac,CONTRAPOSITIVE,PERTURB_CONTROL,E_bases,primary_E,181,181,0.14072761388512456,0.1272177629521526,0.15423746481809653,0.14185343479620555,0.0011258209110809967,0.0,0.00337746273324299,0.2037735849056604
sc5_local_eq_frac,CONTRAPOSITIVE,PERTURB_CONTROL,E_bases_endorsed,primary_E,133,133,0.12410270960419915,0.10724925521350546,0.14095616399489289,0.12563484182153495,0.0015321322173357924,0.0,0.004596396652007378,0.2037735849056604
sc5_local_eq_frac,DEMORGAN,PERTURB_CONTROL,all,primary_E,8,8,0.1018867924528302,0.02547169811320755,0.17830188679245285,0.1018867924528302,0.0,0.0,0.0,0.0
sc5_local_eq_frac,DEMORGAN,PERTURB_CONTROL,E_bases,primary_E,8,8,0.1018867924528302,0.02547169811320755,0.17830188679245285,0.1018867924528302,0.0,0.0,0.0,0.0
sc5_local_eq_frac,DEMORGAN,PERTURB_CONTROL,E_bases_endorsed,primary_E,8,8,0.1018867924528302,0.02547169811320755,0.17830188679245285,0.1018867924528302,0.0,0.0,0.0,0.0
sc5_local_eq_frac,RENAME_NONCE,PERTURB_CONTROL,all,primary_E,112,112,0.20377358490566036,0.20377358490566036,0.20377358490566036,0.13099730458221023,0.07277628032345014,0.0545822102425876,0.09097035040431266,8.150943396226415
sc5_local_eq_frac,RENAME_NONCE,PERTURB_CONTROL,E_bases,primary_E,112,112,0.20377358490566036,0.20377358490566036,0.20377358490566036,0.13099730458221023,0.07277628032345014,0.0545822102425876,0.09097035040431266,8.150943396226415
sc5_local_eq_frac,RENAME_NONCE,PERTURB_CONTROL,E_bases_endorsed,primary_E,92,92,0.20377358490566042,0.20377358490566042,0.20377358490566042,0.11739130434782608,0.0863822805578343,0.06644790812141099,0.10631665299425759,7.947169811320755
sc5_local_eq_frac,RENAME_SYN,PERTURB_CONTROL,all,primary_E,88,88,0.18756432246998286,0.1759862778730703,0.19914236706689536,0.14356775300171523,0.043996569468267584,0.027787307032590056,0.06252144082332763,3.871698113207547
sc5_local_eq_frac,RENAME_SYN,PERTURB_CONTROL,E_bases,primary_E,88,88,0.18756432246998286,0.1759862778730703,0.19914236706689536,0.14356775300171523,0.043996569468267584,0.027787307032590056,0.06252144082332763,3.871698113207547
sc5_local_eq_frac,RENAME_SYN,PERTURB_CONTROL,E_bases_endorsed,primary_E,60,60,0.17999999999999997,0.16301886792452827,0.19358490566037734,0.1256603773584906,0.05433962264150945,0.03056603773584906,0.07811320754716983,3.2603773584905666
sc5_local_eq_frac,REORDER_COMMUTE,PERTURB_CONTROL,all,primary_E,158,158,0.13799856699307378,0.12252209219011224,0.1521853355624552,0.13799856699307378,0.0,0.0,0.0,0.0
sc5_local_eq_frac,REORDER_COMMUTE,PERTURB_CONTROL,E_bases,primary_E,158,158,0.13799856699307378,0.12252209219011224,0.1521853355624552,0.13799856699307378,0.0,0.0,0.0,0.0
sc5_local_eq_frac,REORDER_COMMUTE,PERTURB_CONTROL,E_bases_endorsed,primary_E,122,122,0.12527064645839775,0.10689761831116609,0.14364367460562946,0.12527064645839775,0.0,0.0,0.0,0.0
sc5_local_eq_frac,REORDER_QUANT,PERTURB_CONTROL,all,primary_E,21,21,0.18436657681940702,0.15525606469002695,0.2037735849056604,0.18436657681940702,0.0,0.0,0.0,0.0
sc5_local_eq_frac,REORDER_QUANT,PERTURB_CONTROL,E_bases,primary_E,21,21,0.18436657681940702,0.15525606469002695,0.2037735849056604,0.18436657681940702,0.0,0.0,0.0,0.0
sc5_local_eq_frac,REORDER_QUANT,PERTURB_CONTROL,E_bases_endorsed,primary_E,11,11,0.16672384219554032,0.11114922813036023,0.20377358490566036,0.16672384219554032,0.0,0.0,0.0,0.0
sc5_local_entropy,BASE,PERTURB_BASE,all,primary_E,200,200,0.18450561797752812,0.13238707865168542,0.23556179775280903,,,,,
sc5_local_entropy,BASE,PERTURB_BASE,E_bases,primary_E,200,200,0.18450561797752812,0.13238707865168542,0.23556179775280903,,,,,
sc5_local_entropy,BASE,PERTURB_BASE,E_bases_endorsed,primary_E,152,152,0.1596540508574808,0.105307510348906,0.21888194855115312,,,,,
sc5_local_entropy,CONTRAPOSITIVE,PERTURB_CONTROL,all,primary_E,181,181,0.1861319759140853,0.1358246942702837,0.24196411943633997,0.1861319759140853,0.0,0.0,0.0,0.0
sc5_local_entropy,CONTRAPOSITIVE,PERTURB_CONTROL,E_bases,primary_E,181,181,0.1861319759140853,0.1358246942702837,0.24196411943633997,0.1861319759140853,0.0,0.0,0.0,0.0
sc5_local_entropy,CONTRAPOSITIVE,PERTURB_CONTROL,E_bases_endorsed,primary_E,133,133,0.15831714116752557,0.1033032018247867,0.2232322378981161,0.15831714116752557,0.0,0.0,0.0,0.0
sc5_local_entropy,DEMORGAN,PERTURB_CONTROL,all,primary_E,8,8,0.26320224719101126,0.0,0.5264044943820225,0.26320224719101126,0.0,0.0,0.0,0.0
sc5_local_entropy,DEMORGAN,PERTURB_CONTROL,E_bases,primary_E,8,8,0.26320224719101126,0.0,0.5264044943820225,0.26320224719101126,0.0,0.0,0.0,0.0
sc5_local_entropy,DEMORGAN,PERTURB_CONTROL,E_bases_endorsed,primary_E,8,8,0.26320224719101126,0.0,0.5264044943820225,0.26320224719101126,0.0,0.0,0.0,0.0
sc5_local_entropy,RENAME_NONCE,PERTURB_CONTROL,all,primary_E,112,112,0.22277287319422154,0.1504012841091493,0.3012675561797752,0.20397271268057787,0.018800160513643662,0.0018860353130016072,0.04369983948635634,2.10561797752809
sc5_local_entropy,RENAME_NONCE,PERTURB_CONTROL,E_bases,primary_E,112,112,0.22277287319422154,0.1504012841091493,0.3012675561797752,0.20397271268057787,0.018800160513643662,0.0018860353130016072,0.04369983948635634,2.10561797752809
sc5_local_entropy,RENAME_NONCE,PERTURB_CONTROL,E_bases_endorsed,primary_E,92,92,0.1722276502198339,0.09728871519296535,0.24664264777723494,0.15906204201270152,0.013165608207132393,0.0011480214948705436,0.034904738641915005,1.2112359550561802
sc5_local_entropy,RENAME_SYN,PERTURB_CONTROL,all,primary_E,88,88,0.15972931562819204,0.09034729315628194,0.2380745658835547,0.15972931562819204,0.0,0.0,0.0,0.0
sc5_local_entropy,RENAME_SYN,PERTURB_CONTROL,E_bases,primary_E,88,88,0.15972931562819204,0.09034729315628194,0.2380745658835547,0.15972931562819204,0.0,0.0,0.0,0.0
sc5_local_entropy,RENAME_SYN,PERTURB_CONTROL,E_bases_endorsed,primary_E,60,60,0.16056179775280902,0.07722846441947567,0.25356460674157283,0.16056179775280902,0.0,0.0,0.0,0.0
sc5_local_entropy,REORDER_COMMUTE,PERTURB_CONTROL,all,primary_E,158,158,0.15925188451144934,0.10661356848243494,0.21688237804010813,0.15925188451144934,0.0,0.0,0.0,0.0
sc5_local_entropy,REORDER_COMMUTE,PERTURB_CONTROL,E_bases,primary_E,158,158,0.15925188451144934,0.10661356848243494,0.21688237804010813,0.15925188451144934,0.0,0.0,0.0,0.0
sc5_local_entropy,REORDER_COMMUTE,PERTURB_CONTROL,E_bases_endorsed,primary_E,122,122,0.15360103149751336,0.09449254006262665,0.21657763860747836,0.15360103149751336,0.0,0.0,0.0,0.0
sc5_local_entropy,REORDER_QUANT,PERTURB_CONTROL,all,primary_E,21,21,0.4111289459604067,0.2156233279828786,0.6016051364365972,0.4111289459604067,0.0,0.0,0.0,0.0
sc5_local_entropy,REORDER_QUANT,PERTURB_CONTROL,E_bases,primary_E,21,21,0.4111289459604067,0.2156233279828786,0.6016051364365972,0.4111289459604067,0.0,0.0,0.0,0.0
sc5_local_entropy,REORDER_QUANT,PERTURB_CONTROL,E_bases_endorsed,primary_E,11,11,0.4020429009193055,0.1389172625127682,0.6651685393258427,0.4020429009193055,0.0,0.0,0.0,0.0
judge_local_qwen8b_disg,BASE,PERTURB_BASE,all,primary_E,300,300,0.20351282051282052,0.1601275641025641,0.25023141025641027,,,,,
judge_local_qwen8b_disg,BASE,PERTURB_BASE,E_bases,primary_E,200,200,0.08523076923076923,0.05015384615384615,0.12534615384615386,,,,,
judge_local_qwen8b_disg,BASE,PERTURB_BASE,E_bases_endorsed,primary_E,152,152,0.052935222672064776,0.020141700404858305,0.08618800607287365,,,,,
judge_local_qwen8b_disg,CONTRAPOSITIVE,PERTURB_CONTROL,all,primary_E,281,281,0.747604708458801,0.6943607993430059,0.797344648234328,0.21721872433616207,0.5659731727347386,0.5125095811661647,0.626417328223378,159.03846153846155
judge_local_qwen8b_disg,CONTRAPOSITIVE,PERTURB_CONTROL,E_bases,primary_E,181,181,0.7462388440288994,0.6803208669783255,0.8014885252868679,0.0940926476838079,0.6631959201019975,0.596897577560561,0.7292817679558011,120.03846153846155
judge_local_qwen8b_disg,CONTRAPOSITIVE,PERTURB_CONTROL,E_bases_endorsed,primary_E,133,133,0.7147484094852515,0.6396182764603817,0.7896486408328514,0.06038172353961828,0.6543666859456334,0.5718898207056102,0.7368435511856564,87.03076923076924
judge_local_qwen8b_disg,DEMORGAN,PERTURB_CONTROL,all,primary_E,8,8,0.6278846153846154,0.25576923076923086,0.8759615384615385,0.0,0.6278846153846154,0.25576923076923086,0.8759615384615385,5.023076923076923
judge_local_qwen8b_disg,DEMORGAN,PERTURB_CONTROL,E_bases,primary_E,8,8,0.6278846153846154,0.25576923076923086,0.8759615384615385,0.0,0.6278846153846154,0.25576923076923086,0.8759615384615385,5.023076923076923
judge_local_qwen8b_disg,DEMORGAN,PERTURB_CONTROL,E_bases_endorsed,primary_E,8,8,0.6278846153846154,0.25576923076923086,0.8759615384615385,0.0,0.6278846153846154,0.25576923076923086,0.8759615384615385,5.023076923076923
judge_local_qwen8b_disg,RENAME_NONCE,PERTURB_CONTROL,all,primary_E,159,159,0.4656507014997582,0.3839864537977746,0.547363328495404,0.2014997581035317,0.2642477019835511,0.20091920657958393,0.3335268505079826,42.01538461538462
judge_local_qwen8b_disg,RENAME_NONCE,PERTURB_CONTROL,E_bases,primary_E,112,112,0.3932005494505494,0.3039148351648352,0.49120879120879124,0.08962912087912088,0.30370879120879124,0.21476304945054944,0.39285714285714285,34.01538461538462
judge_local_qwen8b_disg,RENAME_NONCE,PERTURB_CONTROL,E_bases_endorsed,primary_E,92,92,0.3699832775919732,0.2724059364548495,0.46797867892976586,0.05476588628762542,0.3153846153846154,0.22825877926421403,0.41304347826086957,29.015384615384615
judge_local_qwen8b_disg,RENAME_SYN,PERTURB_CONTROL,all,primary_E,141,141,0.19874522640480086,0.13496999454446262,0.26961265684669944,0.20578286961265688,0.021331151118385162,5.4555373704310785e-05,0.04959083469721767,3.007692307692308
judge_local_qwen8b_disg,RENAME_SYN,PERTURB_CONTROL,E_bases,primary_E,88,88,0.07963286713286713,0.03409090909090909,0.14772727272727273,0.07963286713286713,0.0,0.0,0.0,0.0
judge_local_qwen8b_disg,RENAME_SYN,PERTURB_CONTROL,E_bases_endorsed,primary_E,60,60,0.05012820512820513,0.00012820512820513035,0.11666666666666667,0.05012820512820513,0.0,0.0,0.0,0.0
judge_local_qwen8b_disg,REORDER_COMMUTE,PERTURB_CONTROL,all,primary_E,258,258,0.25608228980322006,0.20572301729278472,0.3103458556946929,0.20554561717352415,0.11255217650566489,0.07745974955277282,0.15137224209898628,29.03846153846154
judge_local_qwen8b_disg,REORDER_COMMUTE,PERTURB_CONTROL,E_bases,primary_E,158,158,0.12702044790652386,0.07643500486854916,0.17780063291139242,0.057108081791626096,0.08257059396299904,0.04444985394352483,0.12697176241480038,13.046153846153848
judge_local_qwen8b_disg,REORDER_COMMUTE,PERTURB_CONTROL,E_bases_endorsed,primary_E,122,122,0.07433795712484238,0.03335277427490543,0.12332912988650693,0.04117276166456495,0.04955863808322825,0.01670870113493065,0.09066834804539722,6.046153846153847
judge_local_qwen8b_disg,REORDER_QUANT,PERTURB_CONTROL,all,primary_E,21,21,0.5238095238095238,0.3333333333333333,0.7619047619047619,0.38095238095238093,0.14285714285714285,0.0,0.2857142857142857,3.0
judge_local_qwen8b_disg,REORDER_QUANT,PERTURB_CONTROL,E_bases,primary_E,21,21,0.5238095238095238,0.3333333333333333,0.7619047619047619,0.38095238095238093,0.14285714285714285,0.0,0.2857142857142857,3.0
judge_local_qwen8b_disg,REORDER_QUANT,PERTURB_CONTROL,E_bases_endorsed,primary_E,11,11,0.45454545454545453,0.18181818181818182,0.7272727272727273,0.2727272727272727,0.18181818181818182,0.0,0.45454545454545453,2.0
judge_local_llama8b_disg,BASE,PERTURB_BASE,all,primary_E,300,300,0.11333333333333333,0.08,0.15,,,,,
judge_local_llama8b_disg,BASE,PERTURB_BASE,E_bases,primary_E,200,200,0.14,0.09,0.19,,,,,
judge_local_llama8b_disg,BASE,PERTURB_BASE,E_bases_endorsed,primary_E,152,152,0.13815789473684212,0.08552631578947369,0.19736842105263158,,,,,
judge_local_llama8b_disg,CONTRAPOSITIVE,PERTURB_CONTROL,all,primary_E,281,281,0.15302491103202848,0.1103202846975089,0.19572953736654805,0.10676156583629894,0.1601423487544484,0.11743772241992882,0.20284697508896798,45.0
judge_local_llama8b_disg,CONTRAPOSITIVE,PERTURB_CONTROL,E_bases,primary_E,181,181,0.23204419889502761,0.1712707182320442,0.2983425414364641,0.13259668508287292,0.20994475138121546,0.14917127071823205,0.27071823204419887,38.0
judge_local_llama8b_disg,CONTRAPOSITIVE,PERTURB_CONTROL,E_bases_endorsed,primary_E,133,133,0.21052631578947367,0.14285714285714285,0.2783834586466155,0.12781954887218044,0.21804511278195488,0.14285714285714285,0.2932330827067669,29.0
judge_local_llama8b_disg,DEMORGAN,PERTURB_CONTROL,all,primary_E,8,8,0.25,0.0,0.5,0.125,0.125,0.0,0.375,1.0
judge_local_llama8b_disg,DEMORGAN,PERTURB_CONTROL,E_bases,primary_E,8,8,0.25,0.0,0.5,0.125,0.125,0.0,0.375,1.0
judge_local_llama8b_disg,DEMORGAN,PERTURB_CONTROL,E_bases_endorsed,primary_E,8,8,0.25,0.0,0.5,0.125,0.125,0.0,0.375,1.0
judge_local_llama8b_disg,RENAME_NONCE,PERTURB_CONTROL,all,primary_E,159,159,0.16352201257861634,0.1069182389937107,0.22012578616352202,0.1069182389937107,0.08176100628930817,0.0440251572327044,0.12578616352201258,13.0
judge_local_llama8b_disg,RENAME_NONCE,PERTURB_CONTROL,E_bases,primary_E,112,112,0.1875,0.125,0.25892857142857145,0.125,0.08035714285714286,0.03571428571428571,0.13392857142857142,9.0
judge_local_llama8b_disg,RENAME_NONCE,PERTURB_CONTROL,E_bases_endorsed,primary_E,92,92,0.21739130434782608,0.14130434782608695,0.30434782608695654,0.14130434782608695,0.09782608695652174,0.043478260869565216,0.16304347826086957,9.0
judge_local_llama8b_disg,RENAME_SYN,PERTURB_CONTROL,all,primary_E,141,141,0.1276595744680851,0.07801418439716312,0.19148936170212766,0.12056737588652482,0.02127659574468085,0.0,0.04964539007092199,3.0
judge_local_llama8b_disg,RENAME_SYN,PERTURB_CONTROL,E_bases,primary_E,88,88,0.17045454545454544,0.09090909090909091,0.25,0.1590909090909091,0.03409090909090909,0.0,0.07954545454545454,3.0
judge_local_llama8b_disg,RENAME_SYN,PERTURB_CONTROL,E_bases_endorsed,primary_E,60,60,0.15,0.06666666666666667,0.25,0.13333333333333333,0.016666666666666666,0.0,0.05,1.0
judge_local_llama8b_disg,REORDER_COMMUTE,PERTURB_CONTROL,all,primary_E,258,258,0.12403100775193798,0.08527131782945736,0.16666666666666666,0.11627906976744186,0.09302325581395349,0.05813953488372093,0.13178294573643412,24.0
judge_local_llama8b_disg,REORDER_COMMUTE,PERTURB_CONTROL,E_bases,primary_E,158,158,0.17721518987341772,0.12025316455696203,0.24050632911392406,0.1518987341772152,0.12658227848101267,0.0759493670886076,0.17721518987341772,20.0
judge_local_llama8b_disg,REORDER_COMMUTE,PERTURB_CONTROL,E_bases_endorsed,primary_E,122,122,0.1885245901639344,0.12295081967213115,0.2540983606557377,0.14754098360655737,0.13934426229508196,0.08196721311475409,0.20491803278688525,17.0
judge_local_llama8b_disg,REORDER_QUANT,PERTURB_CONTROL,all,primary_E,21,21,0.047619047619047616,0.0,0.14285714285714285,0.047619047619047616,0.0,0.0,0.0,0.0
judge_local_llama8b_disg,REORDER_QUANT,PERTURB_CONTROL,E_bases,primary_E,21,21,0.047619047619047616,0.0,0.14285714285714285,0.047619047619047616,0.0,0.0,0.0,0.0
judge_local_llama8b_disg,REORDER_QUANT,PERTURB_CONTROL,E_bases_endorsed,primary_E,11,11,0.0,0.0,0.0,0.0,0.0,0.0,0.0,0.0
rt_nli_min_local,BASE,PERTURB_BASE,all,primary_E,300,300,0.14333333333333334,0.10666666666666667,0.18666666666666668,,,,,
rt_nli_min_local,BASE,PERTURB_BASE,E_bases,primary_E,200,200,0.13,0.085,0.175,,,,,
rt_nli_min_local,BASE,PERTURB_BASE,E_bases_endorsed,primary_E,152,152,0.11842105263157894,0.07236842105263158,0.17105263157894737,,,,,
rt_nli_min_local,CONTRAPOSITIVE,PERTURB_CONTROL,all,primary_E,281,281,0.25622775800711745,0.20640569395017794,0.3096085409252669,0.1494661921708185,0.2846975088967972,0.23487544483985764,0.33807829181494664,80.0
rt_nli_min_local,CONTRAPOSITIVE,PERTURB_CONTROL,E_bases,primary_E,181,181,0.23204419889502761,0.1712707182320442,0.292817679558011,0.13812154696132597,0.292817679558011,0.23204419889502761,0.35911602209944754,53.0
rt_nli_min_local,CONTRAPOSITIVE,PERTURB_CONTROL,E_bases_endorsed,primary_E,133,133,0.2781954887218045,0.20300751879699247,0.3609022556390977,0.12781954887218044,0.3157894736842105,0.24060150375939848,0.39849624060150374,42.0
rt_nli_min_local,DEMORGAN,PERTURB_CONTROL,all,primary_E,8,8,0.125,0.0,0.375,0.0,0.125,0.0,0.375,1.0
rt_nli_min_local,DEMORGAN,PERTURB_CONTROL,E_bases,primary_E,8,8,0.125,0.0,0.375,0.0,0.125,0.0,0.375,1.0
rt_nli_min_local,DEMORGAN,PERTURB_CONTROL,E_bases_endorsed,primary_E,8,8,0.125,0.0,0.375,0.0,0.125,0.0,0.375,1.0
rt_nli_min_local,RENAME_NONCE,PERTURB_CONTROL,all,primary_E,159,159,0.6855345911949685,0.610062893081761,0.7547169811320755,0.14465408805031446,0.5911949685534591,0.5157232704402516,0.6666666666666666,94.0
rt_nli_min_local,RENAME_NONCE,PERTURB_CONTROL,E_bases,primary_E,112,112,0.6785714285714286,0.5892857142857143,0.7678571428571429,0.13392857142857142,0.6160714285714286,0.5267857142857143,0.7053571428571429,69.0
rt_nli_min_local,RENAME_NONCE,PERTURB_CONTROL,E_bases_endorsed,primary_E,92,92,0.6847826086956522,0.5869565217391305,0.7717391304347826,0.11956521739130435,0.6304347826086957,0.5217391304347826,0.7282608695652174,58.0
rt_nli_min_local,RENAME_SYN,PERTURB_CONTROL,all,primary_E,141,141,0.19148936170212766,0.1276595744680851,0.2553191489361702,0.14184397163120568,0.1347517730496454,0.0851063829787234,0.19148936170212766,19.0
rt_nli_min_local,RENAME_SYN,PERTURB_CONTROL,E_bases,primary_E,88,88,0.17045454545454544,0.10227272727272728,0.25,0.125,0.1590909090909091,0.09090909090909091,0.23863636363636365,14.0
rt_nli_min_local,RENAME_SYN,PERTURB_CONTROL,E_bases_endorsed,primary_E,60,60,0.23333333333333334,0.13333333333333333,0.3333333333333333,0.11666666666666667,0.18333333333333332,0.08333333333333333,0.2833333333333333,11.0
rt_nli_min_local,REORDER_COMMUTE,PERTURB_CONTROL,all,primary_E,258,258,0.12403100775193798,0.08527131782945736,0.16666666666666666,0.13953488372093023,0.10852713178294573,0.06976744186046512,0.14728682170542637,28.0
rt_nli_min_local,REORDER_COMMUTE,PERTURB_CONTROL,E_bases,primary_E,158,158,0.08860759493670886,0.04430379746835443,0.13291139240506328,0.12025316455696203,0.12025316455696203,0.06962025316455696,0.17721518987341772,19.0
rt_nli_min_local,REORDER_COMMUTE,PERTURB_CONTROL,E_bases_endorsed,primary_E,122,122,0.09836065573770492,0.04918032786885246,0.1557377049180328,0.11475409836065574,0.11475409836065574,0.05737704918032787,0.1721311475409836,14.0
rt_nli_min_local,REORDER_QUANT,PERTURB_CONTROL,all,primary_E,21,21,0.14285714285714285,0.0,0.2857142857142857,0.23809523809523808,0.2857142857142857,0.09523809523809523,0.47619047619047616,6.0
rt_nli_min_local,REORDER_QUANT,PERTURB_CONTROL,E_bases,primary_E,21,21,0.14285714285714285,0.0,0.2857142857142857,0.23809523809523808,0.2857142857142857,0.09523809523809523,0.47619047619047616,6.0
rt_nli_min_local,REORDER_QUANT,PERTURB_CONTROL,E_bases_endorsed,primary_E,11,11,0.18181818181818182,0.0,0.45454545454545453,0.18181818181818182,0.18181818181818182,0.0,0.45454545454545453,2.0
rt_nli_fwd_local,BASE,PERTURB_BASE,all,primary_E,300,300,0.15,0.11333333333333333,0.19333333333333333,,,,,
rt_nli_fwd_local,BASE,PERTURB_BASE,E_bases,primary_E,200,200,0.145,0.1,0.195,,,,,
rt_nli_fwd_local,BASE,PERTURB_BASE,E_bases_endorsed,primary_E,152,152,0.1513157894736842,0.09868421052631579,0.21052631578947367,,,,,
rt_nli_fwd_local,CONTRAPOSITIVE,PERTURB_CONTROL,all,primary_E,281,281,0.302491103202847,0.2491103202846975,0.35587188612099646,0.15658362989323843,0.302491103202847,0.2526690391459075,0.35587188612099646,85.0
rt_nli_fwd_local,CONTRAPOSITIVE,PERTURB_CONTROL,E_bases,primary_E,181,181,0.30939226519337015,0.2430939226519337,0.3756906077348066,0.15469613259668508,0.2983425414364641,0.23204419889502761,0.36464088397790057,54.0
rt_nli_fwd_local,CONTRAPOSITIVE,PERTURB_CONTROL,E_bases_endorsed,primary_E,133,133,0.3533834586466165,0.2780075187969925,0.43609022556390975,0.16541353383458646,0.3082706766917293,0.23308270676691728,0.38345864661654133,41.0
rt_nli_fwd_local,DEMORGAN,PERTURB_CONTROL,all,primary_E,8,8,0.125,0.0,0.375,0.0,0.125,0.0,0.375,1.0
rt_nli_fwd_local,DEMORGAN,PERTURB_CONTROL,E_bases,primary_E,8,8,0.125,0.0,0.375,0.0,0.125,0.0,0.375,1.0
rt_nli_fwd_local,DEMORGAN,PERTURB_CONTROL,E_bases_endorsed,primary_E,8,8,0.125,0.0,0.375,0.0,0.125,0.0,0.375,1.0
rt_nli_fwd_local,RENAME_NONCE,PERTURB_CONTROL,all,primary_E,159,159,0.6666666666666666,0.5974842767295597,0.7360062893081752,0.16352201257861634,0.5534591194968553,0.4779874213836478,0.6289308176100629,88.0
rt_nli_fwd_local,RENAME_NONCE,PERTURB_CONTROL,E_bases,primary_E,112,112,0.6964285714285714,0.6158482142857143,0.7767857142857143,0.16964285714285715,0.5982142857142857,0.5089285714285714,0.6875,67.0
rt_nli_fwd_local,RENAME_NONCE,PERTURB_CONTROL,E_bases_endorsed,primary_E,92,92,0.6956521739130435,0.5978260869565217,0.782608695652174,0.15217391304347827,0.6086956521739131,0.5108695652173914,0.7065217391304348,56.0
rt_nli_fwd_local,RENAME_SYN,PERTURB_CONTROL,all,primary_E,141,141,0.2198581560283688,0.15602836879432624,0.2907801418439716,0.1347517730496454,0.18439716312056736,0.1276595744680851,0.24822695035460993,26.0
rt_nli_fwd_local,RENAME_SYN,PERTURB_CONTROL,E_bases,primary_E,88,88,0.22727272727272727,0.14772727272727273,0.3181818181818182,0.11363636363636363,0.18181818181818182,0.10227272727272728,0.2727272727272727,16.0
rt_nli_fwd_local,RENAME_SYN,PERTURB_CONTROL,E_bases_endorsed,primary_E,60,60,0.3,0.18333333333333332,0.4166666666666667,0.15,0.21666666666666667,0.11666666666666667,0.31666666666666665,13.0
rt_nli_fwd_local,REORDER_COMMUTE,PERTURB_CONTROL,all,primary_E,258,258,0.10465116279069768,0.06589147286821706,0.1434108527131783,0.13953488372093023,0.1124031007751938,0.07364341085271318,0.15503875968992248,29.0
rt_nli_fwd_local,REORDER_COMMUTE,PERTURB_CONTROL,E_bases,primary_E,158,158,0.10759493670886076,0.06329113924050633,0.15822784810126583,0.12658227848101267,0.10759493670886076,0.06329113924050633,0.15822784810126583,17.0
rt_nli_fwd_local,REORDER_COMMUTE,PERTURB_CONTROL,E_bases_endorsed,primary_E,122,122,0.13114754098360656,0.07377049180327869,0.19672131147540983,0.1557377049180328,0.12295081967213115,0.06557377049180328,0.1885245901639344,15.0
rt_nli_fwd_local,REORDER_QUANT,PERTURB_CONTROL,all,primary_E,21,21,0.19047619047619047,0.047619047619047616,0.38095238095238093,0.3333333333333333,0.23809523809523808,0.09523809523809523,0.42857142857142855,5.0
rt_nli_fwd_local,REORDER_QUANT,PERTURB_CONTROL,E_bases,primary_E,21,21,0.19047619047619047,0.047619047619047616,0.38095238095238093,0.3333333333333333,0.23809523809523808,0.09523809523809523,0.42857142857142855,5.0
rt_nli_fwd_local,REORDER_QUANT,PERTURB_CONTROL,E_bases_endorsed,primary_E,11,11,0.18181818181818182,0.0,0.45454545454545453,0.2727272727272727,0.09090909090909091,0.0,0.2727272727272727,1.0
rt_nli_bwd_local,BASE,PERTURB_BASE,all,primary_E,300,300,0.14,0.10333333333333333,0.18,,,,,
rt_nli_bwd_local,BASE,PERTURB_BASE,E_bases,primary_E,200,200,0.115,0.07,0.16,,,,,
rt_nli_bwd_local,BASE,PERTURB_BASE,E_bases_endorsed,primary_E,152,152,0.09210526315789473,0.046052631578947366,0.13815789473684212,,,,,
rt_nli_bwd_local,CONTRAPOSITIVE,PERTURB_CONTROL,all,primary_E,281,281,0.4875444839857651,0.43051601423487545,0.5445729537366544,0.1423487544483986,0.4234875444839858,0.3665480427046263,0.4804270462633452,119.0
rt_nli_bwd_local,CONTRAPOSITIVE,PERTURB_CONTROL,E_bases,primary_E,181,181,0.4530386740331492,0.3812154696132597,0.5248618784530387,0.11602209944751381,0.44751381215469616,0.3810773480662984,0.5193370165745856,81.0
rt_nli_bwd_local,CONTRAPOSITIVE,PERTURB_CONTROL,E_bases_endorsed,primary_E,133,133,0.47368421052631576,0.39097744360902253,0.556390977443609,0.09022556390977443,0.5037593984962406,0.41353383458646614,0.5939849624060151,67.0
rt_nli_bwd_local,DEMORGAN,PERTURB_CONTROL,all,primary_E,8,8,0.25,0.0,0.625,0.0,0.25,0.0,0.625,2.0
rt_nli_bwd_local,DEMORGAN,PERTURB_CONTROL,E_bases,primary_E,8,8,0.25,0.0,0.625,0.0,0.25,0.0,0.625,2.0
rt_nli_bwd_local,DEMORGAN,PERTURB_CONTROL,E_bases_endorsed,primary_E,8,8,0.25,0.0,0.625,0.0,0.25,0.0,0.625,2.0
rt_nli_bwd_local,RENAME_NONCE,PERTURB_CONTROL,all,primary_E,159,159,0.6540880503144654,0.5786163522012578,0.7295597484276729,0.13836477987421383,0.5534591194968553,0.4779874213836478,0.6289308176100629,88.0
rt_nli_bwd_local,RENAME_NONCE,PERTURB_CONTROL,E_bases,primary_E,112,112,0.5982142857142857,0.5089285714285714,0.6875,0.125,0.5267857142857143,0.4375,0.6160714285714286,59.0
rt_nli_bwd_local,RENAME_NONCE,PERTURB_CONTROL,E_bases_endorsed,primary_E,92,92,0.6195652173913043,0.5217391304347826,0.717391304347826,0.09782608695652174,0.5652173913043478,0.4673913043478261,0.6630434782608695,52.0
rt_nli_bwd_local,RENAME_SYN,PERTURB_CONTROL,all,primary_E,141,141,0.22695035460992907,0.15602836879432624,0.2978723404255319,0.14184397163120568,0.1276595744680851,0.07783687943262413,0.19148936170212766,18.0
rt_nli_bwd_local,RENAME_SYN,PERTURB_CONTROL,E_bases,primary_E,88,88,0.2159090909090909,0.13636363636363635,0.3068181818181818,0.10227272727272728,0.18181818181818182,0.10227272727272728,0.2727272727272727,16.0
rt_nli_bwd_local,RENAME_SYN,PERTURB_CONTROL,E_bases_endorsed,primary_E,60,60,0.26666666666666666,0.15,0.38333333333333336,0.08333333333333333,0.21666666666666667,0.11666666666666667,0.31666666666666665,13.0
rt_nli_bwd_local,REORDER_COMMUTE,PERTURB_CONTROL,all,primary_E,258,258,0.15891472868217055,0.11618217054263566,0.20552325581395298,0.13565891472868216,0.14728682170542637,0.10465116279069768,0.18992248062015504,38.0
rt_nli_bwd_local,REORDER_COMMUTE,PERTURB_CONTROL,E_bases,primary_E,158,158,0.10759493670886076,0.06329113924050633,0.15822784810126583,0.10126582278481013,0.13291139240506328,0.08227848101265822,0.189873417721519,21.0
rt_nli_bwd_local,REORDER_COMMUTE,PERTURB_CONTROL,E_bases_endorsed,primary_E,122,122,0.10655737704918032,0.05737704918032787,0.16393442622950818,0.07377049180327869,0.13114754098360656,0.07377049180327869,0.1885245901639344,16.0
rt_nli_bwd_local,REORDER_QUANT,PERTURB_CONTROL,all,primary_E,21,21,0.09523809523809523,0.0,0.23809523809523808,0.14285714285714285,0.047619047619047616,0.0,0.14285714285714285,1.0
rt_nli_bwd_local,REORDER_QUANT,PERTURB_CONTROL,E_bases,primary_E,21,21,0.09523809523809523,0.0,0.23809523809523808,0.14285714285714285,0.047619047619047616,0.0,0.14285714285714285,1.0
rt_nli_bwd_local,REORDER_QUANT,PERTURB_CONTROL,E_bases_endorsed,primary_E,11,11,0.09090909090909091,0.0,0.2727272727272727,0.18181818181818182,0.09090909090909091,0.0,0.2727272727272727,1.0
rt_nli_contra_local,BASE,PERTURB_BASE,all,primary_E,300,300,0.168,0.12666666666666668,0.21201666666666666,,,,,
rt_nli_contra_local,BASE,PERTURB_BASE,E_bases,primary_E,200,200,0.14700000000000002,0.1,0.195,,,,,
rt_nli_contra_local,BASE,PERTURB_BASE,E_bases_endorsed,primary_E,152,152,0.14473684210526316,0.09210526315789473,0.19736842105263158,,,,,
rt_nli_contra_local,CONTRAPOSITIVE,PERTURB_CONTROL,all,primary_E,281,281,0.6654804270462633,0.6120996441281139,0.7188612099644128,0.17935943060498222,0.5814946619217082,0.5231316725978647,0.6405693950177936,163.4
rt_nli_contra_local,CONTRAPOSITIVE,PERTURB_CONTROL,E_bases,primary_E,181,181,0.5359116022099447,0.4585635359116022,0.6077348066298343,0.16243093922651936,0.49944751381215474,0.425414364640884,0.5701657458563537,90.4
rt_nli_contra_local,CONTRAPOSITIVE,PERTURB_CONTROL,E_bases_endorsed,primary_E,133,133,0.49624060150375937,0.41353383458646614,0.5789473684210527,0.16541353383458646,0.46616541353383456,0.3832706766917293,0.5488721804511278,62.0
rt_nli_contra_local,DEMORGAN,PERTURB_CONTROL,all,primary_E,8,8,0.125,0.0,0.375,0.0,0.125,0.0,0.375,1.0
rt_nli_contra_local,DEMORGAN,PERTURB_CONTROL,E_bases,primary_E,8,8,0.125,0.0,0.375,0.0,0.125,0.0,0.375,1.0
rt_nli_contra_local,DEMORGAN,PERTURB_CONTROL,E_bases_endorsed,primary_E,8,8,0.125,0.0,0.375,0.0,0.125,0.0,0.375,1.0
rt_nli_contra_local,RENAME_NONCE,PERTURB_CONTROL,all,primary_E,159,159,0.3584905660377358,0.2830188679245283,0.4339622641509434,0.17232704402515728,0.36729559748427676,0.29559748427672955,0.4427672955974843,58.400000000000006
rt_nli_contra_local,RENAME_NONCE,PERTURB_CONTROL,E_bases,primary_E,112,112,0.32142857142857145,0.24107142857142858,0.4017857142857143,0.15535714285714292,0.3517857142857143,0.26250000000000007,0.4375,39.400000000000006
rt_nli_contra_local,RENAME_NONCE,PERTURB_CONTROL,E_bases_endorsed,primary_E,92,92,0.34782608695652173,0.25,0.44565217391304346,0.13043478260869565,0.3695652173913043,0.2714673913043478,0.46766304347825943,34.0
rt_nli_contra_local,RENAME_SYN,PERTURB_CONTROL,all,primary_E,141,141,0.3049645390070922,0.22695035460992907,0.3829787234042553,0.16312056737588654,0.2695035460992908,0.19858156028368795,0.3404255319148936,38.0
rt_nli_contra_local,RENAME_SYN,PERTURB_CONTROL,E_bases,primary_E,88,88,0.3068181818181818,0.2159090909090909,0.4090909090909091,0.13636363636363635,0.2840909090909091,0.19318181818181818,0.375,25.0
rt_nli_contra_local,RENAME_SYN,PERTURB_CONTROL,E_bases_endorsed,primary_E,60,60,0.3,0.18333333333333332,0.4166666666666667,0.16666666666666666,0.3,0.18333333333333332,0.4166666666666667,18.0
rt_nli_contra_local,REORDER_COMMUTE,PERTURB_CONTROL,all,primary_E,258,258,0.12790697674418605,0.08527131782945736,0.16666666666666666,0.17829457364341086,0.16666666666666666,0.12403100775193798,0.2131782945736434,43.0
rt_nli_contra_local,REORDER_COMMUTE,PERTURB_CONTROL,E_bases,primary_E,158,158,0.12025316455696203,0.0759493670886076,0.17088607594936708,0.15822784810126583,0.16455696202531644,0.10759493670886076,0.22151898734177214,26.0
rt_nli_contra_local,REORDER_COMMUTE,PERTURB_CONTROL,E_bases_endorsed,primary_E,122,122,0.13934426229508196,0.08176229508196722,0.20491803278688525,0.1721311475409836,0.18032786885245902,0.11475409836065574,0.2540983606557377,22.0
rt_nli_contra_local,REORDER_QUANT,PERTURB_CONTROL,all,primary_E,21,21,0.047619047619047616,0.0,0.14285714285714285,0.16190476190476213,0.11428571428571452,0.0,0.2571428571428574,2.400000000000005
rt_nli_contra_local,REORDER_QUANT,PERTURB_CONTROL,E_bases,primary_E,21,21,0.047619047619047616,0.0,0.14285714285714285,0.16190476190476213,0.11428571428571452,0.0,0.2571428571428574,2.400000000000005
rt_nli_contra_local,REORDER_QUANT,PERTURB_CONTROL,E_bases_endorsed,primary_E,11,11,0.0,0.0,0.0,0.09090909090909091,0.09090909090909091,0.0,0.2727272727272727,1.0
rt_nli_min_alt_local,BASE,PERTURB_BASE,all,primary_E,300,300,0.11,0.07666666666666666,0.14666666666666667,,,,,
rt_nli_min_alt_local,BASE,PERTURB_BASE,E_bases,primary_E,200,200,0.09,0.055,0.13,,,,,
rt_nli_min_alt_local,BASE,PERTURB_BASE,E_bases_endorsed,primary_E,152,152,0.07894736842105263,0.039473684210526314,0.125,,,,,
rt_nli_min_alt_local,CONTRAPOSITIVE,PERTURB_CONTROL,all,primary_E,281,281,0.2597864768683274,0.20640569395017794,0.31316725978647686,0.1103202846975089,0.26334519572953735,0.21352313167259787,0.3167259786476868,74.0
rt_nli_min_alt_local,CONTRAPOSITIVE,PERTURB_CONTROL,E_bases,primary_E,181,181,0.26519337016574585,0.20441988950276244,0.3314917127071823,0.08839779005524862,0.27624309392265195,0.2154696132596685,0.3425414364640884,50.0
rt_nli_min_alt_local,CONTRAPOSITIVE,PERTURB_CONTROL,E_bases_endorsed,primary_E,133,133,0.2631578947368421,0.19530075187969925,0.3458646616541353,0.07518796992481203,0.2781954887218045,0.20300751879699247,0.3609022556390977,37.0
rt_nli_min_alt_local,DEMORGAN,PERTURB_CONTROL,all,primary_E,8,8,0.125,0.0,0.375,0.0,0.125,0.0,0.375,1.0
rt_nli_min_alt_local,DEMORGAN,PERTURB_CONTROL,E_bases,primary_E,8,8,0.125,0.0,0.375,0.0,0.125,0.0,0.375,1.0
rt_nli_min_alt_local,DEMORGAN,PERTURB_CONTROL,E_bases_endorsed,primary_E,8,8,0.125,0.0,0.375,0.0,0.125,0.0,0.375,1.0
rt_nli_min_alt_local,RENAME_NONCE,PERTURB_CONTROL,all,primary_E,159,159,0.41509433962264153,0.33962264150943394,0.48427672955974843,0.09433962264150944,0.3710691823899371,0.29559748427672955,0.44654088050314467,59.0
rt_nli_min_alt_local,RENAME_NONCE,PERTURB_CONTROL,E_bases,primary_E,112,112,0.375,0.29464285714285715,0.4645089285714274,0.08035714285714286,0.36607142857142855,0.2857142857142857,0.45558035714285594,41.0
rt_nli_min_alt_local,RENAME_NONCE,PERTURB_CONTROL,E_bases_endorsed,primary_E,92,92,0.391304347826087,0.2932065217391305,0.4891304347826087,0.07608695652173914,0.40217391304347827,0.30434782608695654,0.5108695652173914,37.0
rt_nli_min_alt_local,RENAME_SYN,PERTURB_CONTROL,all,primary_E,141,141,0.09929078014184398,0.04964539007092199,0.14893617021276595,0.1276595744680851,0.11347517730496454,0.06382978723404255,0.1702127659574468,16.0
rt_nli_min_alt_local,RENAME_SYN,PERTURB_CONTROL,E_bases,primary_E,88,88,0.09090909090909091,0.03409090909090909,0.1590909090909091,0.10227272727272728,0.125,0.056818181818181816,0.20454545454545456,11.0
rt_nli_min_alt_local,RENAME_SYN,PERTURB_CONTROL,E_bases_endorsed,primary_E,60,60,0.08333333333333333,0.016666666666666666,0.15,0.08333333333333333,0.13333333333333333,0.06666666666666667,0.23333333333333334,8.0
rt_nli_min_alt_local,REORDER_COMMUTE,PERTURB_CONTROL,all,primary_E,258,258,0.10465116279069768,0.06976744186046512,0.1434108527131783,0.11627906976744186,0.08914728682170543,0.05813953488372093,0.12790697674418605,23.0
rt_nli_min_alt_local,REORDER_COMMUTE,PERTURB_CONTROL,E_bases,primary_E,158,158,0.08227848101265822,0.04430379746835443,0.12658227848101267,0.0949367088607595,0.06329113924050633,0.03148734177215191,0.10126582278481013,10.0
rt_nli_min_alt_local,REORDER_COMMUTE,PERTURB_CONTROL,E_bases_endorsed,primary_E,122,122,0.06557377049180328,0.02459016393442623,0.11475409836065574,0.07377049180327869,0.07377049180327869,0.03278688524590164,0.12295081967213115,9.0
rt_nli_min_alt_local,REORDER_QUANT,PERTURB_CONTROL,all,primary_E,21,21,0.0,0.0,0.0,0.0,0.0,0.0,0.0,0.0
rt_nli_min_alt_local,REORDER_QUANT,PERTURB_CONTROL,E_bases,primary_E,21,21,0.0,0.0,0.0,0.0,0.0,0.0,0.0,0.0
rt_nli_min_alt_local,REORDER_QUANT,PERTURB_CONTROL,E_bases_endorsed,primary_E,11,11,0.0,0.0,0.0,0.0,0.0,0.0,0.0,0.0
rt_embed_cos_local,BASE,PERTURB_BASE,all,primary_E,300,300,0.14333333333333334,0.10666666666666667,0.18333333333333332,,,,,
rt_embed_cos_local,BASE,PERTURB_BASE,E_bases,primary_E,200,200,0.1,0.06,0.14,,,,,
rt_embed_cos_local,BASE,PERTURB_BASE,E_bases_endorsed,primary_E,152,152,0.07894736842105263,0.039473684210526314,0.125,,,,,
rt_embed_cos_local,CONTRAPOSITIVE,PERTURB_CONTROL,all,primary_E,281,281,0.5231316725978647,0.46619217081850534,0.5800711743772242,0.1423487544483986,0.44483985765124556,0.3914590747330961,0.498220640569395,125.0
rt_embed_cos_local,CONTRAPOSITIVE,PERTURB_CONTROL,E_bases,primary_E,181,181,0.44751381215469616,0.3756906077348066,0.5193370165745856,0.09392265193370165,0.4419889502762431,0.3755524861878453,0.5138121546961326,80.0
rt_embed_cos_local,CONTRAPOSITIVE,PERTURB_CONTROL,E_bases_endorsed,primary_E,133,133,0.44360902255639095,0.3609022556390977,0.5338345864661654,0.06766917293233082,0.46616541353383456,0.38345864661654133,0.5488721804511278,62.0
rt_embed_cos_local,DEMORGAN,PERTURB_CONTROL,all,primary_E,8,8,0.75,0.5,1.0,0.25,0.5,0.125,0.875,4.0
rt_embed_cos_local,DEMORGAN,PERTURB_CONTROL,E_bases,primary_E,8,8,0.75,0.5,1.0,0.25,0.5,0.125,0.875,4.0
rt_embed_cos_local,DEMORGAN,PERTURB_CONTROL,E_bases_endorsed,primary_E,8,8,0.75,0.5,1.0,0.25,0.5,0.125,0.875,4.0
rt_embed_cos_local,RENAME_NONCE,PERTURB_CONTROL,all,primary_E,159,159,0.4968553459119497,0.42138364779874216,0.5723270440251572,0.15723270440251572,0.389937106918239,0.31446540880503143,0.46540880503144655,62.0
rt_embed_cos_local,RENAME_NONCE,PERTURB_CONTROL,E_bases,primary_E,112,112,0.4642857142857143,0.375,0.5535714285714286,0.09821428571428571,0.4017857142857143,0.3125,0.49107142857142855,45.0
rt_embed_cos_local,RENAME_NONCE,PERTURB_CONTROL,E_bases_endorsed,primary_E,92,92,0.44565217391304346,0.34782608695652173,0.5434782608695652,0.06521739130434782,0.42391304347826086,0.32608695652173914,0.5217391304347826,39.0
rt_embed_cos_local,RENAME_SYN,PERTURB_CONTROL,all,primary_E,141,141,0.2127659574468085,0.14893617021276595,0.28368794326241137,0.1276595744680851,0.1276595744680851,0.07801418439716312,0.18439716312056736,18.0
rt_embed_cos_local,RENAME_SYN,PERTURB_CONTROL,E_bases,primary_E,88,88,0.17045454545454544,0.09090909090909091,0.26136363636363635,0.10227272727272728,0.13636363636363635,0.06818181818181818,0.2159090909090909,12.0
rt_embed_cos_local,RENAME_SYN,PERTURB_CONTROL,E_bases_endorsed,primary_E,60,60,0.2,0.1,0.3,0.1,0.13333333333333333,0.05,0.21666666666666667,8.0
rt_embed_cos_local,REORDER_COMMUTE,PERTURB_CONTROL,all,primary_E,258,258,0.23255813953488372,0.1821705426356589,0.28294573643410853,0.13565891472868216,0.15891472868217055,0.1124031007751938,0.20155038759689922,41.0
rt_embed_cos_local,REORDER_COMMUTE,PERTURB_CONTROL,E_bases,primary_E,158,158,0.13291139240506328,0.08227848101265822,0.189873417721519,0.0759493670886076,0.10759493670886076,0.06329113924050633,0.15822784810126583,17.0
rt_embed_cos_local,REORDER_COMMUTE,PERTURB_CONTROL,E_bases_endorsed,primary_E,122,122,0.13934426229508196,0.08196721311475409,0.20491803278688525,0.06557377049180328,0.09016393442622951,0.040983606557377046,0.13934426229508196,11.0
rt_embed_cos_local,REORDER_QUANT,PERTURB_CONTROL,all,primary_E,21,21,0.2857142857142857,0.09523809523809523,0.47619047619047616,0.19047619047619047,0.19047619047619047,0.047619047619047616,0.38095238095238093,4.0
rt_embed_cos_local,REORDER_QUANT,PERTURB_CONTROL,E_bases,primary_E,21,21,0.2857142857142857,0.09523809523809523,0.47619047619047616,0.19047619047619047,0.19047619047619047,0.047619047619047616,0.38095238095238093,4.0
rt_embed_cos_local,REORDER_QUANT,PERTURB_CONTROL,E_bases_endorsed,primary_E,11,11,0.18181818181818182,0.0,0.45454545454545453,0.09090909090909091,0.09090909090909091,0.0,0.2727272727272727,1.0
judge_cheap_disg,BASE,PERTURB_BASE,all,primary_E,300,300,0.12887671232876713,0.10783561643835617,0.1499178082191781,,,,,
judge_cheap_disg,BASE,PERTURB_BASE,E_bases,primary_E,200,200,0.10454794520547946,0.08082739726027396,0.1282191780821918,,,,,
judge_cheap_disg,BASE,PERTURB_BASE,E_bases_endorsed,primary_E,152,152,0.08565248738284066,0.05969718817591925,0.11160778658976207,,,,,
judge_cheap_disg,CONTRAPOSITIVE,PERTURB_CONTROL,all,primary_E,281,281,0.3229171744747234,0.3032613464632185,0.3411690147711208,0.1361868083654268,0.21761809584166142,0.19375030468483403,0.2400818992833813,61.15068493150686
judge_cheap_disg,CONTRAPOSITIVE,PERTURB_CONTROL,E_bases,primary_E,181,181,0.33131007341254837,0.3095133580564596,0.35092711723302816,0.11334291985166124,0.23976386891697576,0.21142813895406043,0.2680995988798911,43.39726027397261
judge_cheap_disg,CONTRAPOSITIVE,PERTURB_CONTROL,E_bases_endorsed,primary_E,133,133,0.3233288701205068,0.29663199093624476,0.3470594293954064,0.09492223709959831,0.24620455247708317,0.21357503347409623,0.2788340714800701,32.74520547945206
judge_cheap_disg,DEMORGAN,PERTURB_CONTROL,all,primary_E,8,8,0.3452054794520548,0.24657534246575344,0.3945205479452055,0.0,0.3452054794520548,0.24657534246575344,0.3945205479452055,2.7616438356164386
judge_cheap_disg,DEMORGAN,PERTURB_CONTROL,E_bases,primary_E,8,8,0.3452054794520548,0.24657534246575344,0.3945205479452055,0.0,0.3452054794520548,0.24657534246575344,0.3945205479452055,2.7616438356164386
judge_cheap_disg,DEMORGAN,PERTURB_CONTROL,E_bases_endorsed,primary_E,8,8,0.3452054794520548,0.24657534246575344,0.3945205479452055,0.0,0.3452054794520548,0.24657534246575344,0.3945205479452055,2.7616438356164386
judge_cheap_disg,RENAME_NONCE,PERTURB_CONTROL,all,primary_E,159,159,0.22579477901266481,0.19353838201085555,0.2555699147066426,0.129025588007237,0.13646937193073147,0.10669423623675368,0.16624450762470924,21.698630136986303
judge_cheap_disg,RENAME_NONCE,PERTURB_CONTROL,E_bases,primary_E,112,112,0.22896281800391396,0.19373776908023488,0.264187866927593,0.1091976516634051,0.13385518590998044,0.09863013698630138,0.16908023483365953,14.99178082191781
judge_cheap_disg,RENAME_NONCE,PERTURB_CONTROL,E_bases_endorsed,primary_E,92,92,0.21441334127456824,0.17581893984514596,0.2530077427039905,0.08576533650982729,0.13722453841572366,0.09863013698630137,0.17581893984514596,12.624657534246577
judge_cheap_disg,RENAME_SYN,PERTURB_CONTROL,all,primary_E,141,141,0.1315068493150685,0.10072865053920141,0.1622850480909356,0.1287088312445351,0.07554648790440105,0.0503643252696007,0.10072865053920141,10.652054794520549
judge_cheap_disg,RENAME_SYN,PERTURB_CONTROL,E_bases,primary_E,88,88,0.08518057285180573,0.053798256537982564,0.12104607721046078,0.09863013698630137,0.05828144458281445,0.03138231631382316,0.08966376089663762,5.1287671232876715
judge_cheap_disg,RENAME_SYN,PERTURB_CONTROL,E_bases_endorsed,primary_E,60,60,0.07232876712328767,0.03287671232876713,0.11178082191780823,0.08547945205479453,0.06575342465753425,0.03287671232876713,0.1052054794520548,3.9452054794520555
judge_cheap_disg,REORDER_COMMUTE,PERTURB_CONTROL,all,primary_E,258,258,0.13915259636827015,0.1162153552086652,0.16208983752787512,0.12386110226186685,0.11315705638738452,0.09171073590315389,0.13456514813634915,29.194520547945206
judge_cheap_disg,REORDER_COMMUTE,PERTURB_CONTROL,E_bases,primary_E,158,158,0.12734524015952836,0.09738165423963933,0.15487428472342607,0.08989075775966708,0.087393792266343,0.062424137333102134,0.11486041269290792,13.808219178082194
judge_cheap_disg,REORDER_COMMUTE,PERTURB_CONTROL,E_bases_endorsed,primary_E,122,122,0.11318212441050979,0.08084437457893555,0.145519874242084,0.08084437457893555,0.08407814956209297,0.05497417471367618,0.11641589939366721,10.257534246575343
judge_cheap_disg,REORDER_QUANT,PERTURB_CONTROL,all,primary_E,21,21,0.30058708414872803,0.225440313111546,0.37573385518591007,0.2818003913894325,0.09393346379647752,0.018786692759295502,0.16908023483365953,1.9726027397260277
judge_cheap_disg,REORDER_QUANT,PERTURB_CONTROL,E_bases,primary_E,21,21,0.30058708414872803,0.225440313111546,0.37573385518591007,0.2818003913894325,0.09393346379647752,0.018786692759295502,0.16908023483365953,1.9726027397260277
judge_cheap_disg,REORDER_QUANT,PERTURB_CONTROL,E_bases_endorsed,primary_E,11,11,0.2869240348692404,0.17932752179327524,0.3945205479452056,0.2510585305105853,0.10759651307596513,0.0,0.2151930261519303,1.1835616438356165
S4_local,BASE,PERTURB_BASE,all,primary_E,300,300,0.2866666666666667,0.23666666666666666,0.33666666666666667,,,,,
S4_local,BASE,PERTURB_BASE,E_bases,primary_E,200,200,0.22,0.165,0.28,,,,,
S4_local,BASE,PERTURB_BASE,E_bases_endorsed,primary_E,152,152,0.17105263157894737,0.1118421052631579,0.23684210526315788,,,,,
S4_local,CONTRAPOSITIVE,PERTURB_CONTROL,all,primary_E,281,281,0.8540925266903915,0.8113879003558719,0.8932384341637011,0.29537366548042704,0.5729537366548043,0.5160142348754448,0.6334519572953736,161.0
S4_local,CONTRAPOSITIVE,PERTURB_CONTROL,E_bases,primary_E,181,181,0.850828729281768,0.8011049723756906,0.9005524861878453,0.2265193370165746,0.6353591160220995,0.569060773480663,0.7016574585635359,115.0
S4_local,CONTRAPOSITIVE,PERTURB_CONTROL,E_bases_endorsed,primary_E,133,133,0.8195488721804511,0.7518796992481203,0.8872180451127819,0.17293233082706766,0.6616541353383458,0.5789473684210527,0.7443609022556391,88.0
S4_local,DEMORGAN,PERTURB_CONTROL,all,primary_E,8,8,0.625,0.25,0.875,0.0,0.625,0.25,0.875,5.0
S4_local,DEMORGAN,PERTURB_CONTROL,E_bases,primary_E,8,8,0.625,0.25,0.875,0.0,0.625,0.25,0.875,5.0
S4_local,DEMORGAN,PERTURB_CONTROL,E_bases_endorsed,primary_E,8,8,0.625,0.25,0.875,0.0,0.625,0.25,0.875,5.0
S4_local,RENAME_NONCE,PERTURB_CONTROL,all,primary_E,159,159,0.8238993710691824,0.7610062893081762,0.8805031446540881,0.3018867924528302,0.559748427672956,0.48427672955974843,0.6352201257861635,89.0
S4_local,RENAME_NONCE,PERTURB_CONTROL,E_bases,primary_E,112,112,0.8035714285714286,0.7321428571428571,0.875,0.24107142857142858,0.6160714285714286,0.5267857142857143,0.7053571428571429,69.0
S4_local,RENAME_NONCE,PERTURB_CONTROL,E_bases_endorsed,primary_E,92,92,0.8043478260869565,0.717391304347826,0.8804347826086957,0.18478260869565216,0.6847826086956522,0.5869565217391305,0.7717391304347826,63.0
S4_local,RENAME_SYN,PERTURB_CONTROL,all,primary_E,141,141,0.3829787234042553,0.2978723404255319,0.46099290780141844,0.2695035460992908,0.1702127659574468,0.10638297872340426,0.23404255319148937,24.0
S4_local,RENAME_SYN,PERTURB_CONTROL,E_bases,primary_E,88,88,0.36363636363636365,0.2727272727272727,0.4659090909090909,0.19318181818181818,0.23863636363636365,0.14772727272727273,0.3298295454545439,21.0
S4_local,RENAME_SYN,PERTURB_CONTROL,E_bases_endorsed,primary_E,60,60,0.35,0.23333333333333334,0.4666666666666667,0.15,0.26666666666666666,0.15,0.38333333333333336,16.0
S4_local,REORDER_COMMUTE,PERTURB_CONTROL,all,primary_E,258,258,0.3449612403100775,0.29069767441860467,0.4031976744186041,0.27906976744186046,0.18992248062015504,0.1434108527131783,0.24031007751937986,49.0
S4_local,REORDER_COMMUTE,PERTURB_CONTROL,E_bases,primary_E,158,158,0.2911392405063291,0.22151898734177214,0.3670886075949367,0.189873417721519,0.189873417721519,0.13291139240506328,0.25316455696202533,30.0
S4_local,REORDER_COMMUTE,PERTURB_CONTROL,E_bases_endorsed,primary_E,122,122,0.26229508196721313,0.1885245901639344,0.3442622950819672,0.16393442622950818,0.18032786885245902,0.11475409836065574,0.2540983606557377,22.0
S4_local,REORDER_QUANT,PERTURB_CONTROL,all,primary_E,21,21,0.5714285714285714,0.38095238095238093,0.7619047619047619,0.47619047619047616,0.09523809523809523,0.0,0.23809523809523808,2.0
S4_local,REORDER_QUANT,PERTURB_CONTROL,E_bases,primary_E,21,21,0.5714285714285714,0.38095238095238093,0.7619047619047619,0.47619047619047616,0.09523809523809523,0.0,0.23809523809523808,2.0
S4_local,REORDER_QUANT,PERTURB_CONTROL,E_bases_endorsed,primary_E,11,11,0.36363636363636365,0.09090909090909091,0.6363636363636364,0.2727272727272727,0.09090909090909091,0.0,0.2727272727272727,1.0
c_align,CONTRAPOSITIVE,expD_screen,all,primary_E,28,28,0.02730720606826802,0.0,0.08192161820480405,0.02730720606826802,0.0,0.0,0.0,0.0
c_nf,CONTRAPOSITIVE,expD_screen,all,primary_E,28,28,0.018588640275387265,0.0,0.055765920826161795,0.018588640275387265,0.0,0.0,0.0,0.0
c_hyb,CONTRAPOSITIVE,expD_screen,all,primary_E,28,28,0.030252100840336138,0.0,0.09075630252100841,0.030252100840336138,0.0,0.0,0.0,0.0
g_align,CONTRAPOSITIVE,expD_screen,all,primary_E,28,28,0.14269199009083405,0.07134599504541701,0.23187448389760526,0.14269199009083405,0.0,0.0,0.0,0.0
g_nf,CONTRAPOSITIVE,expD_screen,all,primary_E,28,28,0.14781864841745082,0.07390932420872541,0.2402053036783576,0.14781864841745082,0.0,0.0,0.0,0.0
g_hyb,CONTRAPOSITIVE,expD_screen,all,primary_E,28,28,0.15238095238095237,0.07619047619047618,0.24761904761904763,0.15238095238095237,0.0,0.0,0.0,0.0
judge_cheap_disg,CONTRAPOSITIVE,expD_screen,all,primary_E,27,27,0.16073059360730596,0.08767123287671233,0.23378995433789956,0.014611872146118723,0.14611872146118723,0.07305936073059362,0.21917808219178084,3.9452054794520555
c_align,DEMORGAN,expD_screen,all,primary_E,26,26,0.029407760381211713,0.0,0.08822328114363513,0.029407760381211713,0.0,0.0,0.0,0.0
c_nf,DEMORGAN,expD_screen,all,primary_E,26,26,0.020018535681186285,0.0,0.06005560704355886,0.020018535681186285,0.0,0.0,0.0,0.0
c_hyb,DEMORGAN,expD_screen,all,primary_E,26,26,0.03257918552036199,0.0,0.09773755656108599,0.03257918552036199,0.0,0.0,0.0,0.0
g_align,DEMORGAN,expD_screen,all,primary_E,26,26,0.038417074255224545,0.0,0.09604268563806137,0.038417074255224545,0.0,0.0,0.0,0.0
g_nf,DEMORGAN,expD_screen,all,primary_E,26,26,0.019898664210041456,0.0,0.05969599263012437,0.019898664210041456,0.0,0.0,0.0,0.0
g_hyb,DEMORGAN,expD_screen,all,primary_E,26,26,0.020512820512820513,0.0,0.06153846153846154,0.020512820512820513,0.0,0.0,0.0,0.0
judge_cheap_disg,DEMORGAN,expD_screen,all,primary_E,25,25,0.20515068493150687,0.12624657534246578,0.2686684931506828,0.015780821917808222,0.18936986301369862,0.11046575342465755,0.25249315068493156,4.734246575342466
c_align,PRENEX,expD_screen,all,primary_E,1,1,0.0,0.0,0.0,0.0,0.0,0.0,0.0,0.0
c_nf,PRENEX,expD_screen,all,primary_E,1,1,0.0,0.0,0.0,0.0,0.0,0.0,0.0,0.0
c_hyb,PRENEX,expD_screen,all,primary_E,1,1,0.0,0.0,0.0,0.0,0.0,0.0,0.0,0.0
g_align,PRENEX,expD_screen,all,primary_E,1,1,0.0,0.0,0.0,0.0,0.0,0.0,0.0,0.0
g_nf,PRENEX,expD_screen,all,primary_E,1,1,0.0,0.0,0.0,0.0,0.0,0.0,0.0,0.0
g_hyb,PRENEX,expD_screen,all,primary_E,1,1,0.0,0.0,0.0,0.0,0.0,0.0,0.0,0.0
judge_cheap_disg,PRENEX,expD_screen,all,primary_E,1,1,0.3945205479452055,0.3945205479452055,0.3945205479452055,0.0,0.3945205479452055,0.3945205479452055,0.3945205479452055,0.3945205479452055
c_align,RENAME,expD_screen,all,primary_E,104,104,0.6396187882913545,0.5808032675289312,0.6910823689584752,0.014703880190605857,0.6249149081007488,0.5660993873383254,0.6837304288631721,64.99115044247787
c_nf,RENAME,expD_screen,all,primary_E,104,104,0.010009267840593142,0.0,0.025023169601482858,0.010009267840593142,0.0,0.0,0.0,0.0
c_hyb,RENAME,expD_screen,all,primary_E,104,104,0.016289592760180997,0.0,0.0407239819004525,0.016289592760180997,0.0,0.0,0.0,0.0
g_align,RENAME,expD_screen,all,primary_E,104,104,0.41298354824366384,0.37456647398843934,0.4465984882169853,0.043219208537127615,0.36976433970653627,0.32654513116940864,0.40818141396176083,38.45549132947977
g_nf,RENAME,expD_screen,all,primary_E,104,104,0.04477199447259328,0.019898664210041456,0.07461999078765547,0.04477199447259328,0.0,0.0,0.0,0.0
g_hyb,RENAME,expD_screen,all,primary_E,104,104,0.04615384615384616,0.020512820512820513,0.07692307692307693,0.04615384615384616,0.0,0.0,0.0,0.0
judge_cheap_disg,RENAME,expD_screen,all,primary_E,103,103,0.19151482909961434,0.15321186327969147,0.2336480915015295,0.03447266923793058,0.15704215986168377,0.11873919404176088,0.19534512568160664,16.175342465753427
c_align,REORDER,expD_screen,all,primary_E,27,27,0.028318584070796463,0.0,0.0849557522123894,0.028318584070796463,0.0,0.0,0.0,0.0
c_nf,REORDER,expD_screen,all,primary_E,27,27,0.01927710843373494,0.0,0.05783132530120483,0.01927710843373494,0.0,0.0,0.0,0.0
c_hyb,REORDER,expD_screen,all,primary_E,27,27,0.03137254901960785,0.0,0.09411764705882354,0.03137254901960785,0.0,0.0,0.0,0.0
g_align,REORDER,expD_screen,all,primary_E,27,27,0.03699421965317919,0.0,0.09248554913294799,0.03699421965317919,0.0,0.0,0.0,0.0
g_nf,REORDER,expD_screen,all,primary_E,27,27,0.019161676646706587,0.0,0.05748502994011977,0.019161676646706587,0.0,0.0,0.0,0.0
g_hyb,REORDER,expD_screen,all,primary_E,27,27,0.019753086419753086,0.0,0.05925925925925926,0.019753086419753086,0.0,0.0,0.0,0.0
judge_cheap_disg,REORDER,expD_screen,all,primary_E,26,26,0.060695468914647006,0.015173867228661752,0.12139093782929401,0.015173867228661752,0.04552160168598525,0.0,0.09104320337197051,1.1835616438356165
c_align,REPRINT,expD_screen,all,primary_E,8,8,0.09557522123893807,0.0,0.2867256637168142,0.09557522123893807,0.0,0.0,0.0,0.0
c_nf,REPRINT,expD_screen,all,primary_E,8,8,0.06506024096385543,0.0,0.1951807228915663,0.06506024096385543,0.0,0.0,0.0,0.0
c_hyb,REPRINT,expD_screen,all,primary_E,8,8,0.10588235294117648,0.0,0.31764705882352945,0.10588235294117648,0.0,0.0,0.0,0.0
g_align,REPRINT,expD_screen,all,primary_E,8,8,0.12485549132947978,0.0,0.31213872832369943,0.12485549132947978,0.0,0.0,0.0,0.0
g_nf,REPRINT,expD_screen,all,primary_E,8,8,0.06467065868263473,0.0,0.1940119760479042,0.06467065868263473,0.0,0.0,0.0,0.0
g_hyb,REPRINT,expD_screen,all,primary_E,8,8,0.06666666666666667,0.0,0.2,0.06666666666666667,0.0,0.0,0.0,0.0
judge_cheap_disg,REPRINT,expD_screen,all,primary_E,7,7,0.0,0.0,0.0,0.0,0.0,0.0,0.0,0.0
c_align,CONTRAPOSITIVE,expD_screen,all,screen_prereg_hyb,28,28,0.05491071428571429,0.0,0.1455357142857143,0.05491071428571429,0.0,0.0,0.0,0.0
c_align,DEMORGAN,expD_screen,all,screen_prereg_hyb,26,26,0.1418269230769231,0.041346153846153845,0.2482331730769222,0.1418269230769231,0.0,0.0,0.0,0.0
c_align,PRENEX,expD_screen,all,screen_prereg_hyb,1,1,0.0,0.0,0.0,0.0,0.0,0.0,0.0,0.0
c_align,RENAME,expD_screen,all,screen_prereg_hyb,104,104,0.8520432692307693,0.784735576923077,0.9141826923076923,0.045072115384615384,0.8069711538461539,0.7344951923076923,0.8742968749999999,83.92500000000001
c_align,REORDER,expD_screen,all,screen_prereg_hyb,27,27,0.13657407407407407,0.03981481481481481,0.25046296296296294,0.13657407407407407,0.0,0.0,0.0,0.0
c_align,REPRINT,expD_screen,all,screen_prereg_hyb,8,8,0.1921875,0.0,0.45156250000000003,0.1921875,0.0,0.0,0.0,0.0
c_nf,CONTRAPOSITIVE,expD_screen,all,screen_prereg_hyb,28,28,0.0494047619047619,0.0,0.13452380952380952,0.0494047619047619,0.0,0.0,0.0,0.0
c_nf,DEMORGAN,expD_screen,all,screen_prereg_hyb,26,26,0.08269230769230769,0.014743589743589745,0.17450320512820436,0.08269230769230769,0.0,0.0,0.0,0.0
c_nf,PRENEX,expD_screen,all,screen_prereg_hyb,1,1,0.0,0.0,0.0,0.0,0.0,0.0,0.0,0.0
c_nf,RENAME,expD_screen,all,screen_prereg_hyb,104,104,0.03028846153846154,0.0073717948717948725,0.06282051282051282,0.03028846153846154,0.0,0.0,0.0,0.0
c_nf,REORDER,expD_screen,all,screen_prereg_hyb,27,27,0.07962962962962962,0.014197530864197531,0.1734567901234568,0.07962962962962962,0.0,0.0,0.0,0.0
c_nf,REPRINT,expD_screen,all,screen_prereg_hyb,8,8,0.17291666666666666,0.0,0.42291666666666666,0.17291666666666666,0.0,0.0,0.0,0.0
c_hyb,CONTRAPOSITIVE,expD_screen,all,screen_prereg_hyb,28,28,0.04350649350649353,0.004870129870129876,0.11688311688311691,0.04350649350649353,0.0,0.0,0.0,0.0
c_hyb,DEMORGAN,expD_screen,all,screen_prereg_hyb,26,26,0.11853146853146854,0.00314685314685315,0.26925699300699285,0.11853146853146854,0.0,0.0,0.0,0.0
c_hyb,PRENEX,expD_screen,all,screen_prereg_hyb,1,1,0.0,0.0,0.0,0.0,0.0,0.0,0.0,0.0
c_hyb,RENAME,expD_screen,all,screen_prereg_hyb,104,104,0.050437062937062946,0.012493444055944061,0.0979960664335664,0.04108391608391609,0.009353146853146853,0.0,0.028059440559440558,0.9727272727272727
c_hyb,REORDER,expD_screen,all,screen_prereg_hyb,27,27,0.11414141414141415,0.004040404040404045,0.26026936026936026,0.11414141414141415,0.0,0.0,0.0,0.0
c_hyb,REPRINT,expD_screen,all,screen_prereg_hyb,8,8,0.12840909090909092,0.0,0.3784090909090909,0.12840909090909092,0.0,0.0,0.0,0.0
g_align,CONTRAPOSITIVE,expD_screen,all,screen_prereg_hyb,28,28,0.1849624060150376,0.0924812030075188,0.3005639097744361,0.1849624060150376,0.0,0.0,0.0,0.0
g_align,DEMORGAN,expD_screen,all,screen_prereg_hyb,26,26,0.04979757085020243,0.0,0.12449392712550608,0.04979757085020243,0.0,0.0,0.0,0.0
g_align,PRENEX,expD_screen,all,screen_prereg_hyb,1,1,0.0,0.0,0.0,0.0,0.0,0.0,0.0,0.0
g_align,RENAME,expD_screen,all,screen_prereg_hyb,104,104,0.5353238866396761,0.4855263157894737,0.5788967611336031,0.05602226720647773,0.4793016194331984,0.42327935222672064,0.5290991902834008,49.84736842105263
g_align,REORDER,expD_screen,all,screen_prereg_hyb,27,27,0.047953216374269005,0.0,0.11988304093567252,0.047953216374269005,0.0,0.0,0.0,0.0
g_align,REPRINT,expD_screen,all,screen_prereg_hyb,8,8,0.1618421052631579,0.0,0.40460526315789475,0.1618421052631579,0.0,0.0,0.0,0.0
g_nf,CONTRAPOSITIVE,expD_screen,all,screen_prereg_hyb,28,28,0.20672268907563024,0.10336134453781512,0.33592436974789913,0.20672268907563024,0.0,0.0,0.0,0.0
g_nf,DEMORGAN,expD_screen,all,screen_prereg_hyb,26,26,0.027828054298642532,0.0,0.0834841628959276,0.027828054298642532,0.0,0.0,0.0,0.0
g_nf,PRENEX,expD_screen,all,screen_prereg_hyb,1,1,0.0,0.0,0.0,0.0,0.0,0.0,0.0,0.0
g_nf,RENAME,expD_screen,all,screen_prereg_hyb,104,104,0.0626131221719457,0.027828054298642532,0.10435520361990949,0.0626131221719457,0.0,0.0,0.0,0.0
g_nf,REORDER,expD_screen,all,screen_prereg_hyb,27,27,0.02679738562091503,0.0,0.08039215686274509,0.02679738562091503,0.0,0.0,0.0,0.0
g_nf,REPRINT,expD_screen,all,screen_prereg_hyb,8,8,0.09044117647058823,0.0,0.2713235294117647,0.09044117647058823,0.0,0.0,0.0,0.0
g_hyb,CONTRAPOSITIVE,expD_screen,all,screen_prereg_hyb,28,28,0.20672268907563024,0.10336134453781512,0.33592436974789913,0.20672268907563024,0.0,0.0,0.0,0.0
g_hyb,DEMORGAN,expD_screen,all,screen_prereg_hyb,26,26,0.027828054298642532,0.0,0.0834841628959276,0.027828054298642532,0.0,0.0,0.0,0.0
g_hyb,PRENEX,expD_screen,all,screen_prereg_hyb,1,1,0.0,0.0,0.0,0.0,0.0,0.0,0.0,0.0
g_hyb,RENAME,expD_screen,all,screen_prereg_hyb,104,104,0.0626131221719457,0.027828054298642532,0.10435520361990949,0.0626131221719457,0.0,0.0,0.0,0.0
g_hyb,REORDER,expD_screen,all,screen_prereg_hyb,27,27,0.02679738562091503,0.0,0.08039215686274509,0.02679738562091503,0.0,0.0,0.0,0.0
g_hyb,REPRINT,expD_screen,all,screen_prereg_hyb,8,8,0.09044117647058823,0.0,0.2713235294117647,0.09044117647058823,0.0,0.0,0.0,0.0
c_align,CONTRAPOSITIVE,PERTURB_E_bases,all,screen_prereg_hyb,179,179,0.4473463687150838,0.377304469273743,0.5199720670391061,0.4473463687150838,0.0,0.0,0.0,0.0
c_align,CONTRAPOSITIVE,PERTURB_E_bases,endorsed,screen_prereg_hyb,133,133,0.256203007518797,0.18505639097744359,0.3308270676691729,0.256203007518797,0.0,0.0,0.0,0.0
c_align,DEMORGAN,PERTURB_E_bases,all,screen_prereg_hyb,8,8,0.125,0.0,0.375,0.125,0.0,0.0,0.0,0.0
c_align,DEMORGAN,PERTURB_E_bases,endorsed,screen_prereg_hyb,8,8,0.125,0.0,0.375,0.125,0.0,0.0,0.0,0.0
c_align,RENAME_NONCE,PERTURB_E_bases,all,screen_prereg_hyb,110,110,1.0,1.0,1.0,0.3594318181818182,0.6405681818181819,0.5537585227272727,0.7314772727272728,70.4625
c_align,RENAME_NONCE,PERTURB_E_bases,endorsed,screen_prereg_hyb,92,92,1.0,1.0,1.0,0.23410326086956523,0.7658967391304349,0.6739130434782609,0.8478260869565217,70.4625
c_align,RENAME_SYN,PERTURB_E_bases,all,screen_prereg_hyb,88,88,0.8295454545454546,0.75,0.898011363636362,0.4947443181818182,0.33480113636363634,0.24303977272727276,0.43707386363636364,29.4625
c_align,RENAME_SYN,PERTURB_E_bases,endorsed,screen_prereg_hyb,60,60,0.75,0.65,0.85,0.25895833333333335,0.49104166666666665,0.36666666666666664,0.6166666666666667,29.4625
c_align,REORDER_COMMUTE,PERTURB_E_bases,all,screen_prereg_hyb,158,158,0.41139240506329117,0.33544303797468356,0.4873417721518987,0.41139240506329117,0.0,0.0,0.0,0.0
c_align,REORDER_COMMUTE,PERTURB_E_bases,endorsed,screen_prereg_hyb,122,122,0.23770491803278687,0.16393442622950818,0.319672131147541,0.23770491803278687,0.0,0.0,0.0,0.0
c_align,REORDER_QUANT,PERTURB_E_bases,all,screen_prereg_hyb,20,20,0.70375,0.526875,0.884375,0.70375,0.0,0.0,0.0,0.0
c_align,REORDER_QUANT,PERTURB_E_bases,endorsed,screen_prereg_hyb,11,11,0.46136363636363636,0.18863636363636366,0.7272727272727273,0.46136363636363636,0.0,0.0,0.0,0.0
c_nf,CONTRAPOSITIVE,PERTURB_E_bases,all,screen_prereg_hyb,179,179,0.6243947858472998,0.5525861266294227,0.6948789571694599,0.6243947858472998,0.0,0.0,0.0,0.0
c_nf,CONTRAPOSITIVE,PERTURB_E_bases,endorsed,screen_prereg_hyb,133,133,0.4944862155388471,0.41351817042606515,0.5771929824561404,0.4944862155388471,0.0,0.0,0.0,0.0
c_nf,DEMORGAN,PERTURB_E_bases,all,screen_prereg_hyb,8,8,0.125,0.0,0.375,0.125,0.0,0.0,0.0,0.0
c_nf,DEMORGAN,PERTURB_E_bases,endorsed,screen_prereg_hyb,8,8,0.125,0.0,0.375,0.125,0.0,0.0,0.0,0.0
c_nf,RENAME_NONCE,PERTURB_E_bases,all,screen_prereg_hyb,110,110,0.4853030303030303,0.3978787878787879,0.5762121212121212,0.4853030303030303,0.0,0.0,0.0,0.0
c_nf,RENAME_NONCE,PERTURB_E_bases,endorsed,screen_prereg_hyb,92,92,0.38460144927536233,0.28840579710144926,0.48242753623188406,0.38460144927536233,0.0,0.0,0.0,0.0
c_nf,RENAME_SYN,PERTURB_E_bases,all,screen_prereg_hyb,88,88,0.6861742424242424,0.5839015151515151,0.7770833333333332,0.6861742424242424,0.0,0.0,0.0,0.0
c_nf,RENAME_SYN,PERTURB_E_bases,endorsed,screen_prereg_hyb,60,60,0.5397222222222222,0.4166666666666667,0.6666666666666666,0.5397222222222222,0.0,0.0,0.0,0.0
c_nf,REORDER_COMMUTE,PERTURB_E_bases,all,screen_prereg_hyb,158,158,0.616350210970464,0.5428270042194093,0.6922995780590717,0.6100210970464135,0.006329113924050633,0.0,0.0189873417721519,1.0
c_nf,REORDER_COMMUTE,PERTURB_E_bases,endorsed,screen_prereg_hyb,122,122,0.5031420765027322,0.4180327868852459,0.5901639344262295,0.4949453551912568,0.00819672131147541,0.0,0.02459016393442623,1.0
c_nf,REORDER_QUANT,PERTURB_E_bases,all,screen_prereg_hyb,20,20,0.7191666666666666,0.5191666666666667,0.9,0.7191666666666666,0.0,0.0,0.0,0.0
c_nf,REORDER_QUANT,PERTURB_E_bases,endorsed,screen_prereg_hyb,11,11,0.4893939393939393,0.19545454545454544,0.7621212121212121,0.4893939393939393,0.0,0.0,0.0,0.0
c_hyb,CONTRAPOSITIVE,PERTURB_E_bases,all,screen_prereg_hyb,179,179,0.6595226003047232,0.5924834941594719,0.73199593702387,0.6595226003047232,0.0,0.0,0.0,0.0
c_hyb,CONTRAPOSITIVE,PERTURB_E_bases,endorsed,screen_prereg_hyb,133,133,0.5417634996582366,0.45864661654135336,0.6242652084757349,0.5417634996582366,0.0,0.0,0.0,0.0
c_hyb,DEMORGAN,PERTURB_E_bases,all,screen_prereg_hyb,8,8,0.25,0.0,0.625,0.25,0.0,0.0,0.0,0.0
c_hyb,DEMORGAN,PERTURB_E_bases,endorsed,screen_prereg_hyb,8,8,0.25,0.0,0.625,0.25,0.0,0.0,0.0,0.0
c_hyb,RENAME_NONCE,PERTURB_E_bases,all,screen_prereg_hyb,110,110,0.7,0.6181818181818182,0.7818181818181819,0.545702479338843,0.154297520661157,0.09066115702479338,0.22677685950413223,16.972727272727273
c_hyb,RENAME_NONCE,PERTURB_E_bases,endorsed,screen_prereg_hyb,92,92,0.6413043478260869,0.532608695652174,0.7282608695652174,0.45681818181818185,0.18448616600790513,0.10869565217391304,0.2605805335968379,16.972727272727273
c_hyb,RENAME_SYN,PERTURB_E_bases,all,screen_prereg_hyb,88,88,0.8409090909090909,0.7613636363636364,0.9090909090909091,0.6821280991735538,0.1587809917355372,0.08971849173553721,0.23832644628099173,13.972727272727273
c_hyb,RENAME_SYN,PERTURB_E_bases,endorsed,screen_prereg_hyb,60,60,0.7666666666666667,0.6666666666666666,0.8666666666666667,0.5337878787878788,0.23287878787878788,0.13287878787878787,0.34819318181818176,13.972727272727273
c_hyb,REORDER_COMMUTE,PERTURB_E_bases,all,screen_prereg_hyb,158,158,0.62692750287687,0.5448216340621405,0.702704257767549,0.62692750287687,0.0,0.0,0.0,0.0
c_hyb,REORDER_COMMUTE,PERTURB_E_bases,endorsed,screen_prereg_hyb,122,122,0.5168405365126677,0.4269001490312965,0.6070044709388972,0.5168405365126677,0.0,0.0,0.0,0.0
c_hyb,REORDER_QUANT,PERTURB_E_bases,all,screen_prereg_hyb,20,20,0.95,0.85,1.0,0.95,0.0,0.0,0.0,0.0
c_hyb,REORDER_QUANT,PERTURB_E_bases,endorsed,screen_prereg_hyb,11,11,0.9090909090909091,0.7272727272727273,1.0,0.9090909090909091,0.0,0.0,0.0,0.0
g_align,CONTRAPOSITIVE,PERTURB_E_bases,all,screen_prereg_hyb,179,179,0.20976183475448398,0.1663628344604528,0.25677741840635104,0.20976183475448398,0.0,0.0,0.0,0.0
g_align,CONTRAPOSITIVE,PERTURB_E_bases,endorsed,screen_prereg_hyb,133,133,0.15089038385437276,0.10708349821923228,0.1946972694895133,0.15089038385437276,0.0,0.0,0.0,0.0
g_align,DEMORGAN,PERTURB_E_bases,all,screen_prereg_hyb,8,8,0.0,0.0,0.0,0.0,0.0,0.0,0.0,0.0
g_align,DEMORGAN,PERTURB_E_bases,endorsed,screen_prereg_hyb,8,8,0.0,0.0,0.0,0.0,0.0,0.0,0.0,0.0
g_align,RENAME_NONCE,PERTURB_E_bases,all,screen_prereg_hyb,110,110,0.5355502392344497,0.4884688995215311,0.5767464114832536,0.18832535885167467,0.35899521531100476,0.30014354066985643,0.4237320574162679,39.48947368421052
g_align,RENAME_NONCE,PERTURB_E_bases,endorsed,screen_prereg_hyb,92,92,0.5488558352402746,0.49959954233409615,0.598112128146453,0.13369565217391302,0.41516018306636154,0.3518306636155607,0.47848970251716255,38.194736842105264
g_align,RENAME_SYN,PERTURB_E_bases,all,screen_prereg_hyb,88,88,0.41196172248803825,0.3457535885167464,0.4781698564593302,0.21333732057416271,0.19862440191387562,0.13977272727272727,0.2648325358851675,17.478947368421053
g_align,RENAME_SYN,PERTURB_E_bases,endorsed,screen_prereg_hyb,60,60,0.38842105263157906,0.3128947368421053,0.4639473684210527,0.1618421052631579,0.22657894736842105,0.15105263157894736,0.30210526315789477,13.594736842105263
g_align,REORDER_COMMUTE,PERTURB_E_bases,all,screen_prereg_hyb,158,158,0.20076615589606928,0.15569620253164557,0.2499333777481679,0.20076615589606928,0.0,0.0,0.0,0.0
g_align,REORDER_COMMUTE,PERTURB_E_bases,endorsed,screen_prereg_hyb,122,122,0.14857635893011217,0.10081967213114755,0.2016393442622951,0.14857635893011217,0.0,0.0,0.0,0.0
g_align,REORDER_QUANT,PERTURB_E_bases,all,screen_prereg_hyb,20,20,0.19421052631578947,0.06473684210526316,0.32368421052631574,0.19421052631578947,0.0,0.0,0.0,0.0
g_align,REORDER_QUANT,PERTURB_E_bases,endorsed,screen_prereg_hyb,11,11,0.05885167464114833,0.0,0.176555023923445,0.05885167464114833,0.0,0.0,0.0,0.0
g_nf,CONTRAPOSITIVE,PERTURB_E_bases,all,screen_prereg_hyb,179,179,0.2344396976667762,0.1859349326322708,0.28698652645415706,0.2344396976667762,0.0,0.0,0.0,0.0
g_nf,CONTRAPOSITIVE,PERTURB_E_bases,endorsed,screen_prereg_hyb,133,133,0.17952233524988942,0.1305616983635559,0.23392304290137106,0.17952233524988942,0.0,0.0,0.0,0.0
g_nf,DEMORGAN,PERTURB_E_bases,all,screen_prereg_hyb,8,8,0.0,0.0,0.0,0.0,0.0,0.0,0.0,0.0
g_nf,DEMORGAN,PERTURB_E_bases,endorsed,screen_prereg_hyb,8,8,0.0,0.0,0.0,0.0,0.0,0.0,0.0,0.0
g_nf,RENAME_NONCE,PERTURB_E_bases,all,screen_prereg_hyb,110,110,0.1841711229946524,0.12497326203208556,0.2433689839572192,0.1841711229946524,0.0,0.0,0.0,0.0
g_nf,RENAME_NONCE,PERTURB_E_bases,endorsed,screen_prereg_hyb,92,92,0.14156010230179025,0.0865089514066496,0.20447570332480816,0.14156010230179025,0.0,0.0,0.0,0.0
g_nf,RENAME_SYN,PERTURB_E_bases,all,screen_prereg_hyb,88,88,0.24665775401069515,0.1726604278074866,0.3206550802139037,0.25487967914438503,0.00822192513368984,0.0,0.024665775401069515,0.7235294117647059
g_nf,RENAME_SYN,PERTURB_E_bases,endorsed,screen_prereg_hyb,60,60,0.1929411764705882,0.12058823529411763,0.2773529411764705,0.1929411764705882,0.0,0.0,0.0,0.0
g_nf,REORDER_COMMUTE,PERTURB_E_bases,all,screen_prereg_hyb,158,158,0.2335443037974683,0.18317200297840655,0.2884959046909903,0.22896500372300815,0.004579300074460163,0.0,0.01373790022338049,0.7235294117647059
g_nf,REORDER_COMMUTE,PERTURB_E_bases,endorsed,screen_prereg_hyb,122,122,0.189778206364513,0.13640308582449373,0.24908389585342333,0.18384763741562196,0.0059305689488910315,0.0,0.017791706846673094,0.7235294117647059
g_nf,REORDER_QUANT,PERTURB_E_bases,all,screen_prereg_hyb,20,20,0.21705882352941175,0.07235294117647059,0.36176470588235293,0.21705882352941175,0.0,0.0,0.0,0.0
g_nf,REORDER_QUANT,PERTURB_E_bases,endorsed,screen_prereg_hyb,11,11,0.06577540106951872,0.0,0.19732620320855612,0.06577540106951872,0.0,0.0,0.0,0.0
g_hyb,CONTRAPOSITIVE,PERTURB_E_bases,all,screen_prereg_hyb,179,179,0.23039763391390075,0.18189286887939535,0.2790034505422275,0.23039763391390075,0.0,0.0,0.0,0.0
g_hyb,CONTRAPOSITIVE,PERTURB_E_bases,endorsed,screen_prereg_hyb,133,133,0.17408226448474123,0.12512162759840778,0.2284829721362229,0.17408226448474123,0.0,0.0,0.0,0.0
g_hyb,DEMORGAN,PERTURB_E_bases,all,screen_prereg_hyb,8,8,0.0,0.0,0.0,0.0,0.0,0.0,0.0,0.0
g_hyb,DEMORGAN,PERTURB_E_bases,endorsed,screen_prereg_hyb,8,8,0.0,0.0,0.0,0.0,0.0,0.0,0.0,0.0
g_hyb,RENAME_NONCE,PERTURB_E_bases,all,screen_prereg_hyb,110,110,0.1841711229946524,0.12497326203208556,0.2433689839572192,0.1775935828877005,0.006577540106951872,0.0,0.019732620320855612,0.7235294117647059
g_hyb,RENAME_NONCE,PERTURB_E_bases,endorsed,screen_prereg_hyb,92,92,0.14156010230179025,0.0865089514066496,0.20447570332480816,0.13369565217391302,0.007864450127877237,0.0,0.023593350383631712,0.7235294117647059
g_hyb,RENAME_SYN,PERTURB_E_bases,all,screen_prereg_hyb,88,88,0.24665775401069515,0.1726604278074866,0.3206550802139037,0.25487967914438503,0.00822192513368984,0.0,0.024665775401069515,0.7235294117647059
g_hyb,RENAME_SYN,PERTURB_E_bases,endorsed,screen_prereg_hyb,60,60,0.1929411764705882,0.12058823529411763,0.2773529411764705,0.1929411764705882,0.0,0.0,0.0,0.0
g_hyb,REORDER_COMMUTE,PERTURB_E_bases,all,screen_prereg_hyb,158,158,0.22438570364854804,0.1740134028294862,0.27933730454206995,0.22438570364854804,0.0,0.0,0.0,0.0
g_hyb,REORDER_COMMUTE,PERTURB_E_bases,endorsed,screen_prereg_hyb,122,122,0.17791706846673094,0.12454194792671167,0.23722275795564127,0.17791706846673094,0.0,0.0,0.0,0.0
g_hyb,REORDER_QUANT,PERTURB_E_bases,all,screen_prereg_hyb,20,20,0.21705882352941175,0.07235294117647059,0.36176470588235293,0.21705882352941175,0.0,0.0,0.0,0.0
g_hyb,REORDER_QUANT,PERTURB_E_bases,endorsed,screen_prereg_hyb,11,11,0.06577540106951872,0.0,0.19732620320855612,0.06577540106951872,0.0,0.0,0.0,0.0
