metric,operator,dimension,level,n,recall_primary,ci_lo,ci_hi
c_align,NEG,base_status,GOLD_PANEL_OK,188,0.7646017699115044,0.7646017699115045,0.7646017699115045
c_align,NEG,base_status,PANEL_REPAIRED,138,0.7646017699115044,0.7646017699115046,0.7646017699115046
c_align,NEG,base_status,TRUSTED_AGREED,53,0.7357488729337122,0.6780430789781265,0.7646017699115047
c_align,NEG,base_endorsed_hyb,endorsed,287,0.7592735345811107,0.7483305581209376,0.7646017699115044
c_align,NEG,base_endorsed_hyb,not_endorsed,92,0.7646017699115045,0.7646017699115049,0.7646017699115049
c_align,REV,base_status,GOLD_PANEL_OK,94,0.7564677085294674,0.7401995857653928,0.7646017699115045
c_align,REV,base_status,PANEL_REPAIRED,69,0.7646017699115046,0.7646017699115046,0.7646017699115046
c_align,REV,base_status,TRUSTED_AGREED,16,0.7646017699115045,0.7646017699115045,0.7646017699115045
c_align,REV,base_endorsed_hyb,endorsed,133,0.7588528844234481,0.7473551134473352,0.7646017699115045
c_align,REV,base_endorsed_hyb,not_endorsed,46,0.7646017699115049,0.7646017699115049,0.7646017699115049
c_align,QUANT,base_status,GOLD_PANEL_OK,94,0.7401995857653928,0.7076633402372436,0.7646017699115045
c_align,QUANT,base_status,PANEL_REPAIRED,69,0.7535205848403234,0.7313582146979609,0.7646017699115046
c_align,QUANT,base_status,TRUSTED_AGREED,16,0.7646017699115045,0.7646017699115045,0.7646017699115045
c_align,QUANT,base_endorsed_hyb,endorsed,133,0.7416062279592789,0.7186106860070531,0.7588528844234481
c_align,QUANT,base_endorsed_hyb,not_endorsed,46,0.7646017699115049,0.7646017699115049,0.7646017699115049
c_align,RESTR,base_status,GOLD_PANEL_OK,94,0.7564677085294674,0.7320655243833555,0.7646017699115045
c_align,RESTR,base_status,PANEL_REPAIRED,68,0.7533576262363354,0.7308693388859971,0.7646017699115046
c_align,RESTR,base_status,TRUSTED_AGREED,15,0.7646017699115044,0.7646017699115044,0.7646017699115044
c_align,RESTR,base_endorsed_hyb,endorsed,132,0.753016894609815,0.7356395816572808,0.7646017699115045
c_align,RESTR,base_endorsed_hyb,not_endorsed,45,0.7646017699115047,0.7646017699115047,0.7646017699115047
c_align,CONN,base_status,GOLD_PANEL_OK,179,0.7560587333761805,0.7428732563371833,0.7646017699115046
c_align,CONN,base_status,PANEL_REPAIRED,118,0.745162741862907,0.7200000000000003,0.7646017699115046
c_align,CONN,base_status,TRUSTED_AGREED,30,0.7646017699115044,0.7646017699115044,0.7646017699115045
c_align,CONN,base_endorsed_hyb,endorsed,240,0.7486725663716813,0.7363383142318295,0.7614025993261008
c_align,CONN,base_endorsed_hyb,not_endorsed,87,0.7646017699115046,0.7646017699115045,0.7646017699115049
c_align,MOVE,base_status,PANEL_REPAIRED,6,0.7646017699115045,0.7646017699115045,0.7646017699115045
c_align,MOVE,base_endorsed_hyb,endorsed,5,0.7646017699115045,0.7646017699115045,0.7646017699115045
c_align,MOVE,base_endorsed_hyb,not_endorsed,1,0.7646017699115045,0.7646017699115045,0.7646017699115045
c_align,DROP,base_status,GOLD_PANEL_OK,109,0.7225135990906878,0.6912645692130112,0.7503101480439999
c_align,DROP,base_status,PANEL_REPAIRED,67,0.7303658697662134,0.6864346015435803,0.7646017699115045
c_align,DROP,base_status,TRUSTED_AGREED,15,0.6626548672566371,0.5097345132743363,0.7646017699115044
c_align,DROP,base_endorsed_hyb,endorsed,138,0.7202770296267795,0.6911955435020493,0.7479223620539062
c_align,DROP,base_endorsed_hyb,not_endorsed,53,0.721322424444816,0.6654867256637169,0.7646017699115046
c_align,ADD,base_status,GOLD_PANEL_OK,250,0.7646017699115043,0.7646017699115045,0.7646017699115046
c_align,ADD,base_status,PANEL_REPAIRED,191,0.7605986192836955,0.752163344767717,0.7646017699115047
c_align,ADD,base_status,TRUSTED_AGREED,31,0.7646017699115044,0.7646017699115044,0.7646017699115045
c_align,ADD,base_endorsed_hyb,endorsed,347,0.7623983065976384,0.7568942902713011,0.7646017699115046
c_align,ADD,base_endorsed_hyb,not_endorsed,125,0.7646017699115044,0.7646017699115044,0.7646017699115049
c_align,SWAP,base_status,GOLD_PANEL_OK,26,0.7646017699115044,0.7646017699115044,0.7646017699115045
c_align,SWAP,base_status,PANEL_REPAIRED,66,0.7646017699115045,0.7646017699115044,0.7646017699115047
c_align,SWAP,base_status,TRUSTED_AGREED,24,0.7327433628318585,0.6603378921962992,0.7646017699115045
c_align,SWAP,base_endorsed_hyb,endorsed,92,0.7562908811081187,0.7380752389806332,0.7646017699115046
c_align,SWAP,base_endorsed_hyb,not_endorsed,24,0.7646017699115045,0.7646017699115044,0.7646017699115045
c_align,BIND,base_status,GOLD_PANEL_OK,166,0.7646017699115045,0.7646017699115045,0.7646017699115046
c_align,BIND,base_status,PANEL_REPAIRED,118,0.7646017699115045,0.7646017699115045,0.7646017699115047
c_align,BIND,base_status,TRUSTED_AGREED,30,0.7646017699115044,0.7646017699115044,0.7646017699115044
c_align,BIND,base_endorsed_hyb,endorsed,234,0.7646017699115043,0.7646017699115044,0.7646017699115046
c_align,BIND,base_endorsed_hyb,not_endorsed,80,0.7646017699115044,0.7646017699115045,0.7646017699115046
c_align,MEANING_RENAME,base_status,GOLD_PANEL_OK,172,0.7646017699115044,0.7646017699115044,0.7646017699115045
c_align,MEANING_RENAME,base_status,PANEL_REPAIRED,108,0.7646017699115044,0.7646017699115044,0.7646017699115046
c_align,MEANING_RENAME,base_status,TRUSTED_AGREED,38,0.744480670703307,0.6971369078604893,0.7646017699115045
c_align,MEANING_RENAME,base_endorsed_hyb,endorsed,239,0.7614025993261007,0.7547348341477408,0.7646017699115046
c_align,MEANING_RENAME,base_endorsed_hyb,not_endorsed,79,0.7646017699115046,0.7646017699115044,0.7646017699115046
c_nf,NEG,base_status,GOLD_PANEL_OK,188,0.5204819277108436,0.5204819277108437,0.5204819277108437
c_nf,NEG,base_status,PANEL_REPAIRED,138,0.5204819277108435,0.5204819277108437,0.5204819277108437
c_nf,NEG,base_status,TRUSTED_AGREED,53,0.5008411002500569,0.4615594453284838,0.5204819277108435
c_nf,NEG,base_endorsed_hyb,endorsed,287,0.5168548759497923,0.5094057413714818,0.5204819277108436
c_nf,NEG,base_endorsed_hyb,not_endorsed,92,0.5204819277108436,0.5204819277108435,0.5204819277108435
c_nf,REV,base_status,GOLD_PANEL_OK,94,0.5204819277108437,0.5204819277108437,0.5204819277108437
c_nf,REV,base_status,PANEL_REPAIRED,69,0.5204819277108437,0.5204819277108437,0.5204819277108437
c_nf,REV,base_status,TRUSTED_AGREED,16,0.48795180722891573,0.4228915662650603,0.5204819277108435
c_nf,REV,base_endorsed_hyb,endorsed,133,0.5165685297581305,0.5048283358999911,0.5204819277108436
c_nf,REV,base_endorsed_hyb,not_endorsed,46,0.5204819277108435,0.5204819277108435,0.5204819277108435
c_nf,QUANT,base_status,GOLD_PANEL_OK,94,0.5204819277108437,0.5204819277108437,0.5204819277108437
c_nf,QUANT,base_status,PANEL_REPAIRED,69,0.5129387113672083,0.4978522786799373,0.5204819277108437
c_nf,QUANT,base_status,TRUSTED_AGREED,16,0.5204819277108435,0.5204819277108435,0.5204819277108435
c_nf,QUANT,base_endorsed_hyb,endorsed,133,0.5165685297581305,0.5087417338527042,0.5204819277108436
c_nf,QUANT,base_endorsed_hyb,not_endorsed,46,0.5204819277108435,0.5204819277108435,0.5204819277108435
c_nf,RESTR,base_status,GOLD_PANEL_OK,94,0.5149448859266857,0.498333760574212,0.5204819277108437
c_nf,RESTR,base_status,PANEL_REPAIRED,68,0.5128277817150959,0.4975194897236004,0.5204819277108437
c_nf,RESTR,base_status,TRUSTED_AGREED,15,0.5204819277108435,0.5204819277108435,0.5204819277108435
c_nf,RESTR,base_endorsed_hyb,endorsed,132,0.5125958378970429,0.5007667031763418,0.5204819277108436
c_nf,RESTR,base_endorsed_hyb,not_endorsed,45,0.5204819277108435,0.5204819277108435,0.5204819277108435
c_nf,CONN,base_status,GOLD_PANEL_OK,179,0.5146664871777614,0.5033677205670097,0.5204819277108437
c_nf,CONN,base_status,PANEL_REPAIRED,118,0.5072493363283644,0.4901204819277109,0.5204819277108435
c_nf,CONN,base_status,TRUSTED_AGREED,30,0.5204819277108435,0.5204819277108435,0.5204819277108435
c_nf,CONN,base_endorsed_hyb,endorsed,240,0.5118072289156628,0.5031325301204821,0.5183795304639071
c_nf,CONN,base_endorsed_hyb,not_endorsed,87,0.5144993768176156,0.5019971651311128,0.5204819277108435
c_nf,MOVE,base_status,PANEL_REPAIRED,6,0.5204819277108435,0.5204819277108435,0.5204819277108435
c_nf,MOVE,base_endorsed_hyb,endorsed,5,0.5204819277108435,0.5204819277108435,0.5204819277108435
c_nf,MOVE,base_endorsed_hyb,not_endorsed,1,0.5204819277108435,0.5204819277108435,0.5204819277108435
c_nf,DROP,base_status,GOLD_PANEL_OK,109,0.45363103791312054,0.42178676972039125,0.4815821777676747
c_nf,DROP,base_status,PANEL_REPAIRED,67,0.5127135407300847,0.49626262743280825,0.5204819277108437
c_nf,DROP,base_status,TRUSTED_AGREED,15,0.4510843373493977,0.34698795180722897,0.5204819277108435
c_nf,DROP,base_endorsed_hyb,endorsed,138,0.4714510214772133,0.44584653103678856,0.4939891333024897
c_nf,DROP,base_endorsed_hyb,not_endorsed,53,0.48120027278927036,0.4361359724612737,0.5110186199342827
c_nf,ADD,base_status,GOLD_PANEL_OK,250,0.5142361445783133,0.5057909055577148,0.5204819277108436
c_nf,ADD,base_status,PANEL_REPAIRED,191,0.5123068188986313,0.5018965565110655,0.5204819277108435
c_nf,ADD,base_status,TRUSTED_AGREED,31,0.47011270890011664,0.4197434900893899,0.5127560240963852
c_nf,ADD,base_endorsed_hyb,endorsed,347,0.5114822401999931,0.5042793472941031,0.5175826882950798
c_nf,ADD,base_endorsed_hyb,not_endorsed,125,0.5079903614457834,0.49389799092065795,0.5204819277108435
c_nf,SWAP,base_status,GOLD_PANEL_OK,26,0.5204819277108435,0.5204819277108435,0.5204819277108435
c_nf,SWAP,base_status,PANEL_REPAIRED,66,0.5204819277108436,0.5204819277108433,0.5204819277108437
c_nf,SWAP,base_status,TRUSTED_AGREED,24,0.47710843373493983,0.40733368255631225,0.5204819277108435
c_nf,SWAP,base_endorsed_hyb,endorsed,92,0.5091671031953904,0.4910669234650554,0.5204819277108436
c_nf,SWAP,base_endorsed_hyb,not_endorsed,24,0.5204819277108435,0.5204819277108435,0.5204819277108435
c_nf,BIND,base_status,GOLD_PANEL_OK,166,0.5204819277108436,0.5204819277108436,0.5204819277108437
c_nf,BIND,base_status,PANEL_REPAIRED,118,0.47637328976924664,0.4525583276846042,0.49888927611271544
c_nf,BIND,base_status,TRUSTED_AGREED,30,0.36433734939759044,0.2512671375155796,0.4450885896527286
c_nf,BIND,base_endorsed_hyb,endorsed,234,0.47822057460611683,0.459646377718667,0.49596494926553364
c_nf,BIND,base_endorsed_hyb,not_endorsed,80,0.5204819277108435,0.5204819277108435,0.5204819277108436
c_nf,MEANING_RENAME,base_status,GOLD_PANEL_OK,172,0.2451106752591763,0.19345140482167955,0.3014950711938664
c_nf,MEANING_RENAME,base_status,PANEL_REPAIRED,108,0.08674698795180724,0.04258488499452356,0.13200948141347216
c_nf,MEANING_RENAME,base_status,TRUSTED_AGREED,38,0.02739378566899176,0.0,0.07654145995747698
c_nf,MEANING_RENAME,base_endorsed_hyb,endorsed,239,0.047910470333215716,0.02232760074934965,0.07403899539870636
c_nf,MEANING_RENAME,base_endorsed_hyb,not_endorsed,79,0.5204819277108438,0.5204819277108433,0.5204819277108436
c_hyb,NEG,base_status,GOLD_PANEL_OK,188,0.8470588235294121,0.847058823529412,0.847058823529412
c_hyb,NEG,base_status,PANEL_REPAIRED,138,0.8470588235294121,0.8470588235294119,0.8470588235294119
c_hyb,NEG,base_status,TRUSTED_AGREED,53,0.8150943396226414,0.7511653718091011,0.847058823529412
c_hyb,NEG,base_endorsed_hyb,endorsed,287,0.8411559745849562,0.8290328732124116,0.8470588235294122
c_hyb,NEG,base_endorsed_hyb,not_endorsed,92,0.847058823529412,0.8470588235294115,0.8470588235294115
c_hyb,REV,base_status,GOLD_PANEL_OK,94,0.8380475594493116,0.8200250312891115,0.847058823529412
c_hyb,REV,base_status,PANEL_REPAIRED,69,0.8470588235294119,0.8470588235294119,0.8470588235294119
c_hyb,REV,base_status,TRUSTED_AGREED,16,0.7941176470588236,0.6882352941176471,0.8470588235294119
c_hyb,REV,base_endorsed_hyb,endorsed,133,0.8343210968597968,0.8118708536045999,0.847058823529412
c_hyb,REV,base_endorsed_hyb,not_endorsed,46,0.8470588235294115,0.8470588235294115,0.8470588235294115
c_hyb,QUANT,base_status,GOLD_PANEL_OK,94,0.8200250312891115,0.7839799749687111,0.847058823529412
c_hyb,QUANT,base_status,PANEL_REPAIRED,69,0.8347826086956524,0.810230179028133,0.8470588235294119
c_hyb,QUANT,base_status,TRUSTED_AGREED,16,0.8470588235294119,0.8470588235294119,0.8470588235294119
c_hyb,QUANT,base_endorsed_hyb,endorsed,133,0.8215833701901815,0.7961079168509511,0.8406899601946044
c_hyb,QUANT,base_endorsed_hyb,not_endorsed,46,0.8470588235294115,0.8470588235294115,0.8470588235294115
c_hyb,RESTR,base_status,GOLD_PANEL_OK,94,0.8380475594493116,0.8110137672090114,0.847058823529412
c_hyb,RESTR,base_status,PANEL_REPAIRED,68,0.8346020761245676,0.809688581314879,0.8470588235294119
c_hyb,RESTR,base_status,TRUSTED_AGREED,15,0.8470588235294121,0.8470588235294121,0.8470588235294121
c_hyb,RESTR,base_endorsed_hyb,endorsed,132,0.8342245989304815,0.8149732620320856,0.847058823529412
c_hyb,RESTR,base_endorsed_hyb,not_endorsed,45,0.8470588235294116,0.8470588235294116,0.8470588235294116
c_hyb,CONN,base_status,GOLD_PANEL_OK,179,0.832862306933947,0.8134477197620623,0.8470588235294119
c_hyb,CONN,base_status,PANEL_REPAIRED,118,0.8255234297108676,0.7976470588235294,0.8470588235294118
c_hyb,CONN,base_status,TRUSTED_AGREED,30,0.847058823529412,0.8470588235294118,0.8470588235294119
c_hyb,CONN,base_endorsed_hyb,endorsed,240,0.8294117647058827,0.8157473481195758,0.8435146443514646
c_hyb,CONN,base_endorsed_hyb,not_endorsed,87,0.8373225152129817,0.8169757785467128,0.8470588235294116
c_hyb,MOVE,base_status,PANEL_REPAIRED,6,0.847058823529412,0.847058823529412,0.847058823529412
c_hyb,MOVE,base_endorsed_hyb,endorsed,5,0.847058823529412,0.847058823529412,0.847058823529412
c_hyb,MOVE,base_endorsed_hyb,not_endorsed,1,0.8470588235294119,0.8470588235294119,0.8470588235294119
c_hyb,DROP,base_status,GOLD_PANEL_OK,109,0.7304910955207774,0.6776470588235295,0.7783783783783784
c_hyb,DROP,base_status,PANEL_REPAIRED,67,0.8091308165057068,0.7604618624943584,0.8470588235294119
c_hyb,DROP,base_status,TRUSTED_AGREED,15,0.7341176470588238,0.5647058823529413,0.8470588235294121
c_hyb,DROP,base_endorsed_hyb,endorsed,138,0.754987212276215,0.7109212813807062,0.7922132881929753
c_hyb,DROP,base_endorsed_hyb,not_endorsed,53,0.7671476137624861,0.6901960784313727,0.8307692307692308
c_hyb,ADD,base_status,GOLD_PANEL_OK,250,0.8368941176470591,0.8231499051233397,0.8470588235294118
c_hyb,ADD,base_status,PANEL_REPAIRED,191,0.8337542346781647,0.8168120429493809,0.8470588235294116
c_hyb,ADD,base_status,TRUSTED_AGREED,31,0.7650853889943076,0.6831119544592031,0.8344852941176466
c_hyb,ADD,base_endorsed_hyb,endorsed,347,0.8324122732666556,0.8206899181453049,0.8423404534998358
c_hyb,ADD,base_endorsed_hyb,not_endorsed,125,0.8267294117647062,0.8037947695375411,0.8470588235294118
c_hyb,SWAP,base_status,GOLD_PANEL_OK,26,0.8470588235294119,0.8470588235294118,0.847058823529412
c_hyb,SWAP,base_status,PANEL_REPAIRED,66,0.847058823529412,0.8470588235294116,0.847058823529412
c_hyb,SWAP,base_status,TRUSTED_AGREED,24,0.7764705882352944,0.662915601023018,0.847058823529412
c_hyb,SWAP,base_endorsed_hyb,endorsed,92,0.8286445012787725,0.7991873460313648,0.8470588235294121
c_hyb,SWAP,base_endorsed_hyb,not_endorsed,24,0.8470588235294119,0.8470588235294118,0.847058823529412
c_hyb,BIND,base_status,GOLD_PANEL_OK,166,0.847058823529412,0.8470588235294119,0.847058823529412
c_hyb,BIND,base_status,PANEL_REPAIRED,118,0.7752741774675973,0.7365164940749441,0.811917841516772
c_hyb,BIND,base_status,TRUSTED_AGREED,30,0.5929411764705884,0.4089249492900609,0.7243598615916956
c_hyb,BIND,base_endorsed_hyb,endorsed,234,0.7782805429864257,0.7480519480519482,0.8071586429223391
c_hyb,BIND,base_endorsed_hyb,not_endorsed,80,0.8470588235294121,0.8470588235294118,0.847058823529412
c_hyb,MEANING_RENAME,base_status,GOLD_PANEL_OK,172,0.39890560875513004,0.31483267843528245,0.4906684491978611
c_hyb,MEANING_RENAME,base_status,PANEL_REPAIRED,108,0.14117647058823532,0.0693048128342246,0.21483895994741548
c_hyb,MEANING_RENAME,base_status,TRUSTED_AGREED,38,0.04458204334365325,0.0,0.12456747404844293
c_hyb,MEANING_RENAME,base_endorsed_hyb,endorsed,239,0.07797194191484128,0.03633707572933375,0.12049483564887506
c_hyb,MEANING_RENAME,base_endorsed_hyb,not_endorsed,79,0.8470588235294119,0.8470588235294118,0.847058823529412
g_align,NEG,base_status,GOLD_PANEL_OK,188,0.4542614684540648,0.42769647029885643,0.47551346697823166
g_align,NEG,base_status,PANEL_REPAIRED,138,0.3980899723548631,0.3582809751193768,0.4342799698416687
g_align,NEG,base_status,TRUSTED_AGREED,53,0.4428836296215508,0.3934531659460942,0.48126116657908574
g_align,NEG,base_endorsed_hyb,endorsed,287,0.4315562627137419,0.40654301090577755,0.4528476343063343
g_align,NEG,base_endorsed_hyb,not_endorsed,92,0.43427996984166883,0.39628047248052267,0.4722794672028146
g_align,REV,base_status,GOLD_PANEL_OK,94,0.35597097527979343,0.30815397860041815,0.40378797195916877
g_align,REV,base_status,PANEL_REPAIRED,69,0.3691379743654185,0.3112339783865292,0.41256597134958534
g_align,REV,base_status,TRUSTED_AGREED,16,0.4994219653179191,0.4994219653179191,0.4994219653179191
g_align,REV,base_endorsed_hyb,endorsed,133,0.3980355513060107,0.3642400799687079,0.43004737276717797
g_align,REV,base_endorsed_hyb,not_endorsed,46,0.3039959788891682,0.22799698416687617,0.36913797436541845
g_align,QUANT,base_status,GOLD_PANEL_OK,94,0.382535973435002,0.34003197638666827,0.4278292952896323
g_align,QUANT,base_status,PANEL_REPAIRED,69,0.33294797687861266,0.27504398089972354,0.3908519728575019
g_align,QUANT,base_status,TRUSTED_AGREED,16,0.4682080924855492,0.40578034682080927,0.4994219653179191
g_align,QUANT,base_endorsed_hyb,endorsed,133,0.36424007996870794,0.32668955626059365,0.4017906036768221
g_align,QUANT,base_endorsed_hyb,not_endorsed,46,0.39085197285750184,0.33656697662729335,0.4451369690877104
g_align,RESTR,base_status,GOLD_PANEL_OK,94,0.46223096790062734,0.43566596974541894,0.48627229123109095
g_align,RESTR,base_status,PANEL_REPAIRED,68,0.40394423665419926,0.3598775926555593,0.4480108806528391
g_align,RESTR,base_status,TRUSTED_AGREED,15,0.499421965317919,0.499421965317919,0.499421965317919
g_align,RESTR,base_endorsed_hyb,endorsed,132,0.4502364687335786,0.4237519705727798,0.4767209668943773
g_align,RESTR,base_endorsed_hyb,not_endorsed,45,0.4217341040462428,0.366242774566474,0.4661271676300577
g_align,CONN,base_status,GOLD_PANEL_OK,179,0.46315109632834955,0.439491329479769,0.4816083741317898
g_align,CONN,base_status,PANEL_REPAIRED,118,0.3978446164396984,0.35303966513852897,0.4322727935104678
g_align,CONN,base_status,TRUSTED_AGREED,30,0.4494797687861273,0.38749953384299834,0.4994219653179191
g_align,CONN,base_endorsed_hyb,endorsed,240,0.4349132947976878,0.4105213583270154,0.45532039123767126
g_align,CONN,base_endorsed_hyb,not_endorsed,87,0.4477576240781346,0.41318810881347157,0.47722543352601143
g_align,MOVE,base_status,PANEL_REPAIRED,6,0.08323699421965318,0.0,0.24971098265895955
g_align,MOVE,base_endorsed_hyb,endorsed,5,0.09988439306358382,0.0,0.29965317919075146
g_align,MOVE,base_endorsed_hyb,not_endorsed,1,0.0,0.0,0.0
g_align,DROP,base_status,GOLD_PANEL_OK,109,0.37571193721164564,0.3298069582288145,0.4169795060430899
g_align,DROP,base_status,PANEL_REPAIRED,67,0.3205245449055301,0.2549624708825813,0.37643443462795056
g_align,DROP,base_status,TRUSTED_AGREED,15,0.2663583815028902,0.14899421965317924,0.3995375722543352
g_align,DROP,base_endorsed_hyb,endorsed,138,0.34018597637597386,0.3025695118349437,0.3813872832369942
g_align,DROP,base_endorsed_hyb,not_endorsed,53,0.36749918202639326,0.29595375722543354,0.4322318810826762
g_align,ADD,base_status,GOLD_PANEL_OK,250,0.24172023121387287,0.1997164969905096,0.28786122559787236
g_align,ADD,base_status,PANEL_REPAIRED,191,0.16734558000181582,0.11673199311862677,0.2193885051995279
g_align,ADD,base_status,TRUSTED_AGREED,31,0.40275964944993486,0.34335260115606936,0.4666910311392877
g_align,ADD,base_endorsed_hyb,endorsed,347,0.19142109909879892,0.15862185088343794,0.225662154756119
g_align,ADD,base_endorsed_hyb,not_endorsed,125,0.30764393063583817,0.2390074619022596,0.37456647398843934
g_align,SWAP,base_status,GOLD_PANEL_OK,26,0.49942196531791916,0.49942196531791905,0.4994219653179191
g_align,SWAP,base_status,PANEL_REPAIRED,66,0.408617971623752,0.3507280433094643,0.4563196783111334
g_align,SWAP,base_status,TRUSTED_AGREED,24,0.39537572254335257,0.30645172871862997,0.47818296054285003
g_align,SWAP,base_endorsed_hyb,endorsed,92,0.40713747172656456,0.36192006518496456,0.4445639607941694
g_align,SWAP,base_endorsed_hyb,not_endorsed,24,0.4994219653179191,0.49942196531791905,0.4994219653179191
g_align,BIND,base_status,GOLD_PANEL_OK,166,0.4512849084198065,0.4211992478584861,0.47549755979370756
g_align,BIND,base_status,PANEL_REPAIRED,118,0.40207700597629087,0.353757225433526,0.44259654035085577
g_align,BIND,base_status,TRUSTED_AGREED,30,0.4494797687861273,0.39240297274979363,0.4994219653179191
g_align,BIND,base_endorsed_hyb,endorsed,234,0.43112494441974214,0.4043256524064112,0.45764389311018727
g_align,BIND,base_endorsed_hyb,not_endorsed,80,0.43699421965317925,0.39521218102354433,0.4749170543728559
g_align,MEANING_RENAME,base_status,GOLD_PANEL_OK,172,0.4297351794596049,0.40183376519832575,0.4558789134284474
g_align,MEANING_RENAME,base_status,PANEL_REPAIRED,108,0.416184971098266,0.3727754328634784,0.45080566780909515
g_align,MEANING_RENAME,base_status,TRUSTED_AGREED,38,0.4468512321265592,0.3942804989351993,0.48724094177357963
g_align,MEANING_RENAME,base_endorsed_hyb,endorsed,239,0.4346433840423732,0.40821142730102267,0.45882613540138867
g_align,MEANING_RENAME,base_endorsed_hyb,not_endorsed,79,0.4045950098778079,0.35890831930928513,0.4515857650254196
g_nf,NEG,base_status,GOLD_PANEL_OK,188,0.4705822397757677,0.44306281054911467,0.4925977831570903
g_nf,NEG,base_status,PANEL_REPAIRED,138,0.4011455350169227,0.3561572507159594,0.43863577193439207
g_nf,NEG,base_status,TRUSTED_AGREED,53,0.45879561631454063,0.4075892078363731,0.49855198693522046
g_nf,NEG,base_endorsed_hyb,endorsed,287,0.44525861169646774,0.4201103618041269,0.4666255741379361
g_nf,NEG,base_endorsed_hyb,not_endorsed,92,0.4386357719343922,0.39069513147617807,0.4809528768549855
g_nf,REV,base_status,GOLD_PANEL_OK,94,0.41829532424512694,0.37426423748248205,0.4568225251624413
g_nf,REV,base_status,PANEL_REPAIRED,69,0.3898984639416818,0.33741213225722466,0.4348867482426451
g_nf,REV,base_status,TRUSTED_AGREED,16,0.4850299401197605,0.42035928143712575,0.5173652694610779
g_nf,REV,base_endorsed_hyb,endorsed,133,0.42789608752419966,0.3889964432038179,0.45901580298050515
g_nf,REV,base_endorsed_hyb,not_endorsed,46,0.37115334548294715,0.30367091903150223,0.438635771934392
g_nf,QUANT,base_status,GOLD_PANEL_OK,94,0.4072875525544657,0.36325646579182075,0.4513186393171107
g_nf,QUANT,base_status,PANEL_REPAIRED,69,0.3599062744077063,0.3034834678469149,0.4123926060921635
g_nf,QUANT,base_status,TRUSTED_AGREED,16,0.4850299401197605,0.42035928143712575,0.5173652694610779
g_nf,QUANT,base_endorsed_hyb,endorsed,133,0.39677637206789423,0.35787672774751245,0.4356760163882761
g_nf,QUANT,base_endorsed_hyb,not_endorsed,46,0.39364748763342877,0.32616506118198385,0.4498828430096329
g_nf,RESTR,base_status,GOLD_PANEL_OK,94,0.4843419543890944,0.45943687093897334,0.5063574977704169
g_nf,RESTR,base_status,PANEL_REPAIRED,68,0.40324057766819305,0.3499823881648468,0.44889045438534697
g_nf,RESTR,base_status,TRUSTED_AGREED,15,0.517365269461078,0.517365269461078,0.517365269461078
g_nf,RESTR,base_endorsed_hyb,endorsed,132,0.4664126292868808,0.4389765922700054,0.4938486663037562
g_nf,RESTR,base_endorsed_hyb,not_endorsed,45,0.42538922155688624,0.36790419161676646,0.4774131736526943
g_nf,CONN,base_status,GOLD_PANEL_OK,179,0.48268156424581016,0.4575911035072714,0.5005425388940101
g_nf,CONN,base_status,PANEL_REPAIRED,118,0.390216177813864,0.3389733700786172,0.43043138328385244
g_nf,CONN,base_status,TRUSTED_AGREED,30,0.46562874251497,0.40142167278346536,0.5173652694610779
g_nf,CONN,base_endorsed_hyb,endorsed,240,0.4483832335329343,0.4235389221556886,0.4713074502884713
g_nf,CONN,base_endorsed_hyb,not_endorsed,87,0.44600454263886036,0.398577744732265,0.4876316332851538
g_nf,MOVE,base_status,PANEL_REPAIRED,6,0.1724550898203593,0.0,0.3901796407185609
g_nf,MOVE,base_endorsed_hyb,endorsed,5,0.20694610778443115,0.0,0.4138922155688623
g_nf,MOVE,base_endorsed_hyb,not_endorsed,1,0.0,0.0,0.0
g_nf,DROP,base_status,GOLD_PANEL_OK,109,0.32275998461792016,0.2695424676405833,0.36820303318596465
g_nf,DROP,base_status,PANEL_REPAIRED,67,0.3088747877379569,0.2364600211342022,0.3734832958517354
g_nf,DROP,base_status,TRUSTED_AGREED,15,0.27592814371257485,0.15434730538922162,0.41389221556886235
g_nf,DROP,base_endorsed_hyb,endorsed,138,0.31866701379849,0.2730583415212918,0.36235394903623414
g_nf,DROP,base_endorsed_hyb,not_endorsed,53,0.30260987459044175,0.22172797262617622,0.38802395209580837
g_nf,ADD,base_status,GOLD_PANEL_OK,250,0.26902994011976045,0.2244908017630079,0.3147518935018389
g_nf,ADD,base_status,PANEL_REPAIRED,191,0.17064927736150737,0.119878871767657,0.22213006998586102
g_nf,ADD,base_status,TRUSTED_AGREED,31,0.3337840448135985,0.2670272358508789,0.41032417922775144
g_nf,ADD,base_endorsed_hyb,endorsed,347,0.21619009818978757,0.18073551540067762,0.25165507042594965
g_nf,ADD,base_endorsed_hyb,not_endorsed,125,0.2814467065868264,0.21228714529285345,0.35593465243426187
g_nf,SWAP,base_status,GOLD_PANEL_OK,26,0.5173652694610779,0.5173652694610779,0.517365269461078
g_nf,SWAP,base_status,PANEL_REPAIRED,66,0.4076211213935765,0.3423635243056682,0.4577035522682361
g_nf,SWAP,base_status,TRUSTED_AGREED,24,0.3880239520958084,0.2924238479562614,0.47336110387919805
g_nf,SWAP,base_endorsed_hyb,endorsed,92,0.4161416297839106,0.36828081767499493,0.4580838323353294
g_nf,SWAP,base_endorsed_hyb,not_endorsed,24,0.47425149700598807,0.3880239520958084,0.517365269461078
g_nf,BIND,base_status,GOLD_PANEL_OK,166,0.470615395714595,0.4370451227570523,0.49567930008246996
g_nf,BIND,base_status,PANEL_REPAIRED,118,0.40775398355830733,0.3547951465490073,0.45350507493345515
g_nf,BIND,base_status,TRUSTED_AGREED,30,0.3621556886227545,0.2586826347305389,0.4412821415991547
g_nf,BIND,base_endorsed_hyb,endorsed,234,0.4377706126209122,0.40802710847483226,0.46519905851885857
g_nf,BIND,base_endorsed_hyb,not_endorsed,80,0.4332934131736527,0.37983779276889257,0.47950927413465755
g_nf,MEANING_RENAME,base_status,GOLD_PANEL_OK,172,0.1834841944018939,0.13263994089742592,0.2391360631338479
g_nf,MEANING_RENAME,base_status,PANEL_REPAIRED,108,0.13413173652694613,0.07492073196264813,0.1894275047830147
g_nf,MEANING_RENAME,base_status,TRUSTED_AGREED,38,0.09530412858493538,0.014566295979469634,0.18107784431137725
g_nf,MEANING_RENAME,base_endorsed_hyb,endorsed,239,0.11905895322326059,0.08383612322904012,0.15681891705949802
g_nf,MEANING_RENAME,base_endorsed_hyb,not_endorsed,79,0.26850602592283784,0.19107545376627466,0.34705521960093394
g_hyb,NEG,base_status,GOLD_PANEL_OK,188,0.4851063829787233,0.45673758865248215,0.5078014184397162
g_hyb,NEG,base_status,PANEL_REPAIRED,138,0.4173913043478261,0.37487922705314003,0.4542028985507246
g_hyb,NEG,base_status,TRUSTED_AGREED,53,0.47295597484276736,0.4201691216584834,0.513939393939394
g_hyb,NEG,base_endorsed_hyb,endorsed,287,0.46085946573751446,0.43432302405498274,0.4836655132641291
g_hyb,NEG,base_endorsed_hyb,not_endorsed,92,0.4521739130434782,0.4027536231884059,0.4957971014492754
g_hyb,REV,base_status,GOLD_PANEL_OK,94,0.43120567375886515,0.3858156028368794,0.4709219858156027
g_hyb,REV,base_status,PANEL_REPAIRED,69,0.4019323671497585,0.34782608695652173,0.4483091787439615
g_hyb,REV,base_status,TRUSTED_AGREED,16,0.5,0.43333333333333335,0.5333333333333333
g_hyb,REV,base_endorsed_hyb,endorsed,133,0.4411027568922306,0.40100250626566425,0.47318295739348376
g_hyb,REV,base_endorsed_hyb,not_endorsed,46,0.38260869565217404,0.3130434782608696,0.4521739130434784
g_hyb,QUANT,base_status,GOLD_PANEL_OK,94,0.4198581560283687,0.37446808510638285,0.46524822695035445
g_hyb,QUANT,base_status,PANEL_REPAIRED,69,0.3787439613526571,0.3246376811594203,0.43285024154589385
g_hyb,QUANT,base_status,TRUSTED_AGREED,16,0.5,0.43333333333333335,0.5333333333333333
g_hyb,QUANT,base_endorsed_hyb,endorsed,133,0.41303258145363414,0.37293233082706767,0.4531328320802005
g_hyb,QUANT,base_endorsed_hyb,not_endorsed,46,0.40579710144927544,0.336231884057971,0.4637681159420292
g_hyb,RESTR,base_status,GOLD_PANEL_OK,94,0.49929078014184386,0.4736170212765956,0.5219858156028366
g_hyb,RESTR,base_status,PANEL_REPAIRED,68,0.41568627450980394,0.36078431372549025,0.46274509803921576
g_hyb,RESTR,base_status,TRUSTED_AGREED,15,0.5333333333333333,0.5333333333333333,0.5333333333333333
g_hyb,RESTR,base_endorsed_hyb,endorsed,132,0.4808080808080808,0.45252525252525255,0.509090909090909
g_hyb,RESTR,base_endorsed_hyb,not_endorsed,45,0.43851851851851853,0.37925925925925935,0.49214814814814806
g_hyb,CONN,base_status,GOLD_PANEL_OK,179,0.49757914338919923,0.47171428571428553,0.5159913826870347
g_hyb,CONN,base_status,PANEL_REPAIRED,118,0.406779661016949,0.35712111801242236,0.44809411764705875
g_hyb,CONN,base_status,TRUSTED_AGREED,30,0.48000000000000004,0.4138112305854242,0.5333333333333333
g_hyb,CONN,base_endorsed_hyb,endorsed,240,0.4644444444444444,0.43941110251178495,0.48625770459351236
g_hyb,CONN,base_endorsed_hyb,not_endorsed,87,0.4597701149425287,0.410879526977088,0.5026819923371649
g_hyb,MOVE,base_status,PANEL_REPAIRED,6,0.17777777777777778,0.0,0.4022222222222202
g_hyb,MOVE,base_endorsed_hyb,endorsed,5,0.21333333333333332,0.0,0.42666666666666664
g_hyb,MOVE,base_endorsed_hyb,not_endorsed,1,0.0,0.0,0.0
g_hyb,DROP,base_status,GOLD_PANEL_OK,109,0.33272171253822624,0.27786167960479896,0.37956732433367935
g_hyb,DROP,base_status,PANEL_REPAIRED,67,0.3104477611940299,0.23880597014925373,0.3757720588235294
g_hyb,DROP,base_status,TRUSTED_AGREED,15,0.28444444444444444,0.15911111111111115,0.42666666666666664
g_hyb,DROP,base_endorsed_hyb,endorsed,138,0.32463768115942027,0.27971370343197194,0.36982968369829683
g_hyb,DROP,base_endorsed_hyb,not_endorsed,53,0.31194968553459124,0.2285714285714286,0.40000000000000013
g_hyb,ADD,base_status,GOLD_PANEL_OK,250,0.27733333333333327,0.2314195302124834,0.32446645811609315
g_hyb,ADD,base_status,PANEL_REPAIRED,191,0.1787085514834206,0.12923060862302957,0.22736898600728386
g_hyb,ADD,base_status,TRUSTED_AGREED,31,0.3440860215053763,0.27526881720430113,0.4229885057471265
g_hyb,ADD,base_endorsed_hyb,endorsed,347,0.22439961575408263,0.18876687370600412,0.2619883040935672
g_hyb,ADD,base_endorsed_hyb,not_endorsed,125,0.2901333333333333,0.21883921767843537,0.3669202898550726
g_hyb,SWAP,base_status,GOLD_PANEL_OK,26,0.5333333333333333,0.5333333333333333,0.5333333333333333
g_hyb,SWAP,base_status,PANEL_REPAIRED,66,0.41212121212121217,0.34985655737704924,0.4696517412935324
g_hyb,SWAP,base_status,TRUSTED_AGREED,24,0.4000000000000001,0.30144927536231886,0.4879710144927536
g_hyb,SWAP,base_endorsed_hyb,endorsed,92,0.4231884057971013,0.3736245210727969,0.46416082281439924
g_hyb,SWAP,base_endorsed_hyb,not_endorsed,24,0.48888888888888893,0.4000000000000001,0.5333333333333334
g_hyb,BIND,base_status,GOLD_PANEL_OK,166,0.4851405622489959,0.4505341697557265,0.5109780439121755
g_hyb,BIND,base_status,PANEL_REPAIRED,118,0.4203389830508473,0.36574561403508776,0.46750214514745064
g_hyb,BIND,base_status,TRUSTED_AGREED,30,0.3733333333333333,0.26666666666666666,0.4549019607843137
g_hyb,BIND,base_endorsed_hyb,endorsed,234,0.4512820512820512,0.42062053774874675,0.47955705415215666
g_hyb,BIND,base_endorsed_hyb,not_endorsed,80,0.44666666666666666,0.39156118143459917,0.4943089430894309
g_hyb,MEANING_RENAME,base_status,GOLD_PANEL_OK,172,0.18914728682170542,0.13673376623376624,0.2465168058231642
g_hyb,MEANING_RENAME,base_status,PANEL_REPAIRED,108,0.13827160493827162,0.07723310023310025,0.19527403270841642
g_hyb,MEANING_RENAME,base_status,TRUSTED_AGREED,38,0.0982456140350877,0.015015873015873017,0.18666666666666668
g_hyb,MEANING_RENAME,base_endorsed_hyb,endorsed,239,0.12273361227336123,0.08642365789660308,0.16165900709219858
g_hyb,MEANING_RENAME,base_endorsed_hyb,not_endorsed,79,0.2767932489451477,0.19697284431461648,0.35776680045281467
parse_fail,NEG,base_status,GOLD_PANEL_OK,190,0.09999999999999998,0.09999999999999996,0.09999999999999996
parse_fail,NEG,base_status,PANEL_REPAIRED,138,0.09999999999999998,0.09999999999999996,0.09999999999999996
parse_fail,NEG,base_status,R_COMP,200,0.1,0.09999999999999998,0.09999999999999998
parse_fail,NEG,base_status,TRUSTED_AGREED,55,0.09999999999999995,0.09999999999999998,0.10000000000000002
parse_fail,NEG,base_endorsed_hyb,R_COMP(no peers),200,0.1,0.09999999999999998,0.09999999999999998
parse_fail,NEG,base_endorsed_hyb,endorsed,287,0.09999999999999999,0.09999999999999998,0.1
parse_fail,NEG,base_endorsed_hyb,not_endorsed,96,0.09999999999999999,0.09999999999999999,0.09999999999999999
parse_fail,REV,base_status,GOLD_PANEL_OK,95,0.09999999999999996,0.09999999999999996,0.09999999999999996
parse_fail,REV,base_status,PANEL_REPAIRED,69,0.09999999999999996,0.09999999999999996,0.09999999999999996
parse_fail,REV,base_status,R_COMP,100,0.09999999999999998,0.09999999999999998,0.09999999999999998
parse_fail,REV,base_status,TRUSTED_AGREED,17,0.1,0.1,0.1
parse_fail,REV,base_endorsed_hyb,R_COMP(no peers),100,0.09999999999999998,0.09999999999999998,0.09999999999999998
parse_fail,REV,base_endorsed_hyb,endorsed,133,0.09999999999999998,0.09999999999999998,0.09999999999999998
parse_fail,REV,base_endorsed_hyb,not_endorsed,48,0.09999999999999999,0.09999999999999999,0.09999999999999999
parse_fail,QUANT,base_status,GOLD_PANEL_OK,95,0.09999999999999996,0.09999999999999996,0.09999999999999996
parse_fail,QUANT,base_status,PANEL_REPAIRED,69,0.09999999999999996,0.09999999999999996,0.09999999999999996
parse_fail,QUANT,base_status,R_COMP,100,0.09999999999999998,0.09999999999999998,0.09999999999999998
parse_fail,QUANT,base_status,TRUSTED_AGREED,17,0.1,0.1,0.1
parse_fail,QUANT,base_endorsed_hyb,R_COMP(no peers),100,0.09999999999999998,0.09999999999999998,0.09999999999999998
parse_fail,QUANT,base_endorsed_hyb,endorsed,133,0.09999999999999998,0.09999999999999998,0.09999999999999998
parse_fail,QUANT,base_endorsed_hyb,not_endorsed,48,0.09999999999999999,0.09999999999999999,0.09999999999999999
parse_fail,RESTR,base_status,GOLD_PANEL_OK,95,0.09999999999999996,0.09999999999999996,0.09999999999999996
parse_fail,RESTR,base_status,PANEL_REPAIRED,68,0.09999999999999998,0.09999999999999998,0.09999999999999998
parse_fail,RESTR,base_status,R_COMP,100,0.09999999999999998,0.09999999999999998,0.09999999999999998
parse_fail,RESTR,base_status,TRUSTED_AGREED,16,0.1,0.1,0.1
parse_fail,RESTR,base_endorsed_hyb,R_COMP(no peers),100,0.09999999999999998,0.09999999999999998,0.09999999999999998
parse_fail,RESTR,base_endorsed_hyb,endorsed,132,0.09999999999999998,0.09999999999999998,0.09999999999999998
parse_fail,RESTR,base_endorsed_hyb,not_endorsed,47,0.09999999999999995,0.09999999999999995,0.09999999999999995
parse_fail,CONN,base_status,GOLD_PANEL_OK,181,0.09999999999999996,0.09999999999999995,0.1
parse_fail,CONN,base_status,PANEL_REPAIRED,118,0.09999999999999999,0.09999999999999996,0.09999999999999999
parse_fail,CONN,base_status,R_COMP,200,0.1,0.09999999999999998,0.09999999999999998
parse_fail,CONN,base_status,TRUSTED_AGREED,31,0.10000000000000003,0.1,0.10000000000000002
parse_fail,CONN,base_endorsed_hyb,R_COMP(no peers),200,0.1,0.09999999999999998,0.09999999999999998
parse_fail,CONN,base_endorsed_hyb,endorsed,240,0.10000000000000002,0.09999999999999996,0.1
parse_fail,CONN,base_endorsed_hyb,not_endorsed,90,0.09999999999999998,0.09999999999999998,0.1
parse_fail,MOVE,base_status,PANEL_REPAIRED,6,0.09999999999999999,0.09999999999999999,0.09999999999999999
parse_fail,MOVE,base_endorsed_hyb,endorsed,5,0.1,0.1,0.1
parse_fail,MOVE,base_endorsed_hyb,not_endorsed,1,0.1,0.1,0.1
parse_fail,DROP,base_status,GOLD_PANEL_OK,110,0.09999999999999998,0.09999999999999996,0.09999999999999999
parse_fail,DROP,base_status,PANEL_REPAIRED,67,0.09999999999999998,0.09999999999999996,0.09999999999999999
parse_fail,DROP,base_status,R_COMP,100,0.09999999999999998,0.09999999999999998,0.09999999999999998
parse_fail,DROP,base_status,TRUSTED_AGREED,15,0.10000000000000003,0.10000000000000003,0.10000000000000003
parse_fail,DROP,base_endorsed_hyb,R_COMP(no peers),100,0.09999999999999998,0.09999999999999998,0.09999999999999998
parse_fail,DROP,base_endorsed_hyb,endorsed,138,0.09999999999999998,0.09999999999999999,0.10000000000000002
parse_fail,DROP,base_endorsed_hyb,not_endorsed,54,0.09999999999999996,0.09999999999999995,0.1
parse_fail,ADD,base_status,GOLD_PANEL_OK,252,0.09999999999999999,0.09999999999999998,0.10000000000000002
parse_fail,ADD,base_status,PANEL_REPAIRED,191,0.09999999999999996,0.09999999999999996,0.10000000000000002
parse_fail,ADD,base_status,R_COMP,285,0.09999999999999998,0.09999999999999999,0.1
parse_fail,ADD,base_status,TRUSTED_AGREED,33,0.1,0.1,0.10000000000000002
parse_fail,ADD,base_endorsed_hyb,R_COMP(no peers),285,0.09999999999999998,0.09999999999999999,0.1
parse_fail,ADD,base_endorsed_hyb,endorsed,347,0.09999999999999999,0.09999999999999998,0.10000000000000002
parse_fail,ADD,base_endorsed_hyb,not_endorsed,129,0.09999999999999999,0.09999999999999999,0.1
parse_fail,SWAP,base_status,GOLD_PANEL_OK,28,0.10000000000000002,0.1,0.10000000000000002
parse_fail,SWAP,base_status,PANEL_REPAIRED,66,0.09999999999999998,0.09999999999999996,0.1
parse_fail,SWAP,base_status,R_COMP,122,0.1,0.09999999999999996,0.09999999999999999
parse_fail,SWAP,base_status,TRUSTED_AGREED,26,0.10000000000000002,0.10000000000000002,0.10000000000000003
parse_fail,SWAP,base_endorsed_hyb,R_COMP(no peers),122,0.1,0.09999999999999996,0.09999999999999999
parse_fail,SWAP,base_endorsed_hyb,endorsed,92,0.09999999999999998,0.09999999999999998,0.1
parse_fail,SWAP,base_endorsed_hyb,not_endorsed,28,0.10000000000000002,0.1,0.10000000000000003
parse_fail,BIND,base_status,GOLD_PANEL_OK,168,0.09999999999999998,0.09999999999999996,0.09999999999999999
parse_fail,BIND,base_status,PANEL_REPAIRED,118,0.09999999999999999,0.09999999999999996,0.09999999999999999
parse_fail,BIND,base_status,R_COMP,163,0.09999999999999998,0.09999999999999996,0.1
parse_fail,BIND,base_status,TRUSTED_AGREED,32,0.1,0.10000000000000002,0.10000000000000003
parse_fail,BIND,base_endorsed_hyb,R_COMP(no peers),163,0.09999999999999998,0.09999999999999996,0.1
parse_fail,BIND,base_endorsed_hyb,endorsed,234,0.1,0.09999999999999996,0.1
parse_fail,BIND,base_endorsed_hyb,not_endorsed,84,0.09999999999999998,0.09999999999999998,0.1
parse_fail,MEANING_RENAME,base_status,GOLD_PANEL_OK,174,0.09999999999999998,0.09999999999999996,0.1
parse_fail,MEANING_RENAME,base_status,PANEL_REPAIRED,108,0.09999999999999999,0.09999999999999998,0.1
parse_fail,MEANING_RENAME,base_status,R_COMP,176,0.09999999999999999,0.09999999999999995,0.1
parse_fail,MEANING_RENAME,base_status,TRUSTED_AGREED,40,0.1,0.09999999999999998,0.10000000000000003
parse_fail,MEANING_RENAME,base_endorsed_hyb,R_COMP(no peers),176,0.09999999999999999,0.09999999999999995,0.1
parse_fail,MEANING_RENAME,base_endorsed_hyb,endorsed,239,0.09999999999999999,0.09999999999999998,0.1
parse_fail,MEANING_RENAME,base_endorsed_hyb,not_endorsed,83,0.09999999999999999,0.09999999999999998,0.1
pilot_joint_conflict,NEG,base_status,GOLD_PANEL_OK,190,0.26628025243551257,0.22340052692849702,0.30915997794252803
pilot_joint_conflict,NEG,base_status,PANEL_REPAIRED,138,0.24563445867287542,0.193156855797945,0.2915523611884396
pilot_joint_conflict,NEG,base_status,R_COMP,200,0.28486146682188596,0.24412572759022114,0.3255972060535507
pilot_joint_conflict,NEG,base_status,TRUSTED_AGREED,55,0.24289131124986776,0.16059688855963597,0.33388099369604846
pilot_joint_conflict,NEG,base_endorsed_hyb,R_COMP(no peers),200,0.28486146682188596,0.24412572759022114,0.3255972060535507
pilot_joint_conflict,NEG,base_endorsed_hyb,endorsed,287,0.2366977240369443,0.20474009712338162,0.27268756774115854
pilot_joint_conflict,NEG,base_endorsed_hyb,not_endorsed,96,0.31164144353899886,0.24563445867287545,0.3870779976717113
pilot_joint_conflict,REV,base_status,GOLD_PANEL_OK,95,0.09476135040745054,0.09476135040745054,0.09476135040745054
pilot_joint_conflict,REV,base_status,PANEL_REPAIRED,69,0.09476135040745055,0.09476135040745055,0.09476135040745055
pilot_joint_conflict,REV,base_status,R_COMP,100,0.09476135040745053,0.09476135040745053,0.09476135040745053
pilot_joint_conflict,REV,base_status,TRUSTED_AGREED,17,0.09476135040745054,0.09476135040745054,0.09476135040745054
pilot_joint_conflict,REV,base_endorsed_hyb,R_COMP(no peers),100,0.09476135040745053,0.09476135040745053,0.09476135040745053
pilot_joint_conflict,REV,base_endorsed_hyb,endorsed,133,0.09476135040745054,0.09476135040745054,0.09476135040745054
pilot_joint_conflict,REV,base_endorsed_hyb,not_endorsed,48,0.09476135040745054,0.09476135040745054,0.09476135040745054
pilot_joint_conflict,QUANT,base_status,GOLD_PANEL_OK,95,0.09476135040745054,0.09476135040745054,0.09476135040745054
pilot_joint_conflict,QUANT,base_status,PANEL_REPAIRED,69,0.10788075112618314,0.09476135040745055,0.13411955256364835
pilot_joint_conflict,QUANT,base_status,R_COMP,100,0.1309708963911525,0.10381373690337602,0.16718044237485447
pilot_joint_conflict,QUANT,base_status,TRUSTED_AGREED,17,0.09476135040745054,0.09476135040745054,0.09476135040745054
pilot_joint_conflict,QUANT,base_endorsed_hyb,R_COMP(no peers),100,0.1309708963911525,0.10381373690337602,0.16718044237485447
pilot_joint_conflict,QUANT,base_endorsed_hyb,endorsed,133,0.09476135040745054,0.09476135040745054,0.09476135040745054
pilot_joint_conflict,QUANT,base_endorsed_hyb,not_endorsed,48,0.11362048894062866,0.09476135040745054,0.1513387660069849
pilot_joint_conflict,RESTR,base_status,GOLD_PANEL_OK,95,0.7713081306292509,0.6996037007536304,0.8475387537528338
pilot_joint_conflict,RESTR,base_status,PANEL_REPAIRED,68,0.7603780045196192,0.6538793398616723,0.853564336095323
pilot_joint_conflict,RESTR,base_status,R_COMP,100,0.6831664726426078,0.5926426076833529,0.7693904540162978
pilot_joint_conflict,RESTR,base_status,TRUSTED_AGREED,16,0.7736903376018627,0.5473806752037254,0.9434225844004657
pilot_joint_conflict,RESTR,base_endorsed_hyb,R_COMP(no peers),100,0.6831664726426078,0.5926426076833529,0.7693904540162978
pilot_joint_conflict,RESTR,base_endorsed_hyb,endorsed,132,0.7668324690443434,0.6982537834691502,0.8285532860620172
pilot_joint_conflict,RESTR,base_endorsed_hyb,not_endorsed,47,0.7688752384019024,0.6533128576028533,0.8844376192009511
pilot_joint_conflict,CONN,base_status,GOLD_PANEL_OK,181,0.09476135040745053,0.09476135040745051,0.09476135040745055
pilot_joint_conflict,CONN,base_status,PANEL_REPAIRED,118,0.09476135040745053,0.09476135040745054,0.09476135040745057
pilot_joint_conflict,CONN,base_status,R_COMP,200,0.09476135040745053,0.09476135040745053,0.09476135040745053
pilot_joint_conflict,CONN,base_status,TRUSTED_AGREED,31,0.09476135040745058,0.09476135040745053,0.09476135040745055
pilot_joint_conflict,CONN,base_endorsed_hyb,R_COMP(no peers),200,0.09476135040745053,0.09476135040745053,0.09476135040745053
pilot_joint_conflict,CONN,base_endorsed_hyb,endorsed,240,0.09476135040745051,0.09476135040745053,0.09476135040745055
pilot_joint_conflict,CONN,base_endorsed_hyb,not_endorsed,90,0.09476135040745053,0.09476135040745054,0.09476135040745055
pilot_joint_conflict,MOVE,base_status,PANEL_REPAIRED,6,0.09476135040745054,0.09476135040745054,0.09476135040745054
pilot_joint_conflict,MOVE,base_endorsed_hyb,endorsed,5,0.09476135040745054,0.09476135040745054,0.09476135040745054
pilot_joint_conflict,MOVE,base_endorsed_hyb,not_endorsed,1,0.09476135040745054,0.09476135040745054,0.09476135040745054
pilot_joint_conflict,DROP,base_status,GOLD_PANEL_OK,110,0.09476135040745053,0.09476135040745053,0.09476135040745055
pilot_joint_conflict,DROP,base_status,PANEL_REPAIRED,67,0.09476135040745055,0.09476135040745054,0.09476135040745057
pilot_joint_conflict,DROP,base_status,R_COMP,100,0.09476135040745053,0.09476135040745053,0.09476135040745053
pilot_joint_conflict,DROP,base_status,TRUSTED_AGREED,15,0.09476135040745051,0.09476135040745051,0.09476135040745051
pilot_joint_conflict,DROP,base_endorsed_hyb,R_COMP(no peers),100,0.09476135040745053,0.09476135040745053,0.09476135040745053
pilot_joint_conflict,DROP,base_endorsed_hyb,endorsed,138,0.09476135040745054,0.09476135040745051,0.09476135040745054
pilot_joint_conflict,DROP,base_endorsed_hyb,not_endorsed,54,0.09476135040745055,0.09476135040745054,0.09476135040745058
pilot_joint_conflict,ADD,base_status,GOLD_PANEL_OK,252,0.09476135040745054,0.09476135040745051,0.09476135040745055
pilot_joint_conflict,ADD,base_status,PANEL_REPAIRED,191,0.09476135040745053,0.09476135040745051,0.09476135040745057
pilot_joint_conflict,ADD,base_status,R_COMP,285,0.09476135040745054,0.09476135040745053,0.09476135040745055
pilot_joint_conflict,ADD,base_status,TRUSTED_AGREED,33,0.09476135040745054,0.09476135040745053,0.09476135040745055
pilot_joint_conflict,ADD,base_endorsed_hyb,R_COMP(no peers),285,0.09476135040745054,0.09476135040745053,0.09476135040745055
pilot_joint_conflict,ADD,base_endorsed_hyb,endorsed,347,0.09476135040745054,0.09476135040745053,0.09476135040745055
pilot_joint_conflict,ADD,base_endorsed_hyb,not_endorsed,129,0.09476135040745054,0.09476135040745053,0.09476135040745055
pilot_joint_conflict,SWAP,base_status,GOLD_PANEL_OK,28,0.09476135040745057,0.09476135040745053,0.09476135040745055
pilot_joint_conflict,SWAP,base_status,PANEL_REPAIRED,66,0.09476135040745054,0.09476135040745054,0.09476135040745057
pilot_joint_conflict,SWAP,base_status,R_COMP,122,0.09476135040745051,0.09476135040745053,0.09476135040745055
pilot_joint_conflict,SWAP,base_status,TRUSTED_AGREED,26,0.09476135040745055,0.09476135040745053,0.09476135040745058
pilot_joint_conflict,SWAP,base_endorsed_hyb,R_COMP(no peers),122,0.09476135040745051,0.09476135040745053,0.09476135040745055
pilot_joint_conflict,SWAP,base_endorsed_hyb,endorsed,92,0.09476135040745053,0.09476135040745053,0.09476135040745055
pilot_joint_conflict,SWAP,base_endorsed_hyb,not_endorsed,28,0.09476135040745057,0.09476135040745053,0.09476135040745057
pilot_joint_conflict,BIND,base_status,GOLD_PANEL_OK,168,0.09476135040745053,0.09476135040745053,0.09476135040745054
pilot_joint_conflict,BIND,base_status,PANEL_REPAIRED,118,0.09476135040745053,0.09476135040745054,0.09476135040745055
pilot_joint_conflict,BIND,base_status,R_COMP,163,0.09476135040745053,0.09476135040745053,0.09476135040745055
pilot_joint_conflict,BIND,base_status,TRUSTED_AGREED,32,0.09476135040745054,0.09476135040745053,0.09476135040745058
pilot_joint_conflict,BIND,base_endorsed_hyb,R_COMP(no peers),163,0.09476135040745053,0.09476135040745053,0.09476135040745055
pilot_joint_conflict,BIND,base_endorsed_hyb,endorsed,234,0.09476135040745051,0.09476135040745053,0.09476135040745055
pilot_joint_conflict,BIND,base_endorsed_hyb,not_endorsed,84,0.09476135040745054,0.09476135040745054,0.09476135040745057
pilot_joint_conflict,MEANING_RENAME,base_status,GOLD_PANEL_OK,174,0.09476135040745053,0.09476135040745051,0.09476135040745054
pilot_joint_conflict,MEANING_RENAME,base_status,PANEL_REPAIRED,108,0.09476135040745053,0.09476135040745053,0.09476135040745055
pilot_joint_conflict,MEANING_RENAME,base_status,R_COMP,176,0.09476135040745053,0.09476135040745051,0.09476135040745055
pilot_joint_conflict,MEANING_RENAME,base_status,TRUSTED_AGREED,40,0.09476135040745054,0.09476135040745054,0.09476135040745057
pilot_joint_conflict,MEANING_RENAME,base_endorsed_hyb,R_COMP(no peers),176,0.09476135040745053,0.09476135040745051,0.09476135040745055
pilot_joint_conflict,MEANING_RENAME,base_endorsed_hyb,endorsed,239,0.09476135040745053,0.09476135040745053,0.09476135040745055
pilot_joint_conflict,MEANING_RENAME,base_endorsed_hyb,not_endorsed,83,0.09476135040745054,0.09476135040745055,0.09476135040745057
pilot_arity_incons,NEG,base_status,GOLD_PANEL_OK,190,0.09791183294663575,0.09791183294663575,0.09791183294663575
pilot_arity_incons,NEG,base_status,PANEL_REPAIRED,138,0.09791183294663573,0.09791183294663575,0.09791183294663575
pilot_arity_incons,NEG,base_status,R_COMP,200,0.09791183294663572,0.09791183294663573,0.09791183294663573
pilot_arity_incons,NEG,base_status,TRUSTED_AGREED,55,0.09791183294663576,0.0979118329466357,0.09791183294663575
pilot_arity_incons,NEG,base_endorsed_hyb,R_COMP(no peers),200,0.09791183294663572,0.09791183294663573,0.09791183294663573
pilot_arity_incons,NEG,base_endorsed_hyb,endorsed,287,0.09791183294663575,0.09791183294663573,0.09791183294663575
pilot_arity_incons,NEG,base_endorsed_hyb,not_endorsed,96,0.09791183294663573,0.09791183294663573,0.09791183294663573
pilot_arity_incons,REV,base_status,GOLD_PANEL_OK,95,0.09791183294663575,0.09791183294663575,0.09791183294663575
pilot_arity_incons,REV,base_status,PANEL_REPAIRED,69,0.09791183294663575,0.09791183294663575,0.09791183294663575
pilot_arity_incons,REV,base_status,R_COMP,100,0.09791183294663573,0.09791183294663573,0.09791183294663573
pilot_arity_incons,REV,base_status,TRUSTED_AGREED,17,0.09791183294663573,0.09791183294663573,0.09791183294663573
pilot_arity_incons,REV,base_endorsed_hyb,R_COMP(no peers),100,0.09791183294663573,0.09791183294663573,0.09791183294663573
pilot_arity_incons,REV,base_endorsed_hyb,endorsed,133,0.09791183294663575,0.09791183294663575,0.09791183294663575
pilot_arity_incons,REV,base_endorsed_hyb,not_endorsed,48,0.09791183294663573,0.09791183294663573,0.09791183294663573
pilot_arity_incons,QUANT,base_status,GOLD_PANEL_OK,95,0.09791183294663575,0.09791183294663575,0.09791183294663575
pilot_arity_incons,QUANT,base_status,PANEL_REPAIRED,69,0.09791183294663575,0.09791183294663575,0.09791183294663575
pilot_arity_incons,QUANT,base_status,R_COMP,100,0.09791183294663573,0.09791183294663573,0.09791183294663573
pilot_arity_incons,QUANT,base_status,TRUSTED_AGREED,17,0.09791183294663573,0.09791183294663573,0.09791183294663573
pilot_arity_incons,QUANT,base_endorsed_hyb,R_COMP(no peers),100,0.09791183294663573,0.09791183294663573,0.09791183294663573
pilot_arity_incons,QUANT,base_endorsed_hyb,endorsed,133,0.09791183294663575,0.09791183294663575,0.09791183294663575
pilot_arity_incons,QUANT,base_endorsed_hyb,not_endorsed,48,0.09791183294663573,0.09791183294663573,0.09791183294663573
pilot_arity_incons,RESTR,base_status,GOLD_PANEL_OK,95,0.09791183294663575,0.09791183294663575,0.09791183294663575
pilot_arity_incons,RESTR,base_status,PANEL_REPAIRED,68,0.09791183294663575,0.09791183294663575,0.09791183294663575
pilot_arity_incons,RESTR,base_status,R_COMP,100,0.09791183294663573,0.09791183294663573,0.09791183294663573
pilot_arity_incons,RESTR,base_status,TRUSTED_AGREED,16,0.09791183294663573,0.09791183294663573,0.09791183294663573
pilot_arity_incons,RESTR,base_endorsed_hyb,R_COMP(no peers),100,0.09791183294663573,0.09791183294663573,0.09791183294663573
pilot_arity_incons,RESTR,base_endorsed_hyb,endorsed,132,0.09791183294663575,0.09791183294663575,0.09791183294663575
pilot_arity_incons,RESTR,base_endorsed_hyb,not_endorsed,47,0.09791183294663576,0.09791183294663576,0.09791183294663576
pilot_arity_incons,CONN,base_status,GOLD_PANEL_OK,181,0.09791183294663573,0.09791183294663573,0.09791183294663575
pilot_arity_incons,CONN,base_status,PANEL_REPAIRED,118,0.09791183294663575,0.09791183294663573,0.09791183294663576
pilot_arity_incons,CONN,base_status,R_COMP,200,0.09791183294663572,0.09791183294663573,0.09791183294663573
pilot_arity_incons,CONN,base_status,TRUSTED_AGREED,31,0.09791183294663568,0.09791183294663572,0.09791183294663573
pilot_arity_incons,CONN,base_endorsed_hyb,R_COMP(no peers),200,0.09791183294663572,0.09791183294663573,0.09791183294663573
pilot_arity_incons,CONN,base_endorsed_hyb,endorsed,240,0.09791183294663573,0.09791183294663573,0.09791183294663575
pilot_arity_incons,CONN,base_endorsed_hyb,not_endorsed,90,0.09791183294663573,0.09791183294663572,0.09791183294663575
pilot_arity_incons,MOVE,base_status,PANEL_REPAIRED,6,0.09791183294663573,0.09791183294663573,0.09791183294663573
pilot_arity_incons,MOVE,base_endorsed_hyb,endorsed,5,0.09791183294663573,0.09791183294663573,0.09791183294663573
pilot_arity_incons,MOVE,base_endorsed_hyb,not_endorsed,1,0.09791183294663573,0.09791183294663573,0.09791183294663573
pilot_arity_incons,DROP,base_status,GOLD_PANEL_OK,110,0.09791183294663575,0.09791183294663573,0.09791183294663576
pilot_arity_incons,DROP,base_status,PANEL_REPAIRED,67,0.09791183294663575,0.09791183294663572,0.09791183294663575
pilot_arity_incons,DROP,base_status,R_COMP,100,0.09791183294663573,0.09791183294663573,0.09791183294663573
pilot_arity_incons,DROP,base_status,TRUSTED_AGREED,15,0.09791183294663573,0.09791183294663573,0.09791183294663573
pilot_arity_incons,DROP,base_endorsed_hyb,R_COMP(no peers),100,0.09791183294663573,0.09791183294663573,0.09791183294663573
pilot_arity_incons,DROP,base_endorsed_hyb,endorsed,138,0.09791183294663573,0.09791183294663573,0.09791183294663575
pilot_arity_incons,DROP,base_endorsed_hyb,not_endorsed,54,0.09791183294663576,0.09791183294663572,0.09791183294663576
pilot_arity_incons,ADD,base_status,GOLD_PANEL_OK,252,0.09791183294663575,0.09791183294663573,0.09791183294663576
pilot_arity_incons,ADD,base_status,PANEL_REPAIRED,191,0.10263480764325021,0.09791183294663573,0.11629713763629587
pilot_arity_incons,ADD,base_status,R_COMP,285,0.10107705458541948,0.09791183294663572,0.10761170571065039
pilot_arity_incons,ADD,base_status,TRUSTED_AGREED,33,0.09791183294663573,0.09791183294663572,0.09791183294663575
pilot_arity_incons,ADD,base_endorsed_hyb,R_COMP(no peers),285,0.10107705458541948,0.09791183294663572,0.10761170571065039
pilot_arity_incons,ADD,base_endorsed_hyb,endorsed,347,0.10051151066148692,0.09791183294663572,0.10583836610547435
pilot_arity_incons,ADD,base_endorsed_hyb,not_endorsed,129,0.09791183294663573,0.09791183294663572,0.09791183294663575
pilot_arity_incons,SWAP,base_status,GOLD_PANEL_OK,28,0.0979118329466357,0.09791183294663572,0.09791183294663573
pilot_arity_incons,SWAP,base_status,PANEL_REPAIRED,66,0.09791183294663575,0.09791183294663572,0.09791183294663576
pilot_arity_incons,SWAP,base_status,R_COMP,122,0.09791183294663573,0.09791183294663573,0.09791183294663576
pilot_arity_incons,SWAP,base_status,TRUSTED_AGREED,26,0.09791183294663572,0.09791183294663568,0.09791183294663573
pilot_arity_incons,SWAP,base_endorsed_hyb,R_COMP(no peers),122,0.09791183294663573,0.09791183294663573,0.09791183294663576
pilot_arity_incons,SWAP,base_endorsed_hyb,endorsed,92,0.09791183294663573,0.09791183294663572,0.09791183294663575
pilot_arity_incons,SWAP,base_endorsed_hyb,not_endorsed,28,0.0979118329466357,0.0979118329466357,0.09791183294663573
pilot_arity_incons,BIND,base_status,GOLD_PANEL_OK,168,0.09791183294663573,0.09791183294663573,0.09791183294663576
pilot_arity_incons,BIND,base_status,PANEL_REPAIRED,118,0.09791183294663575,0.09791183294663573,0.09791183294663576
pilot_arity_incons,BIND,base_status,R_COMP,163,0.09791183294663573,0.09791183294663573,0.09791183294663576
pilot_arity_incons,BIND,base_status,TRUSTED_AGREED,32,0.09791183294663573,0.09791183294663568,0.09791183294663573
pilot_arity_incons,BIND,base_endorsed_hyb,R_COMP(no peers),163,0.09791183294663573,0.09791183294663573,0.09791183294663576
pilot_arity_incons,BIND,base_endorsed_hyb,endorsed,234,0.09791183294663572,0.09791183294663572,0.09791183294663575
pilot_arity_incons,BIND,base_endorsed_hyb,not_endorsed,84,0.09791183294663573,0.0979118329466357,0.09791183294663575
pilot_arity_incons,MEANING_RENAME,base_status,GOLD_PANEL_OK,174,0.09791183294663575,0.09791183294663572,0.09791183294663575
pilot_arity_incons,MEANING_RENAME,base_status,PANEL_REPAIRED,108,0.09791183294663573,0.09791183294663572,0.09791183294663575
pilot_arity_incons,MEANING_RENAME,base_status,R_COMP,176,0.09791183294663573,0.09791183294663573,0.09791183294663576
pilot_arity_incons,MEANING_RENAME,base_status,TRUSTED_AGREED,40,0.09791183294663573,0.09791183294663569,0.09791183294663573
pilot_arity_incons,MEANING_RENAME,base_endorsed_hyb,R_COMP(no peers),176,0.09791183294663573,0.09791183294663573,0.09791183294663576
pilot_arity_incons,MEANING_RENAME,base_endorsed_hyb,endorsed,239,0.09791183294663573,0.09791183294663573,0.09791183294663575
pilot_arity_incons,MEANING_RENAME,base_endorsed_hyb,not_endorsed,83,0.09791183294663573,0.0979118329466357,0.09791183294663575
pilot_shape_incons,NEG,base_status,GOLD_PANEL_OK,190,0.09212750185322457,0.08732394366197181,0.10173461823573013
pilot_shape_incons,NEG,base_status,PANEL_REPAIRED,138,0.12039191671769746,0.08732394366197185,0.16007348438456823
pilot_shape_incons,NEG,base_status,R_COMP,200,0.08732394366197183,0.0873239436619718,0.0873239436619718
pilot_shape_incons,NEG,base_status,TRUSTED_AGREED,55,0.12051216389244561,0.08732394366197183,0.17110115236875797
pilot_shape_incons,NEG,base_endorsed_hyb,R_COMP(no peers),200,0.08732394366197183,0.0873239436619718,0.0873239436619718
pilot_shape_incons,NEG,base_endorsed_hyb,endorsed,287,0.11276439122540116,0.0936609478798693,0.13528932094801716
pilot_shape_incons,NEG,base_endorsed_hyb,not_endorsed,96,0.08732394366197183,0.08732394366197183,0.08732394366197183
pilot_shape_incons,REV,base_status,GOLD_PANEL_OK,95,0.08732394366197181,0.08732394366197181,0.08732394366197181
pilot_shape_incons,REV,base_status,PANEL_REPAIRED,69,0.11377832210655238,0.08732394366197185,0.1534598897734231
pilot_shape_incons,REV,base_status,R_COMP,100,0.0873239436619718,0.0873239436619718,0.0873239436619718
pilot_shape_incons,REV,base_status,TRUSTED_AGREED,17,0.08732394366197183,0.08732394366197183,0.08732394366197183
pilot_shape_incons,REV,base_endorsed_hyb,R_COMP(no peers),100,0.0873239436619718,0.0873239436619718,0.0873239436619718
pilot_shape_incons,REV,base_endorsed_hyb,endorsed,133,0.10104839563697979,0.08732394366197183,0.12163507359949166
pilot_shape_incons,REV,base_endorsed_hyb,not_endorsed,48,0.08732394366197183,0.08732394366197183,0.08732394366197183
pilot_shape_incons,QUANT,base_status,GOLD_PANEL_OK,95,0.08732394366197181,0.08732394366197181,0.08732394366197181
pilot_shape_incons,QUANT,base_status,PANEL_REPAIRED,69,0.11377832210655238,0.08732394366197185,0.1534598897734231
pilot_shape_incons,QUANT,base_status,R_COMP,100,0.0873239436619718,0.0873239436619718,0.0873239436619718
pilot_shape_incons,QUANT,base_status,TRUSTED_AGREED,17,0.08732394366197183,0.08732394366197183,0.08732394366197183
pilot_shape_incons,QUANT,base_endorsed_hyb,R_COMP(no peers),100,0.0873239436619718,0.0873239436619718,0.0873239436619718
pilot_shape_incons,QUANT,base_endorsed_hyb,endorsed,133,0.10104839563697979,0.08732394366197183,0.12163507359949169
pilot_shape_incons,QUANT,base_endorsed_hyb,not_endorsed,48,0.08732394366197183,0.08732394366197183,0.08732394366197183
pilot_shape_incons,RESTR,base_status,GOLD_PANEL_OK,95,0.08732394366197181,0.08732394366197181,0.08732394366197181
pilot_shape_incons,RESTR,base_status,PANEL_REPAIRED,68,0.11416735708367856,0.08732394366197184,0.15443247721623857
pilot_shape_incons,RESTR,base_status,R_COMP,100,0.0873239436619718,0.0873239436619718,0.0873239436619718
pilot_shape_incons,RESTR,base_status,TRUSTED_AGREED,16,0.08732394366197183,0.08732394366197183,0.08732394366197183
pilot_shape_incons,RESTR,base_endorsed_hyb,R_COMP(no peers),100,0.0873239436619718,0.0873239436619718,0.0873239436619718
pilot_shape_incons,RESTR,base_endorsed_hyb,endorsed,132,0.10115236875800257,0.08732394366197184,0.12189500640204863
pilot_shape_incons,RESTR,base_endorsed_hyb,not_endorsed,47,0.08732394366197181,0.08732394366197181,0.08732394366197181
pilot_shape_incons,CONN,base_status,GOLD_PANEL_OK,181,0.09236635281301063,0.08732394366197184,0.10266530575076845
pilot_shape_incons,CONN,base_status,PANEL_REPAIRED,118,0.10279302936261633,0.08732394366197183,0.12737423386026042
pilot_shape_incons,CONN,base_status,R_COMP,200,0.08732394366197183,0.0873239436619718,0.0873239436619718
pilot_shape_incons,CONN,base_status,TRUSTED_AGREED,31,0.11676510676965011,0.08732394366197181,0.1817387081107334
pilot_shape_incons,CONN,base_endorsed_hyb,R_COMP(no peers),200,0.08732394366197183,0.0873239436619718,0.0873239436619718
pilot_shape_incons,CONN,base_endorsed_hyb,endorsed,240,0.10253521126760562,0.0910340089316386,0.11794115913794358
pilot_shape_incons,CONN,base_endorsed_hyb,not_endorsed,90,0.08732394366197184,0.08732394366197183,0.08732394366197184
pilot_shape_incons,MOVE,base_status,PANEL_REPAIRED,6,0.08732394366197183,0.08732394366197183,0.08732394366197183
pilot_shape_incons,MOVE,base_endorsed_hyb,endorsed,5,0.08732394366197183,0.08732394366197183,0.08732394366197183
pilot_shape_incons,MOVE,base_endorsed_hyb,not_endorsed,1,0.08732394366197183,0.08732394366197183,0.08732394366197183
pilot_shape_incons,DROP,base_status,GOLD_PANEL_OK,110,0.08732394366197178,0.08732394366197177,0.08732394366197183
pilot_shape_incons,DROP,base_status,PANEL_REPAIRED,67,0.08732394366197184,0.08732394366197183,0.08732394366197185
pilot_shape_incons,DROP,base_status,R_COMP,100,0.0873239436619718,0.0873239436619718,0.0873239436619718
pilot_shape_incons,DROP,base_status,TRUSTED_AGREED,15,0.0873239436619718,0.0873239436619718,0.0873239436619718
pilot_shape_incons,DROP,base_endorsed_hyb,R_COMP(no peers),100,0.0873239436619718,0.0873239436619718,0.0873239436619718
pilot_shape_incons,DROP,base_endorsed_hyb,endorsed,138,0.08732394366197184,0.08732394366197178,0.08732394366197181
pilot_shape_incons,DROP,base_endorsed_hyb,not_endorsed,54,0.08732394366197187,0.08732394366197183,0.08732394366197187
pilot_shape_incons,ADD,base_status,GOLD_PANEL_OK,252,0.09818913480885312,0.08732394366197178,0.11596297271819893
pilot_shape_incons,ADD,base_status,PANEL_REPAIRED,191,0.12077280436545974,0.09188629715742894,0.15702452477100362
pilot_shape_incons,ADD,base_status,R_COMP,285,0.10013343217197923,0.08732394366197183,0.11604451886142025
pilot_shape_incons,ADD,base_status,TRUSTED_AGREED,33,0.08732394366197183,0.08732394366197181,0.08732394366197184
pilot_shape_incons,ADD,base_endorsed_hyb,R_COMP(no peers),285,0.10013343217197923,0.08732394366197183,0.11604451886142025
pilot_shape_incons,ADD,base_endorsed_hyb,endorsed,347,0.1083654665746641,0.0924726799565596,0.12919661090890697
pilot_shape_incons,ADD,base_endorsed_hyb,not_endorsed,129,0.1014739600393056,0.08732394366197181,0.13318466901704382
pilot_shape_incons,SWAP,base_status,GOLD_PANEL_OK,28,0.08732394366197181,0.08732394366197181,0.08732394366197184
pilot_shape_incons,SWAP,base_status,PANEL_REPAIRED,66,0.128809218950064,0.08732394366197184,0.1841229193341869
pilot_shape_incons,SWAP,base_status,R_COMP,122,0.21450011544677897,0.15573660915199444,0.2802673940819534
pilot_shape_incons,SWAP,base_status,TRUSTED_AGREED,26,0.2277356446370531,0.1193294248248109,0.3793802816901408
pilot_shape_incons,SWAP,base_endorsed_hyb,R_COMP(no peers),122,0.21450011544677897,0.15573660915199444,0.2802673940819534
pilot_shape_incons,SWAP,base_endorsed_hyb,endorsed,92,0.15676668707899566,0.11498079385403329,0.20837888871691684
pilot_shape_incons,SWAP,base_endorsed_hyb,not_endorsed,28,0.08732394366197181,0.0873239436619718,0.08732394366197184
pilot_shape_incons,BIND,base_status,GOLD_PANEL_OK,168,0.11991951710261566,0.09806130903065448,0.15174813587406788
pilot_shape_incons,BIND,base_status,PANEL_REPAIRED,118,0.1569348293148722,0.1104252032634491,0.2121343445287107
pilot_shape_incons,BIND,base_status,R_COMP,163,0.24410265272617296,0.19436619718309853,0.29708089416638794
pilot_shape_incons,BIND,base_status,TRUSTED_AGREED,32,0.2584507042253521,0.1462062698773285,0.3915492957746478
pilot_shape_incons,BIND,base_endorsed_hyb,R_COMP(no peers),163,0.24410265272617296,0.19436619718309853,0.29708089416638794
pilot_shape_incons,BIND,base_endorsed_hyb,endorsed,234,0.1653304442036836,0.13334122381346902,0.2039288837073739
pilot_shape_incons,BIND,base_endorsed_hyb,not_endorsed,84,0.09818913480885309,0.08732394366197181,0.12071453108897288
pilot_shape_incons,MEANING_RENAME,base_status,GOLD_PANEL_OK,174,0.09781447304516754,0.08732394366197183,0.1285748388636906
pilot_shape_incons,MEANING_RENAME,base_status,PANEL_REPAIRED,108,0.12957746478873236,0.09561791278292117,0.1652027637523252
pilot_shape_incons,MEANING_RENAME,base_status,R_COMP,176,0.09769526248399486,0.08732394366197184,0.11333912299042642
pilot_shape_incons,MEANING_RENAME,base_status,TRUSTED_AGREED,40,0.1329577464788732,0.08732394366197181,0.19736712960690966
pilot_shape_incons,MEANING_RENAME,base_endorsed_hyb,R_COMP(no peers),176,0.09769526248399486,0.08732394366197184,0.11333912299042642
pilot_shape_incons,MEANING_RENAME,base_endorsed_hyb,endorsed,239,0.11405504154634917,0.09861366546385752,0.13383487655104806
pilot_shape_incons,MEANING_RENAME,base_endorsed_hyb,not_endorsed,83,0.10931613779059898,0.08732394366197181,0.15453795946410168
pilot_dangling,NEG,base_status,GOLD_PANEL_OK,190,0.12239797354348439,0.11104981705600903,0.13498226850548833
pilot_dangling,NEG,base_status,PANEL_REPAIRED,138,0.11048593350383634,0.0948616600790514,0.1249941873982795
pilot_dangling,NEG,base_status,R_COMP,200,0.0693048128342246,0.05544385026737969,0.0847058823529412
pilot_dangling,NEG,base_status,TRUSTED_AGREED,55,0.11480797277588727,0.089606222654351,0.13657552214710927
pilot_dangling,NEG,base_endorsed_hyb,R_COMP(no peers),200,0.0693048128342246,0.05544385026737969,0.0847058823529412
pilot_dangling,NEG,base_endorsed_hyb,endorsed,287,0.11537386573254581,0.10500632495953197,0.12557822474696076
pilot_dangling,NEG,base_endorsed_hyb,not_endorsed,96,0.1219251336898396,0.10419786096256686,0.13644385026737962
pilot_dangling,REV,base_status,GOLD_PANEL_OK,95,0.12320855614973264,0.11186039966225726,0.13540782437376864
pilot_dangling,REV,base_status,PANEL_REPAIRED,69,0.11160195303417814,0.09597767960939317,0.12722622645896306
pilot_dangling,REV,base_status,R_COMP,100,0.06930481283422461,0.05544385026737969,0.0847058823529412
pilot_dangling,REV,base_status,TRUSTED_AGREED,17,0.09965397923875433,0.06341616860648003,0.13589178987102862
pilot_dangling,REV,base_endorsed_hyb,R_COMP(no peers),100,0.06930481283422461,0.05544385026737969,0.0847058823529412
pilot_dangling,REV,base_endorsed_hyb,endorsed,133,0.11463954002653694,0.10305978850870492,0.12621929154436895
pilot_dangling,REV,base_endorsed_hyb,not_endorsed,48,0.1219251336898396,0.10419786096256686,0.13644385026737962
pilot_dangling,QUANT,base_status,GOLD_PANEL_OK,95,0.12320855614973264,0.11186039966225726,0.13540782437376864
pilot_dangling,QUANT,base_status,PANEL_REPAIRED,69,0.11160195303417814,0.09597767960939317,0.12722622645896306
pilot_dangling,QUANT,base_status,R_COMP,100,0.06930481283422461,0.05544385026737969,0.0847058823529412
pilot_dangling,QUANT,base_status,TRUSTED_AGREED,17,0.09965397923875433,0.06341616860648003,0.13158854985844584
pilot_dangling,QUANT,base_endorsed_hyb,R_COMP(no peers),100,0.06930481283422461,0.05544385026737969,0.0847058823529412
pilot_dangling,QUANT,base_endorsed_hyb,endorsed,133,0.11463954002653694,0.10305978850870494,0.12621929154436895
pilot_dangling,QUANT,base_endorsed_hyb,not_endorsed,48,0.1219251336898396,0.10419786096256686,0.13644385026737962
pilot_dangling,RESTR,base_status,GOLD_PANEL_OK,95,0.12320855614973264,0.11186039966225726,0.13540782437376864
pilot_dangling,RESTR,base_status,PANEL_REPAIRED,68,0.11097829506134008,0.09285938974520291,0.12683233721296006
pilot_dangling,RESTR,base_status,R_COMP,100,0.06930481283422461,0.05544385026737969,0.0847058823529412
pilot_dangling,RESTR,base_status,TRUSTED_AGREED,16,0.0962566844919786,0.057754010695187166,0.13475935828877006
pilot_dangling,RESTR,base_endorsed_hyb,R_COMP(no peers),100,0.06930481283422461,0.05544385026737969,0.0847058823529412
pilot_dangling,RESTR,base_endorsed_hyb,endorsed,132,0.11434127369956247,0.10267379679144387,0.12600875060768107
pilot_dangling,RESTR,base_endorsed_hyb,not_endorsed,47,0.1212424621686199,0.10158152235749236,0.13762657867789285
pilot_dangling,CONN,base_status,GOLD_PANEL_OK,181,0.12167695807604811,0.10863453989057525,0.13400675853886504
pilot_dangling,CONN,base_status,PANEL_REPAIRED,118,0.11355025831596123,0.09740847387906214,0.1291083390487781
pilot_dangling,CONN,base_status,R_COMP,200,0.07161497326203209,0.05775401069518717,0.08665026737967914
pilot_dangling,CONN,base_status,TRUSTED_AGREED,31,0.09936173883042951,0.06737967914438502,0.1297721633205504
pilot_dangling,CONN,base_endorsed_hyb,R_COMP(no peers),200,0.07161497326203209,0.05775401069518717,0.08665026737967914
pilot_dangling,CONN,base_endorsed_hyb,endorsed,240,0.11486631016042782,0.10256378915202446,0.1251747750097822
pilot_dangling,CONN,base_endorsed_hyb,not_endorsed,90,0.12149732620320858,0.1038076851738164,0.13680706603376794
pilot_dangling,MOVE,base_status,PANEL_REPAIRED,6,0.15401069518716579,0.15401069518716579,0.15401069518716579
pilot_dangling,MOVE,base_endorsed_hyb,endorsed,5,0.15401069518716579,0.15401069518716579,0.15401069518716579
pilot_dangling,MOVE,base_endorsed_hyb,not_endorsed,1,0.15401069518716579,0.15401069518716579,0.15401069518716579
pilot_dangling,DROP,base_status,GOLD_PANEL_OK,110,0.13580943121050074,0.1260087506076811,0.1443850267379679
pilot_dangling,DROP,base_status,PANEL_REPAIRED,67,0.1310240242637082,0.11748893156113113,0.1444627725215961
pilot_dangling,DROP,base_status,R_COMP,100,0.09548663101604278,0.08008556149732621,0.11088770053475938
pilot_dangling,DROP,base_status,TRUSTED_AGREED,15,0.11294117647058825,0.07187165775401069,0.14374331550802139
pilot_dangling,DROP,base_endorsed_hyb,R_COMP(no peers),100,0.09548663101604278,0.08008556149732621,0.11088770053475938
pilot_dangling,DROP,base_endorsed_hyb,endorsed,138,0.12945826551964662,0.11959353006061907,0.13833225001145544
pilot_dangling,DROP,base_endorsed_hyb,not_endorsed,54,0.13975044563279862,0.12683233721296003,0.15126050420168072
pilot_dangling,ADD,base_status,GOLD_PANEL_OK,252,0.11061879297173417,0.09834793491864832,0.12227477037326558
pilot_dangling,ADD,base_status,PANEL_REPAIRED,191,0.09192261388134504,0.07802065107567954,0.1068749153553126
pilot_dangling,ADD,base_status,R_COMP,285,0.06268505488319731,0.051243639324241815,0.07485121831200856
pilot_dangling,ADD,base_status,TRUSTED_AGREED,33,0.08400583373845406,0.04982698961937716,0.11612056392805054
pilot_dangling,ADD,base_endorsed_hyb,R_COMP(no peers),285,0.06268505488319731,0.051243639324241815,0.07485121831200856
pilot_dangling,ADD,base_endorsed_hyb,endorsed,347,0.10030667755705899,0.0890437795616817,0.10995120011865231
pilot_dangling,ADD,base_endorsed_hyb,not_endorsed,129,0.10386767814948392,0.0892860350246969,0.11763566867819554
pilot_dangling,SWAP,base_status,GOLD_PANEL_OK,28,0.15401069518716579,0.15401069518716576,0.15401069518716579
pilot_dangling,SWAP,base_status,PANEL_REPAIRED,66,0.11434127369956248,0.09538505533472506,0.12994652406417115
pilot_dangling,SWAP,base_status,R_COMP,122,0.10604015078460596,0.09030109849582468,0.12170209990869965
pilot_dangling,SWAP,base_status,TRUSTED_AGREED,26,0.13031674208144794,0.1047272727272727,0.1486098890967045
pilot_dangling,SWAP,base_endorsed_hyb,R_COMP(no peers),122,0.10604015078460596,0.09030109849582468,0.12170209990869965
pilot_dangling,SWAP,base_endorsed_hyb,endorsed,92,0.12220413857242503,0.10831521419756715,0.1346542504148995
pilot_dangling,SWAP,base_endorsed_hyb,not_endorsed,28,0.14300993124522535,0.11846976552858905,0.15401069518716579
pilot_dangling,BIND,base_status,GOLD_PANEL_OK,168,0.10542398777692895,0.08906091039520023,0.11876457488523195
pilot_dangling,BIND,base_status,PANEL_REPAIRED,118,0.0926674521888879,0.07731272188019594,0.1101072152999131
pilot_dangling,BIND,base_status,R_COMP,163,0.07086381680391063,0.05675721456560322,0.08413794480667218
pilot_dangling,BIND,base_status,TRUSTED_AGREED,32,0.08181818181818182,0.04975027651219191,0.11324315822585718
pilot_dangling,BIND,base_endorsed_hyb,R_COMP(no peers),163,0.07086381680391063,0.05675721456560322,0.08413794480667218
pilot_dangling,BIND,base_endorsed_hyb,endorsed,234,0.09938296997120527,0.08964559959297197,0.11090249627293669
pilot_dangling,BIND,base_endorsed_hyb,not_endorsed,84,0.09533995416348359,0.07608794157441343,0.11642636366669601
pilot_dangling,MEANING_RENAME,base_status,GOLD_PANEL_OK,174,0.10975474829430207,0.09493957607696393,0.12177589852008458
pilot_dangling,MEANING_RENAME,base_status,PANEL_REPAIRED,108,0.09839572192513371,0.0828170719402684,0.11405594405594406
pilot_dangling,MEANING_RENAME,base_status,R_COMP,176,0.07087992221682061,0.055762888816277105,0.08478185932535263
pilot_dangling,MEANING_RENAME,base_status,TRUSTED_AGREED,40,0.12320855614973263,0.10508839536620938,0.1382147264500206
pilot_dangling,MEANING_RENAME,base_endorsed_hyb,R_COMP(no peers),176,0.07087992221682061,0.055762888816277105,0.08478185932535263
pilot_dangling,MEANING_RENAME,base_endorsed_hyb,endorsed,239,0.10568097912424768,0.09557008508732648,0.1155933121234685
pilot_dangling,MEANING_RENAME,base_endorsed_hyb,not_endorsed,83,0.11318858320984475,0.09240641711229945,0.13148293709597753
l2_bow,NEG,base_status,GOLD_PANEL_OK,190,0.1416933638443936,0.08137299771167049,0.20681922196796335
l2_bow,NEG,base_status,PANEL_REPAIRED,138,0.2134845620667927,0.12123503465658476,0.3077851291745431
l2_bow,NEG,base_status,R_COMP,200,0.21095652173913046,0.14095652173913045,0.28415434782608695
l2_bow,NEG,base_status,TRUSTED_AGREED,55,0.09090909090909091,0.017543859649122806,0.19642857142857142
l2_bow,NEG,base_endorsed_hyb,R_COMP(no peers),200,0.21095652173913046,0.14095652173913045,0.28415434782608695
l2_bow,NEG,base_endorsed_hyb,endorsed,287,0.14352370852901078,0.09569822542250962,0.20317371573847057
l2_bow,NEG,base_endorsed_hyb,not_endorsed,96,0.21032608695652175,0.09949728260869567,0.32210144927536233
l2_bow,REV,base_status,GOLD_PANEL_OK,95,0.1416933638443936,0.08137299771167049,0.20681922196796335
l2_bow,REV,base_status,PANEL_REPAIRED,69,0.2134845620667927,0.12123503465658476,0.3077851291745431
l2_bow,REV,base_status,R_COMP,100,0.21095652173913046,0.14095652173913045,0.28415434782608695
l2_bow,REV,base_status,TRUSTED_AGREED,17,0.058823529411764705,0.0,0.17647058823529413
l2_bow,REV,base_endorsed_hyb,R_COMP(no peers),100,0.21095652173913046,0.14095652173913045,0.28415434782608695
l2_bow,REV,base_endorsed_hyb,endorsed,133,0.14357633213468454,0.08854037267080746,0.2016999019287349
l2_bow,REV,base_endorsed_hyb,not_endorsed,48,0.21032608695652177,0.09949728260869567,0.32210144927536233
l2_bow,QUANT,base_status,GOLD_PANEL_OK,95,0.1416933638443936,0.08137299771167049,0.20681922196796335
l2_bow,QUANT,base_status,PANEL_REPAIRED,69,0.2134845620667927,0.12123503465658476,0.3077851291745431
l2_bow,QUANT,base_status,R_COMP,100,0.21095652173913046,0.14095652173913045,0.28415434782608695
l2_bow,QUANT,base_status,TRUSTED_AGREED,17,0.058823529411764705,0.0,0.17647058823529413
l2_bow,QUANT,base_endorsed_hyb,R_COMP(no peers),100,0.21095652173913046,0.14095652173913045,0.28415434782608695
l2_bow,QUANT,base_endorsed_hyb,endorsed,133,0.14357633213468454,0.08854037267080746,0.21124550506701537
l2_bow,QUANT,base_endorsed_hyb,not_endorsed,48,0.21032608695652177,0.09949728260869567,0.32210144927536233
l2_bow,RESTR,base_status,GOLD_PANEL_OK,95,0.1416933638443936,0.08137299771167049,0.20681922196796335
l2_bow,RESTR,base_status,PANEL_REPAIRED,68,0.21662404092071613,0.12093670076726346,0.309562020460358
l2_bow,RESTR,base_status,R_COMP,100,0.21095652173913046,0.14095652173913045,0.28415434782608695
l2_bow,RESTR,base_status,TRUSTED_AGREED,16,0.0625,0.0,0.1875
l2_bow,RESTR,base_endorsed_hyb,R_COMP(no peers),100,0.21095652173913046,0.14095652173913045,0.28415434782608695
l2_bow,RESTR,base_endorsed_hyb,endorsed,132,0.14466403162055338,0.08921113306982872,0.21426218708827405
l2_bow,RESTR,base_endorsed_hyb,not_endorsed,47,0.21480111008325628,0.11114246068455137,0.33575855689176687
l2_bow,CONN,base_status,GOLD_PANEL_OK,181,0.1447033389382657,0.08165291870550268,0.21078701056605545
l2_bow,CONN,base_status,PANEL_REPAIRED,118,0.19034635224760502,0.10467941807862757,0.2848416428441963
l2_bow,CONN,base_status,R_COMP,200,0.21095652173913046,0.14095652173913045,0.28415434782608695
l2_bow,CONN,base_status,TRUSTED_AGREED,31,0.0967741935483871,0.0,0.2222222222222222
l2_bow,CONN,base_endorsed_hyb,R_COMP(no peers),200,0.21095652173913046,0.14095652173913045,0.28415434782608695
l2_bow,CONN,base_endorsed_hyb,endorsed,240,0.14094202898550726,0.08880410199153091,0.19461454849498325
l2_bow,CONN,base_endorsed_hyb,not_endorsed,90,0.19806763285024157,0.08845914954610608,0.3127451690821255
l2_bow,MOVE,base_status,PANEL_REPAIRED,6,0.16666666666666666,0.0,0.5
l2_bow,MOVE,base_endorsed_hyb,endorsed,5,0.2,0.0,0.6
l2_bow,MOVE,base_endorsed_hyb,not_endorsed,1,0.0,0.0,0.0
l2_bow,DROP,base_status,GOLD_PANEL_OK,110,0.795098814229249,0.7178122013855709,0.8652491560653892
l2_bow,DROP,base_status,PANEL_REPAIRED,67,0.6770927968851396,0.5512409420289855,0.8060907987348537
l2_bow,DROP,base_status,R_COMP,100,0.8736521739130435,0.8085847826086957,0.93
l2_bow,DROP,base_status,TRUSTED_AGREED,15,0.9576811594202899,0.8730434782608697,1.0
l2_bow,DROP,base_endorsed_hyb,R_COMP(no peers),100,0.8736521739130435,0.8085847826086957,0.93
l2_bow,DROP,base_endorsed_hyb,endorsed,138,0.8004410838059232,0.7311669286010989,0.8645231664470795
l2_bow,DROP,base_endorsed_hyb,not_endorsed,54,0.6801932367149759,0.541246959562177,0.8228931677018634
l2_bow,ADD,base_status,GOLD_PANEL_OK,252,0.7388543823326431,0.6888232813050369,0.7898574516681621
l2_bow,ADD,base_status,PANEL_REPAIRED,191,0.7015706806282722,0.6336633663366337,0.7723868977673325
l2_bow,ADD,base_status,R_COMP,285,0.7138977879481312,0.671958604756855,0.7522216160050031
l2_bow,ADD,base_status,TRUSTED_AGREED,33,0.9393939393939394,0.8529411764705882,1.0
l2_bow,ADD,base_endorsed_hyb,R_COMP(no peers),285,0.7138977879481312,0.671958604756855,0.7522216160050031
l2_bow,ADD,base_endorsed_hyb,endorsed,347,0.7340934719959905,0.6865362952666331,0.7854352379976547
l2_bow,ADD,base_endorsed_hyb,not_endorsed,129,0.7477586788001348,0.6736438004206715,0.8245836255259467
l2_bow,SWAP,base_status,GOLD_PANEL_OK,28,0.09751552795031057,0.0,0.24474223602484454
l2_bow,SWAP,base_status,PANEL_REPAIRED,66,0.1474308300395257,0.05753092467850582,0.2451750091340884
l2_bow,SWAP,base_status,R_COMP,122,0.2496792587312901,0.1550408095952024,0.3487256108515989
l2_bow,SWAP,base_status,TRUSTED_AGREED,26,0.15384615384615385,0.0,0.31616379310344805
l2_bow,SWAP,base_endorsed_hyb,R_COMP(no peers),122,0.2496792587312901,0.1550408095952024,0.3487256108515989
l2_bow,SWAP,base_endorsed_hyb,endorsed,92,0.14924385633270323,0.07341897233201582,0.24181573498964803
l2_bow,SWAP,base_endorsed_hyb,not_endorsed,28,0.09751552795031057,0.0,0.253889668069191
l2_bow,BIND,base_status,GOLD_PANEL_OK,168,0.13369565217391305,0.07018702046035806,0.20679763190367395
l2_bow,BIND,base_status,PANEL_REPAIRED,118,0.3036109064112012,0.21447862623310196,0.4037122709306503
l2_bow,BIND,base_status,R_COMP,163,0.43227527340624167,0.34371168229444604,0.5186800529719318
l2_bow,BIND,base_status,TRUSTED_AGREED,32,0.4176630434782609,0.24146866177300966,0.6453429172510519
l2_bow,BIND,base_endorsed_hyb,R_COMP(no peers),163,0.43227527340624167,0.34371168229444604,0.5186800529719318
l2_bow,BIND,base_endorsed_hyb,endorsed,234,0.23158677071720551,0.17761562325060648,0.30121267112281236
l2_bow,BIND,base_endorsed_hyb,not_endorsed,84,0.2078674948240166,0.09255565741225773,0.31803973013493253
l2_bow,MEANING_RENAME,base_status,GOLD_PANEL_OK,174,0.9754622688655673,0.9491124783865119,0.9943502824858758
l2_bow,MEANING_RENAME,base_status,PANEL_REPAIRED,108,0.8956521739130435,0.8260473516995257,0.9553571428571429
l2_bow,MEANING_RENAME,base_status,R_COMP,176,0.9602272727272727,0.9215570271797126,0.9917455376992947
l2_bow,MEANING_RENAME,base_status,TRUSTED_AGREED,40,0.975,0.9166666666666666,1.0
l2_bow,MEANING_RENAME,base_endorsed_hyb,R_COMP(no peers),176,0.9602272727272727,0.9215570271797126,0.9917455376992947
l2_bow,MEANING_RENAME,base_endorsed_hyb,endorsed,239,0.9391668182645079,0.9053177726134338,0.9721939983600062
l2_bow,MEANING_RENAME,base_endorsed_hyb,not_endorsed,83,0.9759036144578314,0.9390243902439024,1.0
l3_z3,NEG,base_status,GOLD_PANEL_OK,190,0.34842105263157896,0.2794736842105263,0.4163157894736842
l3_z3,NEG,base_status,PANEL_REPAIRED,138,0.45652173913043476,0.37681159420289856,0.5362318840579711
l3_z3,NEG,base_status,TRUSTED_AGREED,55,0.5818181818181818,0.4721869639794168,0.6973130053908355
l3_z3,NEG,base_endorsed_hyb,endorsed,287,0.41498257839721253,0.3546855670103093,0.47266811955168114
l3_z3,NEG,base_endorsed_hyb,not_endorsed,96,0.43854166666666666,0.33937500000000004,0.522421875
l3_z3,REV,base_status,GOLD_PANEL_OK,95,0.8842105263157894,0.8155263157894737,0.9423684210526313
l3_z3,REV,base_status,PANEL_REPAIRED,69,0.8840579710144928,0.8115942028985508,0.9565217391304348
l3_z3,REV,base_status,TRUSTED_AGREED,17,0.9411764705882353,0.8235294117647058,1.0
l3_z3,REV,base_endorsed_hyb,endorsed,133,0.8947368421052632,0.8421052631578947,0.9437969924812029
l3_z3,REV,base_endorsed_hyb,not_endorsed,48,0.875,0.7708333333333334,0.9583333333333334
l3_z3,QUANT,base_status,GOLD_PANEL_OK,95,0.15894736842105264,0.09473684210526316,0.23157894736842105
l3_z3,QUANT,base_status,PANEL_REPAIRED,69,0.30434782608695654,0.2028985507246377,0.42028985507246375
l3_z3,QUANT,base_status,TRUSTED_AGREED,17,0.23529411764705882,0.058823529411764705,0.47058823529411764
l3_z3,QUANT,base_endorsed_hyb,endorsed,133,0.21127819548872181,0.143609022556391,0.2781954887218045
l3_z3,QUANT,base_endorsed_hyb,not_endorsed,48,0.25,0.125,0.375
l3_z3,RESTR,base_status,GOLD_PANEL_OK,95,0.28526315789473683,0.20105263157894737,0.37894736842105264
l3_z3,RESTR,base_status,PANEL_REPAIRED,68,0.5588235294117647,0.44816176470588237,0.6617647058823529
l3_z3,RESTR,base_status,TRUSTED_AGREED,16,0.1875,0.02968750000000009,0.375
l3_z3,RESTR,base_endorsed_hyb,endorsed,132,0.3568181818181818,0.28142045454545456,0.4440909090909089
l3_z3,RESTR,base_endorsed_hyb,not_endorsed,47,0.44680851063829785,0.2978723404255319,0.574468085106383
l3_z3,CONN,base_status,GOLD_PANEL_OK,181,0.06685082872928177,0.027975244029713308,0.1096048759983186
l3_z3,CONN,base_status,PANEL_REPAIRED,118,0.1957627118644068,0.12847252597047568,0.28119607087827425
l3_z3,CONN,base_status,TRUSTED_AGREED,31,0.12903225806451613,0.03225806451612903,0.25
l3_z3,CONN,base_endorsed_hyb,endorsed,240,0.10500000000000001,0.06658713692946058,0.15404182812660747
l3_z3,CONN,base_endorsed_hyb,not_endorsed,90,0.15555555555555556,0.07484843285289408,0.25555555555555554
l3_z3,MOVE,base_status,PANEL_REPAIRED,6,0.16666666666666666,0.0,0.5
l3_z3,MOVE,base_endorsed_hyb,endorsed,5,0.2,0.0,0.6
l3_z3,MOVE,base_endorsed_hyb,not_endorsed,1,0.0,0.0,0.0
l3_z3,DROP,base_status,GOLD_PANEL_OK,110,0.08181818181818182,0.03181089743589745,0.14479583975346683
l3_z3,DROP,base_status,PANEL_REPAIRED,67,0.19402985074626866,0.09157342657342658,0.301590909090909
l3_z3,DROP,base_status,TRUSTED_AGREED,15,0.2,0.0,0.4
l3_z3,DROP,base_endorsed_hyb,endorsed,138,0.11594202898550725,0.0649710666249609,0.17349166121648132
l3_z3,DROP,base_endorsed_hyb,not_endorsed,54,0.16666666666666666,0.057692307692307696,0.27840290381125216
l3_z3,ADD,base_status,GOLD_PANEL_OK,252,0.060714285714285735,0.019407864965155217,0.11198158914728683
l3_z3,ADD,base_status,PANEL_REPAIRED,191,0.14136125654450263,0.07474060180381514,0.23118279569892472
l3_z3,ADD,base_status,TRUSTED_AGREED,33,0.18181818181818182,0.0,0.375
l3_z3,ADD,base_endorsed_hyb,endorsed,347,0.10172910662824208,0.05487269938650307,0.15065643204086057
l3_z3,ADD,base_endorsed_hyb,not_endorsed,129,0.10077519379844961,0.030303030303030304,0.18627557041699444
l3_z3,SWAP,base_status,GOLD_PANEL_OK,28,0.10714285714285714,0.0,0.26984848484848467
l3_z3,SWAP,base_status,PANEL_REPAIRED,66,0.15303030303030304,0.050389344262295126,0.26199523525908275
l3_z3,SWAP,base_status,TRUSTED_AGREED,26,0.3076923076923077,0.14285714285714285,0.5
l3_z3,SWAP,base_endorsed_hyb,endorsed,92,0.17500000000000002,0.09388742780528056,0.25317994505494507
l3_z3,SWAP,base_endorsed_hyb,not_endorsed,28,0.17857142857142858,0.0,0.35714285714285715
l3_z3,BIND,base_status,GOLD_PANEL_OK,168,0.07261904761904764,0.02755882352941179,0.12523298816568046
l3_z3,BIND,base_status,PANEL_REPAIRED,118,0.1694915254237288,0.09090909090909091,0.2511824324324324
l3_z3,BIND,base_status,TRUSTED_AGREED,32,0.25,0.08566176470588235,0.42857142857142855
l3_z3,BIND,base_endorsed_hyb,endorsed,234,0.1418803418803419,0.0962878787878788,0.1982826895565093
l3_z3,BIND,base_endorsed_hyb,not_endorsed,84,0.08333333333333333,0.012048192771084338,0.16666666666666666
l3_z3,MEANING_RENAME,base_status,GOLD_PANEL_OK,174,0.11091954022988508,0.058444827586206914,0.17289625783699059
l3_z3,MEANING_RENAME,base_status,PANEL_REPAIRED,108,0.14814814814814814,0.06418287446324829,0.2374643396543044
l3_z3,MEANING_RENAME,base_status,TRUSTED_AGREED,40,0.8,0.6585365853658537,0.9221153846153846
l3_z3,MEANING_RENAME,base_endorsed_hyb,endorsed,239,0.22635983263598328,0.16522219229733368,0.29272493898186885
l3_z3,MEANING_RENAME,base_endorsed_hyb,not_endorsed,83,0.15903614457831328,0.07469879518072292,0.25562762678621465
p_peer_text,NEG,base_status,GOLD_PANEL_OK,190,0.631578947368421,0.5473684210526316,0.7080263157894735
p_peer_text,NEG,base_status,PANEL_REPAIRED,138,0.7318840579710145,0.633876811594203,0.8153985507246375
p_peer_text,NEG,base_status,R_COMP,200,0.07,0.03,0.12524999999999978
p_peer_text,NEG,base_status,TRUSTED_AGREED,55,0.6727272727272727,0.5462692967409948,0.8036842105263157
p_peer_text,NEG,base_endorsed_hyb,R_COMP(no peers),200,0.07,0.03,0.12524999999999978
p_peer_text,NEG,base_endorsed_hyb,endorsed,287,0.6585365853658537,0.5947096380942999,0.726027397260274
p_peer_text,NEG,base_endorsed_hyb,not_endorsed,96,0.71875,0.6145833333333334,0.8125
p_peer_text,REV,base_status,GOLD_PANEL_OK,95,0.9368421052631579,0.8842105263157894,0.9789473684210527
p_peer_text,REV,base_status,PANEL_REPAIRED,69,0.9565217391304348,0.9130434782608695,1.0
p_peer_text,REV,base_status,R_COMP,100,0.07,0.03,0.12524999999999978
p_peer_text,REV,base_status,TRUSTED_AGREED,17,0.9411764705882353,0.8235294117647058,1.0
p_peer_text,REV,base_endorsed_hyb,R_COMP(no peers),100,0.07,0.03,0.12524999999999978
p_peer_text,REV,base_endorsed_hyb,endorsed,133,0.9473684210526315,0.9097744360902256,0.9774436090225563
p_peer_text,REV,base_endorsed_hyb,not_endorsed,48,0.9375,0.8541666666666666,1.0
p_peer_text,QUANT,base_status,GOLD_PANEL_OK,95,0.47368421052631576,0.3684210526315789,0.5684210526315789
p_peer_text,QUANT,base_status,PANEL_REPAIRED,69,0.6666666666666666,0.5652173913043478,0.7681159420289855
p_peer_text,QUANT,base_status,R_COMP,100,0.07,0.03,0.12524999999999978
p_peer_text,QUANT,base_status,TRUSTED_AGREED,17,0.35294117647058826,0.17647058823529413,0.5882352941176471
p_peer_text,QUANT,base_endorsed_hyb,R_COMP(no peers),100,0.07,0.03,0.12524999999999978
p_peer_text,QUANT,base_endorsed_hyb,endorsed,133,0.5112781954887218,0.42857142857142855,0.5939849624060151
p_peer_text,QUANT,base_endorsed_hyb,not_endorsed,48,0.6041666666666666,0.4583333333333333,0.7291666666666666
p_peer_text,RESTR,base_status,GOLD_PANEL_OK,95,0.8315789473684211,0.7578947368421053,0.9052631578947369
p_peer_text,RESTR,base_status,PANEL_REPAIRED,68,0.8970588235294118,0.8158088235294118,0.9558823529411765
p_peer_text,RESTR,base_status,R_COMP,100,0.07,0.03,0.12524999999999978
p_peer_text,RESTR,base_status,TRUSTED_AGREED,16,0.4375,0.2171875000000001,0.6875
p_peer_text,RESTR,base_endorsed_hyb,R_COMP(no peers),100,0.07,0.03,0.12524999999999978
p_peer_text,RESTR,base_endorsed_hyb,endorsed,132,0.7954545454545454,0.7308712121212122,0.8636363636363636
p_peer_text,RESTR,base_endorsed_hyb,not_endorsed,47,0.8936170212765957,0.8085106382978723,0.9787234042553191
p_peer_text,CONN,base_status,GOLD_PANEL_OK,181,0.35359116022099446,0.27472527472527475,0.4345711491897932
p_peer_text,CONN,base_status,PANEL_REPAIRED,118,0.559322033898305,0.453300395256917,0.6550274641440341
p_peer_text,CONN,base_status,R_COMP,200,0.07,0.03,0.12524999999999978
p_peer_text,CONN,base_status,TRUSTED_AGREED,31,0.25806451612903225,0.0967741935483871,0.41379310344827586
p_peer_text,CONN,base_endorsed_hyb,R_COMP(no peers),200,0.07,0.03,0.12524999999999978
p_peer_text,CONN,base_endorsed_hyb,endorsed,240,0.39166666666666666,0.3191489361702128,0.46045577290390566
p_peer_text,CONN,base_endorsed_hyb,not_endorsed,90,0.4888888888888889,0.3707865168539326,0.6054389759176992
p_peer_text,MOVE,base_status,PANEL_REPAIRED,6,0.5,0.16666666666666666,0.8333333333333334
p_peer_text,MOVE,base_endorsed_hyb,endorsed,5,0.6,0.2,1.0
p_peer_text,MOVE,base_endorsed_hyb,not_endorsed,1,0.0,0.0,0.0
p_peer_text,DROP,base_status,GOLD_PANEL_OK,110,0.8818181818181818,0.8212761324041812,0.9357798165137615
p_peer_text,DROP,base_status,PANEL_REPAIRED,67,0.8955223880597015,0.8244164332399626,0.9635416666666664
p_peer_text,DROP,base_status,R_COMP,100,0.54,0.44,0.64
p_peer_text,DROP,base_status,TRUSTED_AGREED,15,1.0,1.0,1.0
p_peer_text,DROP,base_endorsed_hyb,R_COMP(no peers),100,0.54,0.44,0.64
p_peer_text,DROP,base_endorsed_hyb,endorsed,138,0.9130434782608695,0.8656716417910447,0.9566859555833594
p_peer_text,DROP,base_endorsed_hyb,not_endorsed,54,0.8518518518518519,0.75,0.9362966101694913
p_peer_text,ADD,base_status,GOLD_PANEL_OK,252,0.8214285714285714,0.7701502732240437,0.8705454660909322
p_peer_text,ADD,base_status,PANEL_REPAIRED,191,0.837696335078534,0.7822756887087673,0.8921101871101871
p_peer_text,ADD,base_status,R_COMP,285,0.6736842105263158,0.6355696950171821,0.7092198581560284
p_peer_text,ADD,base_status,TRUSTED_AGREED,33,0.9393939393939394,0.8529411764705882,1.0
p_peer_text,ADD,base_endorsed_hyb,R_COMP(no peers),285,0.6736842105263158,0.6355696950171821,0.7092198581560284
p_peer_text,ADD,base_endorsed_hyb,endorsed,347,0.829971181556196,0.7852935924587849,0.8726021080368906
p_peer_text,ADD,base_endorsed_hyb,not_endorsed,129,0.8527131782945736,0.7837805970149254,0.928024193548387
p_peer_text,SWAP,base_status,GOLD_PANEL_OK,28,0.25,0.06666666666666667,0.4482758620689655
p_peer_text,SWAP,base_status,PANEL_REPAIRED,66,0.4696969696969697,0.340752009184845,0.6119402985074627
p_peer_text,SWAP,base_status,R_COMP,122,0.08196721311475409,0.02531156530408774,0.146451850294365
p_peer_text,SWAP,base_status,TRUSTED_AGREED,26,0.46153846153846156,0.2648411371237458,0.6729166666666664
p_peer_text,SWAP,base_endorsed_hyb,R_COMP(no peers),122,0.08196721311475409,0.02531156530408774,0.146451850294365
p_peer_text,SWAP,base_endorsed_hyb,endorsed,92,0.41304347826086957,0.2971382783882784,0.5351754385964912
p_peer_text,SWAP,base_endorsed_hyb,not_endorsed,28,0.42857142857142855,0.19661290322580646,0.6333333333333333
p_peer_text,BIND,base_status,GOLD_PANEL_OK,168,0.4523809523809524,0.34610294117647056,0.5565664528930304
p_peer_text,BIND,base_status,PANEL_REPAIRED,118,0.652542372881356,0.5468837535014005,0.7510847107438017
p_peer_text,BIND,base_status,R_COMP,163,0.15337423312883436,0.08588957055214724,0.22120544381455307
p_peer_text,BIND,base_status,TRUSTED_AGREED,32,0.71875,0.5454545454545454,0.9143382352941175
p_peer_text,BIND,base_endorsed_hyb,R_COMP(no peers),163,0.15337423312883436,0.08588957055214724,0.22120544381455307
p_peer_text,BIND,base_endorsed_hyb,endorsed,234,0.5598290598290598,0.48226382309208476,0.6462980622520598
p_peer_text,BIND,base_endorsed_hyb,not_endorsed,84,0.5357142857142857,0.3977272727272727,0.6648255813953488
p_peer_text,MEANING_RENAME,base_status,GOLD_PANEL_OK,174,0.9827586206896551,0.9603340074473549,1.0
p_peer_text,MEANING_RENAME,base_status,PANEL_REPAIRED,108,0.9722222222222222,0.9366359541359541,1.0
p_peer_text,MEANING_RENAME,base_status,R_COMP,176,0.9261363636363636,0.8831798245614035,0.9686341222879683
p_peer_text,MEANING_RENAME,base_status,TRUSTED_AGREED,40,0.975,0.9166666666666666,1.0
p_peer_text,MEANING_RENAME,base_endorsed_hyb,R_COMP(no peers),176,0.9261363636363636,0.8831798245614035,0.9686341222879683
p_peer_text,MEANING_RENAME,base_endorsed_hyb,endorsed,239,0.9790794979079498,0.9617021276595744,0.9957805907172996
p_peer_text,MEANING_RENAME,base_endorsed_hyb,not_endorsed,83,0.9759036144578314,0.9390243902439024,1.0
p_text,NEG,base_status,GOLD_PANEL_OK,190,0.31806543385490754,0.2522624466571835,0.38722546230440963
p_text,NEG,base_status,PANEL_REPAIRED,138,0.5065021543282413,0.4184968664316491,0.6027027027027028
p_text,NEG,base_status,R_COMP,200,0.17,0.1,0.24
p_text,NEG,base_status,TRUSTED_AGREED,55,0.3978378378378378,0.2937179487179487,0.5100080535080534
p_text,NEG,base_endorsed_hyb,R_COMP(no peers),200,0.17,0.1,0.24
p_text,NEG,base_endorsed_hyb,endorsed,287,0.37896223749882285,0.3254045060251957,0.4344234837984838
p_text,NEG,base_endorsed_hyb,not_endorsed,96,0.4525900900900901,0.3455518018018018,0.5558558558558558
p_text,REV,base_status,GOLD_PANEL_OK,95,0.7345092460881936,0.6539758179231865,0.8035163584637269
p_text,REV,base_status,PANEL_REPAIRED,69,0.8390912651782217,0.76578339208774,0.9123991382687036
p_text,REV,base_status,R_COMP,100,0.17,0.1,0.24
p_text,REV,base_status,TRUSTED_AGREED,17,0.6034976152623212,0.45341812400635934,0.7748807631160574
p_text,REV,base_endorsed_hyb,R_COMP(no peers),100,0.17,0.1,0.24
p_text,REV,base_endorsed_hyb,endorsed,133,0.7350538508433245,0.6734809997967893,0.7967557407031092
p_text,REV,base_endorsed_hyb,not_endorsed,48,0.8369369369369369,0.7421171171171173,0.9194144144144144
p_text,QUANT,base_status,GOLD_PANEL_OK,95,0.23157894736842105,0.14736842105263157,0.3157894736842105
p_text,QUANT,base_status,PANEL_REPAIRED,69,0.3148452800626714,0.21798668233450844,0.42553858206032125
p_text,QUANT,base_status,R_COMP,100,0.17,0.1,0.24
p_text,QUANT,base_status,TRUSTED_AGREED,17,0.2190779014308426,0.058823529411764705,0.39554848966613676
p_text,QUANT,base_endorsed_hyb,R_COMP(no peers),100,0.17,0.1,0.24
p_text,QUANT,base_endorsed_hyb,endorsed,133,0.2439748018695387,0.17283580573054258,0.32090123958545
p_text,QUANT,base_endorsed_hyb,not_endorsed,48,0.3125,0.1875,0.4375
p_text,RESTR,base_status,GOLD_PANEL_OK,95,0.47749644381223333,0.3740440967283073,0.5789473684210527
p_text,RESTR,base_status,PANEL_REPAIRED,68,0.5895071542130367,0.4812400635930048,0.6971701112877583
p_text,RESTR,base_status,R_COMP,100,0.17,0.1,0.24
p_text,RESTR,base_status,TRUSTED_AGREED,16,0.21013513513513513,0.04527027027027027,0.40304054054054056
p_text,RESTR,base_endorsed_hyb,R_COMP(no peers),100,0.17,0.1,0.24
p_text,RESTR,base_endorsed_hyb,endorsed,132,0.4655200655200656,0.3842751842751843,0.5440212940212941
p_text,RESTR,base_endorsed_hyb,not_endorsed,47,0.582173663024727,0.4437291546866015,0.7175388154111559
p_text,CONN,base_status,GOLD_PANEL_OK,181,0.14012244288487383,0.08780859343359343,0.1933523908523908
p_text,CONN,base_status,PANEL_REPAIRED,118,0.20645900137425563,0.12663101604278074,0.29066582829513865
p_text,CONN,base_status,R_COMP,200,0.17,0.1,0.24
p_text,CONN,base_status,TRUSTED_AGREED,31,0.20523103748910201,0.07038210624417521,0.34104054054054034
p_text,CONN,base_endorsed_hyb,R_COMP(no peers),200,0.17,0.1,0.24
p_text,CONN,base_endorsed_hyb,endorsed,240,0.15036036036036035,0.10042924631949023,0.20102951265183022
p_text,CONN,base_endorsed_hyb,not_endorsed,90,0.2222222222222222,0.12903225806451613,0.322410394265233
p_text,MOVE,base_status,PANEL_REPAIRED,6,0.16666666666666666,0.0,0.5
p_text,MOVE,base_endorsed_hyb,endorsed,5,0.2,0.0,0.6
p_text,MOVE,base_endorsed_hyb,not_endorsed,1,0.0,0.0,0.0
p_text,DROP,base_status,GOLD_PANEL_OK,110,0.6090909090909091,0.5215440356744705,0.6983379192384918
p_text,DROP,base_status,PANEL_REPAIRED,67,0.6268656716417911,0.5034420289855073,0.75
p_text,DROP,base_status,R_COMP,100,0.82,0.74,0.89
p_text,DROP,base_status,TRUSTED_AGREED,15,0.8666666666666667,0.6666666666666666,1.0
p_text,DROP,base_endorsed_hyb,R_COMP(no peers),100,0.82,0.74,0.89
p_text,DROP,base_endorsed_hyb,endorsed,138,0.6304347826086957,0.5515430221951961,0.7122263071895425
p_text,DROP,base_endorsed_hyb,not_endorsed,54,0.6481481481481481,0.5185185185185185,0.766360294117647
p_text,ADD,base_status,GOLD_PANEL_OK,252,0.6973187473187473,0.6393292908292908,0.7548950523103749
p_text,ADD,base_status,PANEL_REPAIRED,191,0.6758454789868402,0.6148917503891326,0.7447015754237376
p_text,ADD,base_status,R_COMP,285,0.7017543859649122,0.6592211744836565,0.7368421052631579
p_text,ADD,base_status,TRUSTED_AGREED,33,0.9393939393939394,0.8529411764705882,1.0
p_text,ADD,base_endorsed_hyb,R_COMP(no peers),285,0.7017543859649122,0.6592211744836565,0.7368421052631579
p_text,ADD,base_endorsed_hyb,endorsed,347,0.7055066593971494,0.6470353641777371,0.7630738582138746
p_text,ADD,base_endorsed_hyb,not_endorsed,129,0.7054263565891473,0.6346647238261249,0.7884763741562197
p_text,SWAP,base_status,GOLD_PANEL_OK,28,0.14285714285714285,0.0,0.3333333333333333
p_text,SWAP,base_status,PANEL_REPAIRED,66,0.167977067977068,0.06894870712058213,0.27649015863689774
p_text,SWAP,base_status,R_COMP,122,0.20491803278688525,0.11296984572230014,0.3032974789915966
p_text,SWAP,base_status,TRUSTED_AGREED,26,0.25135135135135134,0.10482920420420419,0.4206227399813606
p_text,SWAP,base_endorsed_hyb,R_COMP(no peers),122,0.20491803278688525,0.11296984572230014,0.3032974789915966
p_text,SWAP,base_endorsed_hyb,endorsed,92,0.14806110458284372,0.08059804485336401,0.2249459677268795
p_text,SWAP,base_endorsed_hyb,not_endorsed,28,0.2857142857142857,0.07013546798029557,0.5
p_text,BIND,base_status,GOLD_PANEL_OK,168,0.16933719433719435,0.10105453667953669,0.25055903426562104
p_text,BIND,base_status,PANEL_REPAIRED,118,0.2573064590013743,0.17083072753804462,0.3470032869323945
p_text,BIND,base_status,R_COMP,163,0.3803680981595092,0.2894530046224961,0.46179406037000975
p_text,BIND,base_status,TRUSTED_AGREED,32,0.44020270270270273,0.25285883856829805,0.6360447211917798
p_text,BIND,base_endorsed_hyb,R_COMP(no peers),163,0.3803680981595092,0.2894530046224961,0.46179406037000975
p_text,BIND,base_endorsed_hyb,endorsed,234,0.20896280896280897,0.1577219715024593,0.2674143564165023
p_text,BIND,base_endorsed_hyb,not_endorsed,84,0.2857142857142857,0.16354779411764706,0.4166666666666667
p_text,MEANING_RENAME,base_status,GOLD_PANEL_OK,174,0.9482758620689655,0.9074846297781342,0.9828571428571429
p_text,MEANING_RENAME,base_status,PANEL_REPAIRED,108,0.8796296296296297,0.8035705727294512,0.9471622670807452
p_text,MEANING_RENAME,base_status,R_COMP,176,0.9545454545454546,0.9127623973227867,0.9885086705202312
p_text,MEANING_RENAME,base_status,TRUSTED_AGREED,40,0.975,0.9166666666666666,1.0
p_text,MEANING_RENAME,base_endorsed_hyb,R_COMP(no peers),176,0.9545454545454546,0.9127623973227867,0.9885086705202312
p_text,MEANING_RENAME,base_endorsed_hyb,endorsed,239,0.9205020920502092,0.878569734345351,0.9572733083736645
p_text,MEANING_RENAME,base_endorsed_hyb,not_endorsed,83,0.9518072289156626,0.8830027359781122,1.0
sc5_local_eq_frac,NEG,base_status,GOLD_PANEL_OK,190,0.2037735849056604,0.20377358490566047,0.20377358490566047
sc5_local_eq_frac,NEG,base_status,PANEL_REPAIRED,138,0.20377358490566036,0.20377358490566033,0.20377358490566033
sc5_local_eq_frac,NEG,base_status,TRUSTED_AGREED,55,0.2037735849056603,0.20377358490566036,0.20377358490566047
sc5_local_eq_frac,NEG,base_endorsed_hyb,endorsed,287,0.20377358490566036,0.20377358490566033,0.2037735849056604
sc5_local_eq_frac,NEG,base_endorsed_hyb,not_endorsed,96,0.20377358490566036,0.20377358490566036,0.20377358490566036
sc5_local_eq_frac,REV,base_status,GOLD_PANEL_OK,95,0.20377358490566047,0.20377358490566047,0.20377358490566047
sc5_local_eq_frac,REV,base_status,PANEL_REPAIRED,69,0.20377358490566033,0.20377358490566033,0.20377358490566033
sc5_local_eq_frac,REV,base_status,TRUSTED_AGREED,17,0.2037735849056604,0.2037735849056604,0.2037735849056604
sc5_local_eq_frac,REV,base_endorsed_hyb,endorsed,133,0.20377358490566033,0.20377358490566033,0.20377358490566033
sc5_local_eq_frac,REV,base_endorsed_hyb,not_endorsed,48,0.20377358490566036,0.20377358490566036,0.20377358490566036
sc5_local_eq_frac,QUANT,base_status,GOLD_PANEL_OK,95,0.20377358490566047,0.20377358490566047,0.20377358490566047
sc5_local_eq_frac,QUANT,base_status,PANEL_REPAIRED,69,0.20377358490566033,0.20377358490566033,0.20377358490566033
sc5_local_eq_frac,QUANT,base_status,TRUSTED_AGREED,17,0.2037735849056604,0.2037735849056604,0.2037735849056604
sc5_local_eq_frac,QUANT,base_endorsed_hyb,endorsed,133,0.20377358490566033,0.20377358490566033,0.20377358490566033
sc5_local_eq_frac,QUANT,base_endorsed_hyb,not_endorsed,48,0.20377358490566036,0.20377358490566036,0.20377358490566036
sc5_local_eq_frac,RESTR,base_status,GOLD_PANEL_OK,95,0.20377358490566047,0.20377358490566047,0.20377358490566047
sc5_local_eq_frac,RESTR,base_status,PANEL_REPAIRED,68,0.20377358490566033,0.20377358490566033,0.20377358490566033
sc5_local_eq_frac,RESTR,base_status,TRUSTED_AGREED,16,0.2037735849056604,0.2037735849056604,0.2037735849056604
sc5_local_eq_frac,RESTR,base_endorsed_hyb,endorsed,132,0.20377358490566033,0.20377358490566033,0.20377358490566033
sc5_local_eq_frac,RESTR,base_endorsed_hyb,not_endorsed,47,0.2037735849056603,0.2037735849056603,0.2037735849056603
sc5_local_eq_frac,CONN,base_status,GOLD_PANEL_OK,181,0.20377358490566042,0.20377358490566042,0.2037735849056605
sc5_local_eq_frac,CONN,base_status,PANEL_REPAIRED,118,0.20204669011832435,0.19818935590979908,0.2037735849056604
sc5_local_eq_frac,CONN,base_status,TRUSTED_AGREED,31,0.2037735849056605,0.2037735849056604,0.20377358490566044
sc5_local_eq_frac,CONN,base_endorsed_hyb,endorsed,240,0.20292452830188676,0.20112113399316023,0.2037735849056604
sc5_local_eq_frac,CONN,base_endorsed_hyb,not_endorsed,90,0.2037735849056604,0.20377358490566033,0.2037735849056604
sc5_local_eq_frac,MOVE,base_status,PANEL_REPAIRED,6,0.20377358490566036,0.20377358490566036,0.20377358490566036
sc5_local_eq_frac,MOVE,base_endorsed_hyb,endorsed,5,0.2037735849056604,0.2037735849056604,0.2037735849056604
sc5_local_eq_frac,MOVE,base_endorsed_hyb,not_endorsed,1,0.2037735849056604,0.2037735849056604,0.2037735849056604
sc5_local_eq_frac,DROP,base_status,GOLD_PANEL_OK,110,0.20006861063464845,0.19475705460010023,0.20377358490566044
sc5_local_eq_frac,DROP,base_status,PANEL_REPAIRED,67,0.20377358490566033,0.20377358490566033,0.2037735849056604
sc5_local_eq_frac,DROP,base_status,TRUSTED_AGREED,15,0.20377358490566036,0.20377358490566036,0.20377358490566036
sc5_local_eq_frac,DROP,base_endorsed_hyb,endorsed,138,0.20229696472518457,0.19924528301886796,0.20377358490566042
sc5_local_eq_frac,DROP,base_endorsed_hyb,not_endorsed,54,0.19999999999999996,0.19189639716554252,0.20377358490566042
sc5_local_eq_frac,ADD,base_status,GOLD_PANEL_OK,252,0.20377358490566036,0.20377358490566033,0.20377358490566044
sc5_local_eq_frac,ADD,base_status,PANEL_REPAIRED,191,0.2037735849056604,0.2037735849056603,0.20377358490566044
sc5_local_eq_frac,ADD,base_status,TRUSTED_AGREED,33,0.2037735849056604,0.2037735849056604,0.20377358490566042
sc5_local_eq_frac,ADD,base_endorsed_hyb,endorsed,347,0.2037735849056604,0.20377358490566033,0.20377358490566044
sc5_local_eq_frac,ADD,base_endorsed_hyb,not_endorsed,129,0.20377358490566033,0.20377358490566036,0.20377358490566042
sc5_local_eq_frac,SWAP,base_status,GOLD_PANEL_OK,28,0.20377358490566047,0.2037735849056604,0.20377358490566042
sc5_local_eq_frac,SWAP,base_status,PANEL_REPAIRED,66,0.20377358490566033,0.20377358490566033,0.20377358490566042
sc5_local_eq_frac,SWAP,base_status,TRUSTED_AGREED,26,0.1959361393323658,0.17830188679245285,0.2037735849056605
sc5_local_eq_frac,SWAP,base_endorsed_hyb,endorsed,92,0.2015586546349467,0.19670401416229139,0.20377358490566042
sc5_local_eq_frac,SWAP,base_endorsed_hyb,not_endorsed,28,0.20377358490566047,0.2037735849056604,0.20377358490566044
sc5_local_eq_frac,BIND,base_status,GOLD_PANEL_OK,168,0.2037735849056604,0.20377358490566042,0.20377358490566044
sc5_local_eq_frac,BIND,base_status,PANEL_REPAIRED,118,0.20377358490566044,0.2037735849056603,0.2037735849056604
sc5_local_eq_frac,BIND,base_status,TRUSTED_AGREED,32,0.2037735849056604,0.2037735849056604,0.2037735849056605
sc5_local_eq_frac,BIND,base_endorsed_hyb,endorsed,234,0.2037735849056604,0.20377358490566033,0.2037735849056604
sc5_local_eq_frac,BIND,base_endorsed_hyb,not_endorsed,84,0.20377358490566044,0.20377358490566033,0.20377358490566042
sc5_local_eq_frac,MEANING_RENAME,base_status,GOLD_PANEL_OK,174,0.20377358490566044,0.20377358490566036,0.20377358490566044
sc5_local_eq_frac,MEANING_RENAME,base_status,PANEL_REPAIRED,108,0.20377358490566042,0.20377358490566033,0.20377358490566042
sc5_local_eq_frac,MEANING_RENAME,base_status,TRUSTED_AGREED,40,0.2037735849056604,0.20377358490566036,0.20377358490566047
sc5_local_eq_frac,MEANING_RENAME,base_endorsed_hyb,endorsed,239,0.20377358490566042,0.20377358490566033,0.2037735849056604
sc5_local_eq_frac,MEANING_RENAME,base_endorsed_hyb,not_endorsed,83,0.20377358490566042,0.2037735849056603,0.20377358490566044
sc5_local_entropy,NEG,base_status,GOLD_PANEL_OK,190,0.21111768184506213,0.13632170313424008,0.2936883500887049
sc5_local_entropy,NEG,base_status,PANEL_REPAIRED,138,0.1861586060902133,0.0992020843510829,0.27617651848233193
sc5_local_entropy,NEG,base_status,TRUSTED_AGREED,55,0.14929519918283965,0.05126388077147867,0.2837252298263534
sc5_local_entropy,NEG,base_endorsed_hyb,endorsed,287,0.1636142974591865,0.10992625302596719,0.2169058988764045
sc5_local_entropy,NEG,base_endorsed_hyb,not_endorsed,96,0.2818352059925094,0.15683520599250939,0.41261118913857653
sc5_local_entropy,REV,base_status,GOLD_PANEL_OK,95,0.21111768184506213,0.13632170313424008,0.2936883500887049
sc5_local_entropy,REV,base_status,PANEL_REPAIRED,69,0.1861586060902133,0.0992020843510829,0.27617651848233193
sc5_local_entropy,REV,base_status,TRUSTED_AGREED,17,0.11764705882352941,0.0,0.29411764705882354
sc5_local_entropy,REV,base_endorsed_hyb,endorsed,133,0.160699501562896,0.1080679226155276,0.22878558756441666
sc5_local_entropy,REV,base_endorsed_hyb,not_endorsed,48,0.2818352059925094,0.15683520599250939,0.41261118913857653
sc5_local_entropy,QUANT,base_status,GOLD_PANEL_OK,95,0.21111768184506213,0.13632170313424008,0.2936883500887049
sc5_local_entropy,QUANT,base_status,PANEL_REPAIRED,69,0.1861586060902133,0.0992020843510829,0.27617651848233193
sc5_local_entropy,QUANT,base_status,TRUSTED_AGREED,17,0.12385988103106413,0.0,0.30033046926635826
sc5_local_entropy,QUANT,base_endorsed_hyb,endorsed,133,0.16149362169468617,0.10134324575483655,0.22084987750274565
sc5_local_entropy,QUANT,base_endorsed_hyb,not_endorsed,48,0.2818352059925094,0.15683520599250939,0.41261118913857653
sc5_local_entropy,RESTR,base_status,GOLD_PANEL_OK,95,0.21111768184506213,0.13632170313424008,0.2936883500887049
sc5_local_entropy,RESTR,base_status,PANEL_REPAIRED,68,0.18734302709847986,0.10066093853271647,0.27868473231989427
sc5_local_entropy,RESTR,base_status,TRUSTED_AGREED,16,0.13160112359550563,0.0,0.3159655898876403
sc5_local_entropy,RESTR,base_endorsed_hyb,endorsed,132,0.1627170582226762,0.101310861423221,0.22214291794347973
sc5_local_entropy,RESTR,base_endorsed_hyb,not_endorsed,47,0.2855845087257949,0.15899234998804687,0.41549127420511595
sc5_local_entropy,CONN,base_status,GOLD_PANEL_OK,181,0.20998199764107026,0.13406592981599091,0.2936983758195718
sc5_local_entropy,CONN,base_status,PANEL_REPAIRED,118,0.1726528280327557,0.09117808230716104,0.2660793401630315
sc5_local_entropy,CONN,base_status,TRUSTED_AGREED,31,0.13243928959768034,0.034550561797752816,0.27061111111111114
sc5_local_entropy,CONN,base_endorsed_hyb,endorsed,240,0.16012172284644197,0.10843170659004911,0.21993418263218104
sc5_local_entropy,CONN,base_endorsed_hyb,not_endorsed,90,0.26729088639201004,0.14569363492411103,0.4050319848848286
sc5_local_entropy,MOVE,base_status,PANEL_REPAIRED,6,0.20187265917603,0.017602996254681667,0.5352059925093634
sc5_local_entropy,MOVE,base_endorsed_hyb,endorsed,5,0.24224719101123598,0.021123595505618,0.621123595505618
sc5_local_entropy,MOVE,base_endorsed_hyb,not_endorsed,1,0.0,0.0,0.0
sc5_local_entropy,DROP,base_status,GOLD_PANEL_OK,110,0.22778345250255366,0.14230133700342956,0.32067074638844306
sc5_local_entropy,DROP,base_status,PANEL_REPAIRED,67,0.16028844541338252,0.08577759766694797,0.2502391261262634
sc5_local_entropy,DROP,base_status,TRUSTED_AGREED,15,0.140374531835206,0.0,0.280749063670412
sc5_local_entropy,DROP,base_endorsed_hyb,endorsed,138,0.1613580850024426,0.09706466736722982,0.2223126695079426
sc5_local_entropy,DROP,base_endorsed_hyb,not_endorsed,54,0.2895131086142322,0.1504499882140332,0.43298069206074813
sc5_local_entropy,ADD,base_status,GOLD_PANEL_OK,252,0.23666845015159624,0.14869116677243147,0.32710200086309266
sc5_local_entropy,ADD,base_status,PANEL_REPAIRED,191,0.16565680334137306,0.0859360486891386,0.2479634656147237
sc5_local_entropy,ADD,base_status,TRUSTED_AGREED,33,0.1276132107592782,0.0,0.3080595445532656
sc5_local_entropy,ADD,base_endorsed_hyb,endorsed,347,0.16688145581711625,0.10429210800271971,0.22827078668830506
sc5_local_entropy,ADD,base_endorsed_hyb,not_endorsed,129,0.29135092761954534,0.1594857106706596,0.43806264896152536
sc5_local_entropy,SWAP,base_status,GOLD_PANEL_OK,28,0.30834670947030496,0.10160513643659715,0.5380509879891515
sc5_local_entropy,SWAP,base_status,PANEL_REPAIRED,66,0.20817160367722165,0.1096500432392269,0.3229383257192246
sc5_local_entropy,SWAP,base_status,TRUSTED_AGREED,26,0.3076923076923077,0.10050505050505053,0.5
sc5_local_entropy,SWAP,base_endorsed_hyb,endorsed,92,0.20483634587200783,0.11747106825758513,0.29771480961298374
sc5_local_entropy,SWAP,base_endorsed_hyb,not_endorsed,28,0.41171749598715884,0.19736477266984492,0.6434252615265401
sc5_local_entropy,BIND,base_status,GOLD_PANEL_OK,168,0.19051631888710543,0.1211942773086896,0.28214675719699484
sc5_local_entropy,BIND,base_status,PANEL_REPAIRED,118,0.18960198057512861,0.09857438299712783,0.27978071845964175
sc5_local_entropy,BIND,base_status,TRUSTED_AGREED,32,0.1875,0.030303030303030304,0.3594574780058649
sc5_local_entropy,BIND,base_endorsed_hyb,endorsed,234,0.15140689522711998,0.09403355237236995,0.20924591764184813
sc5_local_entropy,BIND,base_endorsed_hyb,not_endorsed,84,0.2970304975922954,0.16990568560844774,0.44151048206775184
sc5_local_entropy,MEANING_RENAME,base_status,GOLD_PANEL_OK,174,0.2114684230918249,0.12917036109488175,0.2923788421800335
sc5_local_entropy,MEANING_RENAME,base_status,PANEL_REPAIRED,108,0.19398668331252603,0.10768054003905979,0.2939973681546716
sc5_local_entropy,MEANING_RENAME,base_status,TRUSTED_AGREED,40,0.1302808988764045,0.025962837837837843,0.2685153106114148
sc5_local_entropy,MEANING_RENAME,base_endorsed_hyb,endorsed,239,0.17201824079732972,0.10899225805028698,0.24329902661395653
sc5_local_entropy,MEANING_RENAME,base_endorsed_hyb,not_endorsed,83,0.26319209421957496,0.13286617985491206,0.39326047427328953
judge_local_qwen8b_disg,NEG,base_status,GOLD_PANEL_OK,190,0.5319028340080971,0.4529534412955466,0.6136265182186234
judge_local_qwen8b_disg,NEG,base_status,PANEL_REPAIRED,138,0.6088628762541807,0.5147421962095876,0.7030392976588629
judge_local_qwen8b_disg,NEG,base_status,R_COMP,200,0.6501153846153847,0.5751134615384615,0.725135576923077
judge_local_qwen8b_disg,NEG,base_status,TRUSTED_AGREED,55,0.6013986013986015,0.45774628879892043,0.7441124099212334
judge_local_qwen8b_disg,NEG,base_endorsed_hyb,R_COMP(no peers),200,0.6501153846153847,0.5751134615384615,0.725135576923077
judge_local_qwen8b_disg,NEG,base_endorsed_hyb,endorsed,287,0.5510854998659876,0.4889569200503529,0.6180085319609967
judge_local_qwen8b_disg,NEG,base_endorsed_hyb,not_endorsed,96,0.625,0.5,0.7395833333333334
judge_local_qwen8b_disg,REV,base_status,GOLD_PANEL_OK,95,0.32647773279352227,0.2319412955465587,0.4211761133603239
judge_local_qwen8b_disg,REV,base_status,PANEL_REPAIRED,69,0.40590858416945375,0.2900195094760312,0.521850613154961
judge_local_qwen8b_disg,REV,base_status,R_COMP,100,0.48,0.38475000000000004,0.58
judge_local_qwen8b_disg,REV,base_status,TRUSTED_AGREED,17,0.47239819004524886,0.23846153846153856,0.7067873303167421
judge_local_qwen8b_disg,REV,base_endorsed_hyb,R_COMP(no peers),100,0.48,0.38475000000000004,0.58
judge_local_qwen8b_disg,REV,base_endorsed_hyb,endorsed,133,0.36871023713128975,0.2934919028340081,0.4438982070561018
judge_local_qwen8b_disg,REV,base_endorsed_hyb,not_endorsed,48,0.3753205128205128,0.2503205128205128,0.5209935897435898
judge_local_qwen8b_disg,QUANT,base_status,GOLD_PANEL_OK,95,0.368502024291498,0.2682429149797571,0.47368421052631576
judge_local_qwen8b_disg,QUANT,base_status,PANEL_REPAIRED,69,0.39175027870680046,0.26821627647714613,0.5218561872909699
judge_local_qwen8b_disg,QUANT,base_status,R_COMP,100,0.830076923076923,0.7600769230769231,0.9000403846153846
judge_local_qwen8b_disg,QUANT,base_status,TRUSTED_AGREED,17,0.8828054298642534,0.7067873303167421,1.0
judge_local_qwen8b_disg,QUANT,base_endorsed_hyb,R_COMP(no peers),100,0.830076923076923,0.7600769230769231,0.9000403846153846
judge_local_qwen8b_disg,QUANT,base_endorsed_hyb,endorsed,133,0.3913244650086755,0.31224985540775013,0.4814647194910353
judge_local_qwen8b_disg,QUANT,base_endorsed_hyb,not_endorsed,48,0.5208333333333334,0.375,0.6458333333333334
judge_local_qwen8b_disg,RESTR,base_status,GOLD_PANEL_OK,95,0.25287449392712547,0.1582914979757085,0.3371659919028341
judge_local_qwen8b_disg,RESTR,base_status,PANEL_REPAIRED,68,0.2502262443438914,0.14728506787330317,0.35311368778280544
judge_local_qwen8b_disg,RESTR,base_status,R_COMP,100,0.700076923076923,0.6101903846153847,0.7800769230769231
judge_local_qwen8b_disg,RESTR,base_status,TRUSTED_AGREED,16,0.43846153846153846,0.18894230769230771,0.6875
judge_local_qwen8b_disg,RESTR,base_endorsed_hyb,R_COMP(no peers),100,0.700076923076923,0.6101903846153847,0.7800769230769231
judge_local_qwen8b_disg,RESTR,base_endorsed_hyb,endorsed,132,0.2579254079254079,0.17473630536130536,0.33371357808857804
judge_local_qwen8b_disg,RESTR,base_endorsed_hyb,not_endorsed,47,0.29803600654664486,0.1806628477905074,0.44680851063829785
judge_local_qwen8b_disg,CONN,base_status,GOLD_PANEL_OK,181,0.5028474288142797,0.4079050279329609,0.5855971793422331
judge_local_qwen8b_disg,CONN,base_status,PANEL_REPAIRED,118,0.5508474576271186,0.44867805163460833,0.6582317073170731
judge_local_qwen8b_disg,CONN,base_status,R_COMP,200,0.8100384615384616,0.7500384615384615,0.87
judge_local_qwen8b_disg,CONN,base_status,TRUSTED_AGREED,31,0.5501240694789081,0.3656002331002331,0.7256167108753315
judge_local_qwen8b_disg,CONN,base_endorsed_hyb,R_COMP(no peers),200,0.8100384615384616,0.7500384615384615,0.87
judge_local_qwen8b_disg,CONN,base_endorsed_hyb,endorsed,240,0.4794230769230769,0.41171740958443354,0.5520034280487972
judge_local_qwen8b_disg,CONN,base_endorsed_hyb,not_endorsed,90,0.6445299145299146,0.5280898876404494,0.757245947539051
judge_local_qwen8b_disg,MOVE,base_status,PANEL_REPAIRED,6,0.0,0.0,0.0
judge_local_qwen8b_disg,MOVE,base_endorsed_hyb,endorsed,5,0.0,0.0,0.0
judge_local_qwen8b_disg,MOVE,base_endorsed_hyb,not_endorsed,1,0.0,0.0,0.0
judge_local_qwen8b_disg,DROP,base_status,GOLD_PANEL_OK,110,0.44594405594405595,0.3524857934857935,0.5495816698250326
judge_local_qwen8b_disg,DROP,base_status,PANEL_REPAIRED,67,0.49299655568312284,0.37947552447552446,0.6138106950454826
judge_local_qwen8b_disg,DROP,base_status,R_COMP,100,0.710076923076923,0.63,0.7953596153846152
judge_local_qwen8b_disg,DROP,base_status,TRUSTED_AGREED,15,0.4682051282051282,0.2025641025641026,0.6682051282051282
judge_local_qwen8b_disg,DROP,base_endorsed_hyb,R_COMP(no peers),100,0.710076923076923,0.63,0.7953596153846152
judge_local_qwen8b_disg,DROP,base_endorsed_hyb,endorsed,138,0.44269788182831654,0.3693034360006191,0.5285927327733666
judge_local_qwen8b_disg,DROP,base_endorsed_hyb,not_endorsed,54,0.5188034188034188,0.3883529121707855,0.6394168755772529
judge_local_qwen8b_disg,ADD,base_status,GOLD_PANEL_OK,252,0.6825702075702076,0.6250610169820099,0.7389102564102564
judge_local_qwen8b_disg,ADD,base_status,PANEL_REPAIRED,191,0.7330245670559806,0.659577182952183,0.8015911321989528
judge_local_qwen8b_disg,ADD,base_status,R_COMP,285,0.8456410256410256,0.8045326015447967,0.8854885885487623
judge_local_qwen8b_disg,ADD,base_status,TRUSTED_AGREED,33,0.6368298368298368,0.500698882918552,0.7647058823529411
judge_local_qwen8b_disg,ADD,base_endorsed_hyb,R_COMP(no peers),285,0.8456410256410256,0.8045326015447967,0.8854885885487623
judge_local_qwen8b_disg,ADD,base_endorsed_hyb,endorsed,347,0.6773221015295944,0.6228658696450108,0.7306371366669222
judge_local_qwen8b_disg,ADD,base_endorsed_hyb,not_endorsed,129,0.7596899224806202,0.6889375310481868,0.8333333333333334
judge_local_qwen8b_disg,SWAP,base_status,GOLD_PANEL_OK,28,0.5714285714285714,0.3454575596816976,0.7857142857142857
judge_local_qwen8b_disg,SWAP,base_status,PANEL_REPAIRED,66,0.5001165501165501,0.37535456730769234,0.6289306983339241
judge_local_qwen8b_disg,SWAP,base_status,R_COMP,122,0.5492433795712485,0.4286366758241758,0.6485894736842105
judge_local_qwen8b_disg,SWAP,base_status,TRUSTED_AGREED,26,0.4236686390532544,0.23119082840236688,0.6303490028490029
judge_local_qwen8b_disg,SWAP,base_endorsed_hyb,R_COMP(no peers),122,0.5492433795712485,0.4286366758241758,0.6485894736842105
judge_local_qwen8b_disg,SWAP,base_endorsed_hyb,endorsed,92,0.42416387959866225,0.32031988150738155,0.5367643265578697
judge_local_qwen8b_disg,SWAP,base_endorsed_hyb,not_endorsed,28,0.75,0.5431761786600496,0.9134687499999997
judge_local_qwen8b_disg,BIND,base_status,GOLD_PANEL_OK,168,0.8453296703296703,0.7862224437148218,0.9000237556561086
judge_local_qwen8b_disg,BIND,base_status,PANEL_REPAIRED,118,0.7627770534550196,0.6726094164456234,0.8418969298245613
judge_local_qwen8b_disg,BIND,base_status,R_COMP,163,0.8344030202925908,0.7713177742502896,0.8961038961038961
judge_local_qwen8b_disg,BIND,base_status,TRUSTED_AGREED,32,0.7507211538461538,0.5949886485042735,0.8844400452488687
judge_local_qwen8b_disg,BIND,base_endorsed_hyb,R_COMP(no peers),163,0.8344030202925908,0.7713177742502896,0.8961038961038961
judge_local_qwen8b_disg,BIND,base_endorsed_hyb,endorsed,234,0.7865220249835635,0.7338323836911855,0.8356680439450878
judge_local_qwen8b_disg,BIND,base_endorsed_hyb,not_endorsed,84,0.8571428571428571,0.7804878048780488,0.927710843373494
judge_local_qwen8b_disg,MEANING_RENAME,base_status,GOLD_PANEL_OK,174,0.2876657824933687,0.22191910970385548,0.36810676392572944
judge_local_qwen8b_disg,MEANING_RENAME,base_status,PANEL_REPAIRED,108,0.3055555555555556,0.2083075933075933,0.40580749112647113
judge_local_qwen8b_disg,MEANING_RENAME,base_status,R_COMP,176,0.6534965034965036,0.5629081263564023,0.7423535511315625
judge_local_qwen8b_disg,MEANING_RENAME,base_status,TRUSTED_AGREED,40,0.2759615384615385,0.15910931174089069,0.39080675422138833
judge_local_qwen8b_disg,MEANING_RENAME,base_endorsed_hyb,R_COMP(no peers),176,0.6534965034965036,0.5629081263564023,0.7423535511315625
judge_local_qwen8b_disg,MEANING_RENAME,base_endorsed_hyb,endorsed,239,0.2555519794013518,0.19589679174484054,0.31734036837795093
judge_local_qwen8b_disg,MEANING_RENAME,base_endorsed_hyb,not_endorsed,83,0.397775718257646,0.2833565405183052,0.5233922182468694
judge_local_llama8b_disg,NEG,base_status,GOLD_PANEL_OK,190,0.17894736842105263,0.12105263157894737,0.24736842105263157
judge_local_llama8b_disg,NEG,base_status,PANEL_REPAIRED,138,0.32608695652173914,0.2318840579710145,0.43478260869565216
judge_local_llama8b_disg,NEG,base_status,R_COMP,200,0.115,0.07,0.165
judge_local_llama8b_disg,NEG,base_status,TRUSTED_AGREED,55,0.05454545454545454,0.0,0.11764705882352941
judge_local_llama8b_disg,NEG,base_endorsed_hyb,R_COMP(no peers),200,0.115,0.07,0.165
judge_local_llama8b_disg,NEG,base_endorsed_hyb,endorsed,287,0.20905923344947736,0.15927843771145025,0.2627924995643623
judge_local_llama8b_disg,NEG,base_endorsed_hyb,not_endorsed,96,0.22916666666666666,0.13541666666666666,0.3333333333333333
judge_local_llama8b_disg,REV,base_status,GOLD_PANEL_OK,95,0.08421052631578947,0.031578947368421054,0.14736842105263157
judge_local_llama8b_disg,REV,base_status,PANEL_REPAIRED,69,0.2608695652173913,0.15942028985507245,0.37681159420289856
judge_local_llama8b_disg,REV,base_status,R_COMP,100,0.01,0.0,0.03
judge_local_llama8b_disg,REV,base_status,TRUSTED_AGREED,17,0.0,0.0,0.0
judge_local_llama8b_disg,REV,base_endorsed_hyb,R_COMP(no peers),100,0.01,0.0,0.03
judge_local_llama8b_disg,REV,base_endorsed_hyb,endorsed,133,0.12781954887218044,0.06766917293233082,0.19191729323308251
judge_local_llama8b_disg,REV,base_endorsed_hyb,not_endorsed,48,0.1875,0.08333333333333333,0.2916666666666667
judge_local_llama8b_disg,QUANT,base_status,GOLD_PANEL_OK,95,0.2736842105263158,0.18947368421052632,0.3684210526315789
judge_local_llama8b_disg,QUANT,base_status,PANEL_REPAIRED,69,0.3333333333333333,0.21739130434782608,0.4492753623188406
judge_local_llama8b_disg,QUANT,base_status,R_COMP,100,0.27,0.18,0.35
judge_local_llama8b_disg,QUANT,base_status,TRUSTED_AGREED,17,0.0,0.0,0.0
judge_local_llama8b_disg,QUANT,base_endorsed_hyb,R_COMP(no peers),100,0.27,0.18,0.35
judge_local_llama8b_disg,QUANT,base_endorsed_hyb,endorsed,133,0.2556390977443609,0.18796992481203006,0.3383458646616541
judge_local_llama8b_disg,QUANT,base_endorsed_hyb,not_endorsed,48,0.3125,0.1765625,0.4583333333333333
judge_local_llama8b_disg,RESTR,base_status,GOLD_PANEL_OK,95,0.2,0.12631578947368421,0.28421052631578947
judge_local_llama8b_disg,RESTR,base_status,PANEL_REPAIRED,68,0.3235294117647059,0.22058823529411764,0.4411764705882353
judge_local_llama8b_disg,RESTR,base_status,R_COMP,100,0.23,0.15,0.31
judge_local_llama8b_disg,RESTR,base_status,TRUSTED_AGREED,16,0.0,0.0,0.0
judge_local_llama8b_disg,RESTR,base_endorsed_hyb,R_COMP(no peers),100,0.23,0.15,0.31
judge_local_llama8b_disg,RESTR,base_endorsed_hyb,endorsed,132,0.23484848484848486,0.16666666666666666,0.3106060606060606
judge_local_llama8b_disg,RESTR,base_endorsed_hyb,not_endorsed,47,0.2127659574468085,0.10638297872340426,0.3404255319148936
judge_local_llama8b_disg,CONN,base_status,GOLD_PANEL_OK,181,0.23204419889502761,0.15801778926110716,0.29611013986013984
judge_local_llama8b_disg,CONN,base_status,PANEL_REPAIRED,118,0.2966101694915254,0.18900720491629583,0.41704710144927537
judge_local_llama8b_disg,CONN,base_status,R_COMP,200,0.175,0.115,0.235
judge_local_llama8b_disg,CONN,base_status,TRUSTED_AGREED,31,0.06451612903225806,0.0,0.16968390804597688
judge_local_llama8b_disg,CONN,base_endorsed_hyb,R_COMP(no peers),200,0.175,0.115,0.235
judge_local_llama8b_disg,CONN,base_endorsed_hyb,endorsed,240,0.23333333333333334,0.16626665542249958,0.2951551506404474
judge_local_llama8b_disg,CONN,base_endorsed_hyb,not_endorsed,90,0.25555555555555554,0.15730337078651685,0.3722774416594641
judge_local_llama8b_disg,MOVE,base_status,PANEL_REPAIRED,6,0.0,0.0,0.0
judge_local_llama8b_disg,MOVE,base_endorsed_hyb,endorsed,5,0.0,0.0,0.0
judge_local_llama8b_disg,MOVE,base_endorsed_hyb,not_endorsed,1,0.0,0.0,0.0
judge_local_llama8b_disg,DROP,base_status,GOLD_PANEL_OK,110,0.12727272727272726,0.06666666666666667,0.1886405636405636
judge_local_llama8b_disg,DROP,base_status,PANEL_REPAIRED,67,0.2537313432835821,0.15032790592492085,0.3577025586353944
judge_local_llama8b_disg,DROP,base_status,R_COMP,100,0.1,0.05,0.16
judge_local_llama8b_disg,DROP,base_status,TRUSTED_AGREED,15,0.13333333333333333,0.0,0.30166666666666514
judge_local_llama8b_disg,DROP,base_endorsed_hyb,R_COMP(no peers),100,0.1,0.05,0.16
judge_local_llama8b_disg,DROP,base_endorsed_hyb,endorsed,138,0.15217391304347827,0.0948905109489051,0.21053312629399584
judge_local_llama8b_disg,DROP,base_endorsed_hyb,not_endorsed,54,0.2222222222222222,0.11764705882352941,0.3392857142857143
judge_local_llama8b_disg,ADD,base_status,GOLD_PANEL_OK,252,0.44841269841269843,0.3781538208168643,0.5179471302691117
judge_local_llama8b_disg,ADD,base_status,PANEL_REPAIRED,191,0.581151832460733,0.4910830999066293,0.6709664193674345
judge_local_llama8b_disg,ADD,base_status,R_COMP,285,0.30526315789473685,0.24996012338294454,0.3579103871158392
judge_local_llama8b_disg,ADD,base_status,TRUSTED_AGREED,33,0.2727272727272727,0.1398529411764706,0.4117647058823529
judge_local_llama8b_disg,ADD,base_endorsed_hyb,R_COMP(no peers),285,0.30526315789473685,0.24996012338294454,0.3579103871158392
judge_local_llama8b_disg,ADD,base_endorsed_hyb,endorsed,347,0.4755043227665706,0.417770568285654,0.5376910613842015
judge_local_llama8b_disg,ADD,base_endorsed_hyb,not_endorsed,129,0.5271317829457365,0.42465223880597014,0.6374634874269748
judge_local_llama8b_disg,SWAP,base_status,GOLD_PANEL_OK,28,0.07142857142857142,0.0,0.2222222222222222
judge_local_llama8b_disg,SWAP,base_status,PANEL_REPAIRED,66,0.3484848484848485,0.22833457526080478,0.47102941176470586
judge_local_llama8b_disg,SWAP,base_status,R_COMP,122,0.06557377049180328,0.024193548387096774,0.11638392857142855
judge_local_llama8b_disg,SWAP,base_status,TRUSTED_AGREED,26,0.15384615384615385,0.03571428571428571,0.3191363636363636
judge_local_llama8b_disg,SWAP,base_endorsed_hyb,R_COMP(no peers),122,0.06557377049180328,0.024193548387096774,0.11638392857142855
judge_local_llama8b_disg,SWAP,base_endorsed_hyb,endorsed,92,0.2608695652173913,0.15815245148110316,0.3707865168539326
judge_local_llama8b_disg,SWAP,base_endorsed_hyb,not_endorsed,28,0.17857142857142858,0.0,0.37037037037037035
judge_local_llama8b_disg,BIND,base_status,GOLD_PANEL_OK,168,0.39880952380952384,0.31539347340821317,0.4881687675070028
judge_local_llama8b_disg,BIND,base_status,PANEL_REPAIRED,118,0.5,0.40350877192982454,0.59046996124031
judge_local_llama8b_disg,BIND,base_status,R_COMP,163,0.2331288343558282,0.17018847006651885,0.3037338151159289
judge_local_llama8b_disg,BIND,base_status,TRUSTED_AGREED,32,0.3125,0.1448529411764706,0.47610452586206864
judge_local_llama8b_disg,BIND,base_endorsed_hyb,R_COMP(no peers),163,0.2331288343558282,0.17018847006651885,0.3037338151159289
judge_local_llama8b_disg,BIND,base_endorsed_hyb,endorsed,234,0.44871794871794873,0.3805372277652612,0.5106382978723404
judge_local_llama8b_disg,BIND,base_endorsed_hyb,not_endorsed,84,0.36904761904761907,0.2619047619047619,0.4853676470588234
judge_local_llama8b_disg,MEANING_RENAME,base_status,GOLD_PANEL_OK,174,0.22988505747126436,0.15215517241379312,0.30527214334009467
judge_local_llama8b_disg,MEANING_RENAME,base_status,PANEL_REPAIRED,108,0.3425925925925926,0.24761363636363637,0.4559298200069227
judge_local_llama8b_disg,MEANING_RENAME,base_status,R_COMP,176,0.13636363636363635,0.0782122905027933,0.20113417453284532
judge_local_llama8b_disg,MEANING_RENAME,base_status,TRUSTED_AGREED,40,0.05,0.0,0.14097222222222214
judge_local_llama8b_disg,MEANING_RENAME,base_endorsed_hyb,R_COMP(no peers),176,0.13636363636363635,0.0782122905027933,0.20113417453284532
judge_local_llama8b_disg,MEANING_RENAME,base_endorsed_hyb,endorsed,239,0.2510460251046025,0.17796610169491525,0.31666666666666665
judge_local_llama8b_disg,MEANING_RENAME,base_endorsed_hyb,not_endorsed,83,0.2289156626506024,0.1301435574229692,0.3488372093023256
rt_nli_min_local,NEG,base_status,GOLD_PANEL_OK,190,0.6947368421052632,0.631578947368421,0.7659210526315788
rt_nli_min_local,NEG,base_status,PANEL_REPAIRED,138,0.717391304347826,0.6376811594202898,0.7971014492753623
rt_nli_min_local,NEG,base_status,R_COMP,200,0.675,0.6,0.745
rt_nli_min_local,NEG,base_status,TRUSTED_AGREED,55,0.8181818181818182,0.698125,0.9285714285714286
rt_nli_min_local,NEG,base_endorsed_hyb,R_COMP(no peers),200,0.675,0.6,0.745
rt_nli_min_local,NEG,base_endorsed_hyb,endorsed,287,0.7491289198606271,0.6997983723593479,0.797929279201364
rt_nli_min_local,NEG,base_endorsed_hyb,not_endorsed,96,0.6354166666666666,0.5416666666666666,0.75
rt_nli_min_local,REV,base_status,GOLD_PANEL_OK,95,0.16842105263157894,0.09473684210526316,0.25263157894736843
rt_nli_min_local,REV,base_status,PANEL_REPAIRED,69,0.14492753623188406,0.07246376811594203,0.22499999999999967
rt_nli_min_local,REV,base_status,R_COMP,100,0.43,0.34,0.53
rt_nli_min_local,REV,base_status,TRUSTED_AGREED,17,0.5294117647058824,0.29411764705882354,0.7647058823529411
rt_nli_min_local,REV,base_endorsed_hyb,R_COMP(no peers),100,0.43,0.34,0.53
rt_nli_min_local,REV,base_endorsed_hyb,endorsed,133,0.21804511278195488,0.15037593984962405,0.2932330827067669
rt_nli_min_local,REV,base_endorsed_hyb,not_endorsed,48,0.125,0.041666666666666664,0.22916666666666666
rt_nli_min_local,QUANT,base_status,GOLD_PANEL_OK,95,0.10526315789473684,0.05263157894736842,0.16842105263157894
rt_nli_min_local,QUANT,base_status,PANEL_REPAIRED,69,0.07246376811594203,0.014492753623188406,0.13043478260869565
rt_nli_min_local,QUANT,base_status,R_COMP,100,0.3,0.21,0.38
rt_nli_min_local,QUANT,base_status,TRUSTED_AGREED,17,0.5882352941176471,0.35294117647058826,0.8235294117647058
rt_nli_min_local,QUANT,base_endorsed_hyb,R_COMP(no peers),100,0.3,0.21,0.38
rt_nli_min_local,QUANT,base_endorsed_hyb,endorsed,133,0.15037593984962405,0.09022556390977443,0.21052631578947367
rt_nli_min_local,QUANT,base_endorsed_hyb,not_endorsed,48,0.10416666666666667,0.020833333333333332,0.1875
rt_nli_min_local,RESTR,base_status,GOLD_PANEL_OK,95,0.2631578947368421,0.17894736842105263,0.35789473684210527
rt_nli_min_local,RESTR,base_status,PANEL_REPAIRED,68,0.35294117647058826,0.23529411764705882,0.47058823529411764
rt_nli_min_local,RESTR,base_status,R_COMP,100,0.3,0.22,0.39
rt_nli_min_local,RESTR,base_status,TRUSTED_AGREED,16,0.375,0.1875,0.625
rt_nli_min_local,RESTR,base_endorsed_hyb,R_COMP(no peers),100,0.3,0.22,0.39
rt_nli_min_local,RESTR,base_endorsed_hyb,endorsed,132,0.3106060606060606,0.2384469696969697,0.38636363636363635
rt_nli_min_local,RESTR,base_endorsed_hyb,not_endorsed,47,0.2978723404255319,0.1702127659574468,0.425531914893617
rt_nli_min_local,CONN,base_status,GOLD_PANEL_OK,181,0.19889502762430938,0.14478494623655913,0.25691073663644415
rt_nli_min_local,CONN,base_status,PANEL_REPAIRED,118,0.2033898305084746,0.13241228070175437,0.2839367816091954
rt_nli_min_local,CONN,base_status,R_COMP,200,0.29,0.22237500000000002,0.36
rt_nli_min_local,CONN,base_status,TRUSTED_AGREED,31,0.4838709677419355,0.3333333333333333,0.6551724137931034
rt_nli_min_local,CONN,base_endorsed_hyb,R_COMP(no peers),200,0.29,0.22237500000000002,0.36
rt_nli_min_local,CONN,base_endorsed_hyb,endorsed,240,0.24583333333333332,0.18773301878394016,0.2951473922902494
rt_nli_min_local,CONN,base_endorsed_hyb,not_endorsed,90,0.17777777777777778,0.10869565217391304,0.25294626782994045
rt_nli_min_local,MOVE,base_status,PANEL_REPAIRED,6,0.0,0.0,0.0
rt_nli_min_local,MOVE,base_endorsed_hyb,endorsed,5,0.0,0.0,0.0
rt_nli_min_local,MOVE,base_endorsed_hyb,not_endorsed,1,0.0,0.0,0.0
rt_nli_min_local,DROP,base_status,GOLD_PANEL_OK,110,0.5818181818181818,0.48858486622073577,0.675807057057057
rt_nli_min_local,DROP,base_status,PANEL_REPAIRED,67,0.47761194029850745,0.36022727272727273,0.603063725490196
rt_nli_min_local,DROP,base_status,R_COMP,100,0.73,0.63475,0.82
rt_nli_min_local,DROP,base_status,TRUSTED_AGREED,15,0.8,0.6,1.0
rt_nli_min_local,DROP,base_endorsed_hyb,R_COMP(no peers),100,0.73,0.63475,0.82
rt_nli_min_local,DROP,base_endorsed_hyb,endorsed,138,0.6231884057971014,0.5414337851929093,0.7007299270072993
rt_nli_min_local,DROP,base_endorsed_hyb,not_endorsed,54,0.4074074074074074,0.276772030651341,0.5515723270440249
rt_nli_min_local,ADD,base_status,GOLD_PANEL_OK,252,0.7579365079365079,0.69140625,0.8244897959183674
rt_nli_min_local,ADD,base_status,PANEL_REPAIRED,191,0.6963350785340314,0.6381909547738693,0.7608938547486033
rt_nli_min_local,ADD,base_status,R_COMP,285,0.7929824561403509,0.7495426829268292,0.8368319207166367
rt_nli_min_local,ADD,base_status,TRUSTED_AGREED,33,0.8787878787878788,0.7741935483870968,0.9705882352941176
rt_nli_min_local,ADD,base_endorsed_hyb,R_COMP(no peers),285,0.7929824561403509,0.7495426829268292,0.8368319207166367
rt_nli_min_local,ADD,base_endorsed_hyb,endorsed,347,0.7579250720461095,0.7172897972748422,0.8061095571095571
rt_nli_min_local,ADD,base_endorsed_hyb,not_endorsed,129,0.6976744186046512,0.6139448051948052,0.7786885245901639
rt_nli_min_local,SWAP,base_status,GOLD_PANEL_OK,28,0.10714285714285714,0.0,0.23211538461538456
rt_nli_min_local,SWAP,base_status,PANEL_REPAIRED,66,0.16666666666666666,0.06345766129032258,0.2761817168338907
rt_nli_min_local,SWAP,base_status,R_COMP,122,0.1557377049180328,0.08462152302781578,0.23554519368723098
rt_nli_min_local,SWAP,base_status,TRUSTED_AGREED,26,0.15384615384615385,0.034482758620689655,0.3141538461538459
rt_nli_min_local,SWAP,base_endorsed_hyb,R_COMP(no peers),122,0.1557377049180328,0.08462152302781578,0.23554519368723098
rt_nli_min_local,SWAP,base_endorsed_hyb,endorsed,92,0.16304347826086957,0.0898876404494382,0.2461652402896642
rt_nli_min_local,SWAP,base_endorsed_hyb,not_endorsed,28,0.10714285714285714,0.0,0.25925925925925924
rt_nli_min_local,BIND,base_status,GOLD_PANEL_OK,168,0.6309523809523809,0.5476190476190477,0.7121900317013032
rt_nli_min_local,BIND,base_status,PANEL_REPAIRED,118,0.6949152542372882,0.5956878441031586,0.78813943449169
rt_nli_min_local,BIND,base_status,R_COMP,163,0.6871165644171779,0.6179010695187166,0.75
rt_nli_min_local,BIND,base_status,TRUSTED_AGREED,32,0.9375,0.8523692810457516,1.0
rt_nli_min_local,BIND,base_endorsed_hyb,R_COMP(no peers),163,0.6871165644171779,0.6179010695187166,0.75
rt_nli_min_local,BIND,base_endorsed_hyb,endorsed,234,0.7094017094017094,0.6483510370714342,0.7768549739281042
rt_nli_min_local,BIND,base_endorsed_hyb,not_endorsed,84,0.6190476190476191,0.5119047619047619,0.7093023255813954
rt_nli_min_local,MEANING_RENAME,base_status,GOLD_PANEL_OK,174,0.8850574712643678,0.8342329545454545,0.9325842696629213
rt_nli_min_local,MEANING_RENAME,base_status,PANEL_REPAIRED,108,0.8333333333333334,0.7590856481481482,0.897196261682243
rt_nli_min_local,MEANING_RENAME,base_status,R_COMP,176,0.75,0.6826720595788393,0.8218390804597702
rt_nli_min_local,MEANING_RENAME,base_status,TRUSTED_AGREED,40,0.875,0.7631578947368421,0.9540433403805497
rt_nli_min_local,MEANING_RENAME,base_endorsed_hyb,R_COMP(no peers),176,0.75,0.6826720595788393,0.8218390804597702
rt_nli_min_local,MEANING_RENAME,base_endorsed_hyb,endorsed,239,0.8702928870292888,0.823275236020334,0.9111604702022963
rt_nli_min_local,MEANING_RENAME,base_endorsed_hyb,not_endorsed,83,0.8554216867469879,0.7715914290071679,0.927710843373494
rt_nli_fwd_local,NEG,base_status,GOLD_PANEL_OK,190,0.6842105263157895,0.6235526315789474,0.7448684210526314
rt_nli_fwd_local,NEG,base_status,PANEL_REPAIRED,138,0.7246376811594203,0.6376811594202898,0.8043478260869565
rt_nli_fwd_local,NEG,base_status,R_COMP,200,0.615,0.545,0.685
rt_nli_fwd_local,NEG,base_status,TRUSTED_AGREED,55,0.8181818181818182,0.6972287735849056,0.9344262295081968
rt_nli_fwd_local,NEG,base_endorsed_hyb,R_COMP(no peers),200,0.615,0.545,0.685
rt_nli_fwd_local,NEG,base_endorsed_hyb,endorsed,287,0.7386759581881533,0.6865102198557197,0.788548951048951
rt_nli_fwd_local,NEG,base_endorsed_hyb,not_endorsed,96,0.65625,0.5674479166666667,0.7395833333333334
rt_nli_fwd_local,REV,base_status,GOLD_PANEL_OK,95,0.16842105263157894,0.09473684210526316,0.24210526315789474
rt_nli_fwd_local,REV,base_status,PANEL_REPAIRED,69,0.21739130434782608,0.13043478260869565,0.3119565217391301
rt_nli_fwd_local,REV,base_status,R_COMP,100,0.45,0.35,0.55
rt_nli_fwd_local,REV,base_status,TRUSTED_AGREED,17,0.5882352941176471,0.35294117647058826,0.8235294117647058
rt_nli_fwd_local,REV,base_endorsed_hyb,R_COMP(no peers),100,0.45,0.35,0.55
rt_nli_fwd_local,REV,base_endorsed_hyb,endorsed,133,0.24812030075187969,0.17293233082706766,0.3233082706766917
rt_nli_fwd_local,REV,base_endorsed_hyb,not_endorsed,48,0.16666666666666666,0.0625,0.28177083333333286
rt_nli_fwd_local,QUANT,base_status,GOLD_PANEL_OK,95,0.05263157894736842,0.010526315789473684,0.09473684210526316
rt_nli_fwd_local,QUANT,base_status,PANEL_REPAIRED,69,0.11594202898550725,0.043478260869565216,0.19601449275362287
rt_nli_fwd_local,QUANT,base_status,R_COMP,100,0.06,0.02,0.11
rt_nli_fwd_local,QUANT,base_status,TRUSTED_AGREED,17,0.11764705882352941,0.0,0.29411764705882354
rt_nli_fwd_local,QUANT,base_endorsed_hyb,R_COMP(no peers),100,0.06,0.02,0.11
rt_nli_fwd_local,QUANT,base_endorsed_hyb,endorsed,133,0.09022556390977443,0.045112781954887216,0.13533834586466165
rt_nli_fwd_local,QUANT,base_endorsed_hyb,not_endorsed,48,0.0625,0.0,0.125
rt_nli_fwd_local,RESTR,base_status,GOLD_PANEL_OK,95,0.3473684210526316,0.25263157894736843,0.4421052631578947
rt_nli_fwd_local,RESTR,base_status,PANEL_REPAIRED,68,0.38235294117647056,0.2647058823529412,0.5
rt_nli_fwd_local,RESTR,base_status,R_COMP,100,0.3,0.21,0.4
rt_nli_fwd_local,RESTR,base_status,TRUSTED_AGREED,16,0.25,0.0625,0.5
rt_nli_fwd_local,RESTR,base_endorsed_hyb,R_COMP(no peers),100,0.3,0.21,0.4
rt_nli_fwd_local,RESTR,base_endorsed_hyb,endorsed,132,0.36363636363636365,0.2878787878787879,0.44696969696969696
rt_nli_fwd_local,RESTR,base_endorsed_hyb,not_endorsed,47,0.3191489361702128,0.19148936170212766,0.44680851063829785
rt_nli_fwd_local,CONN,base_status,GOLD_PANEL_OK,181,0.22099447513812154,0.15965384615384615,0.28376366120218577
rt_nli_fwd_local,CONN,base_status,PANEL_REPAIRED,118,0.2542372881355932,0.17074534592942484,0.3448275862068966
rt_nli_fwd_local,CONN,base_status,R_COMP,200,0.17,0.115,0.225
rt_nli_fwd_local,CONN,base_status,TRUSTED_AGREED,31,0.3548387096774194,0.1935483870967742,0.5357142857142857
rt_nli_fwd_local,CONN,base_endorsed_hyb,R_COMP(no peers),200,0.17,0.115,0.225
rt_nli_fwd_local,CONN,base_endorsed_hyb,endorsed,240,0.275,0.21562298862904958,0.3327
rt_nli_fwd_local,CONN,base_endorsed_hyb,not_endorsed,90,0.16666666666666666,0.08837606837606839,0.25
rt_nli_fwd_local,MOVE,base_status,PANEL_REPAIRED,6,0.0,0.0,0.0
rt_nli_fwd_local,MOVE,base_endorsed_hyb,endorsed,5,0.0,0.0,0.0
rt_nli_fwd_local,MOVE,base_endorsed_hyb,not_endorsed,1,0.0,0.0,0.0
rt_nli_fwd_local,DROP,base_status,GOLD_PANEL_OK,110,0.45454545454545453,0.3719607843137255,0.5638364779874212
rt_nli_fwd_local,DROP,base_status,PANEL_REPAIRED,67,0.417910447761194,0.30143939393939395,0.5384615384615384
rt_nli_fwd_local,DROP,base_status,R_COMP,100,0.29,0.21,0.38
rt_nli_fwd_local,DROP,base_status,TRUSTED_AGREED,15,0.26666666666666666,0.06666666666666667,0.5333333333333333
rt_nli_fwd_local,DROP,base_endorsed_hyb,R_COMP(no peers),100,0.29,0.21,0.38
rt_nli_fwd_local,DROP,base_endorsed_hyb,endorsed,138,0.47101449275362317,0.38848920863309355,0.552838119327481
rt_nli_fwd_local,DROP,base_endorsed_hyb,not_endorsed,54,0.3148148148148148,0.20522030651340997,0.4478320029027574
rt_nli_fwd_local,ADD,base_status,GOLD_PANEL_OK,252,0.75,0.6967816091954023,0.8037667887667888
rt_nli_fwd_local,ADD,base_status,PANEL_REPAIRED,191,0.7015706806282722,0.6368159203980099,0.7648746383799421
rt_nli_fwd_local,ADD,base_status,R_COMP,285,0.7894736842105263,0.745177688165493,0.8315789473684211
rt_nli_fwd_local,ADD,base_status,TRUSTED_AGREED,33,0.9090909090909091,0.8125,1.0
rt_nli_fwd_local,ADD,base_endorsed_hyb,R_COMP(no peers),285,0.7894736842105263,0.745177688165493,0.8315789473684211
rt_nli_fwd_local,ADD,base_endorsed_hyb,endorsed,347,0.7579250720461095,0.7128453173981191,0.8072905223209826
rt_nli_fwd_local,ADD,base_endorsed_hyb,not_endorsed,129,0.6976744186046512,0.6152801631601547,0.7768595041322314
rt_nli_fwd_local,SWAP,base_status,GOLD_PANEL_OK,28,0.21428571428571427,0.06666666666666667,0.39012096774193533
rt_nli_fwd_local,SWAP,base_status,PANEL_REPAIRED,66,0.21212121212121213,0.109375,0.3238373350638111
rt_nli_fwd_local,SWAP,base_status,R_COMP,122,0.13934426229508196,0.06720338983050847,0.22132768361581917
rt_nli_fwd_local,SWAP,base_status,TRUSTED_AGREED,26,0.15384615384615385,0.037037037037037035,0.3076923076923077
rt_nli_fwd_local,SWAP,base_endorsed_hyb,R_COMP(no peers),122,0.13934426229508196,0.06720338983050847,0.22132768361581917
rt_nli_fwd_local,SWAP,base_endorsed_hyb,endorsed,92,0.18478260869565216,0.1078804347826087,0.2660204081632653
rt_nli_fwd_local,SWAP,base_endorsed_hyb,not_endorsed,28,0.25,0.10520320197044335,0.4318322981366458
rt_nli_fwd_local,BIND,base_status,GOLD_PANEL_OK,168,0.6785714285714286,0.6011904761904762,0.7545220588235293
rt_nli_fwd_local,BIND,base_status,PANEL_REPAIRED,118,0.6949152542372882,0.6033734682245654,0.7839367816091953
rt_nli_fwd_local,BIND,base_status,R_COMP,163,0.5214723926380368,0.4394904458598726,0.6150226333048189
rt_nli_fwd_local,BIND,base_status,TRUSTED_AGREED,32,0.9375,0.8523692810457516,1.0
rt_nli_fwd_local,BIND,base_endorsed_hyb,R_COMP(no peers),163,0.5214723926380368,0.4394904458598726,0.6150226333048189
rt_nli_fwd_local,BIND,base_endorsed_hyb,endorsed,234,0.7393162393162394,0.6813144877690613,0.7970654778938331
rt_nli_fwd_local,BIND,base_endorsed_hyb,not_endorsed,84,0.6309523809523809,0.5176470588235295,0.7294117647058823
rt_nli_fwd_local,MEANING_RENAME,base_status,GOLD_PANEL_OK,174,0.8908045977011494,0.8470588235294118,0.9369712643678161
rt_nli_fwd_local,MEANING_RENAME,base_status,PANEL_REPAIRED,108,0.8425925925925926,0.7692307692307693,0.9074074074074074
rt_nli_fwd_local,MEANING_RENAME,base_status,R_COMP,176,0.7272727272727273,0.6600724363223179,0.7988690476190476
rt_nli_fwd_local,MEANING_RENAME,base_status,TRUSTED_AGREED,40,0.875,0.7597972972972974,0.9574728260869565
rt_nli_fwd_local,MEANING_RENAME,base_endorsed_hyb,R_COMP(no peers),176,0.7272727272727273,0.6600724363223179,0.7988690476190476
rt_nli_fwd_local,MEANING_RENAME,base_endorsed_hyb,endorsed,239,0.8828451882845189,0.836184687447722,0.9230769230769231
rt_nli_fwd_local,MEANING_RENAME,base_endorsed_hyb,not_endorsed,83,0.8433734939759037,0.75594866704481,0.9151741110784601
rt_nli_bwd_local,NEG,base_status,GOLD_PANEL_OK,190,0.8157894736842105,0.7473684210526316,0.868421052631579
rt_nli_bwd_local,NEG,base_status,PANEL_REPAIRED,138,0.7753623188405797,0.6956521739130435,0.8478260869565217
rt_nli_bwd_local,NEG,base_status,R_COMP,200,0.75,0.69,0.81
rt_nli_bwd_local,NEG,base_status,TRUSTED_AGREED,55,0.9090909090909091,0.8188897168405366,0.9821428571428571
rt_nli_bwd_local,NEG,base_endorsed_hyb,R_COMP(no peers),200,0.75,0.69,0.81
rt_nli_bwd_local,NEG,base_endorsed_hyb,endorsed,287,0.8222996515679443,0.7758033939483178,0.868769687857961
rt_nli_bwd_local,NEG,base_endorsed_hyb,not_endorsed,96,0.7916666666666666,0.7028645833333333,0.8854166666666666
rt_nli_bwd_local,REV,base_status,GOLD_PANEL_OK,95,0.16842105263157894,0.10526315789473684,0.24763157894736817
rt_nli_bwd_local,REV,base_status,PANEL_REPAIRED,69,0.07246376811594203,0.02137681159420292,0.14492753623188406
rt_nli_bwd_local,REV,base_status,R_COMP,100,0.32,0.22,0.4
rt_nli_bwd_local,REV,base_status,TRUSTED_AGREED,17,0.5294117647058824,0.29411764705882354,0.7647058823529411
rt_nli_bwd_local,REV,base_endorsed_hyb,R_COMP(no peers),100,0.32,0.22,0.4
rt_nli_bwd_local,REV,base_endorsed_hyb,endorsed,133,0.17293233082706766,0.11278195488721804,0.23703007518796973
rt_nli_bwd_local,REV,base_endorsed_hyb,not_endorsed,48,0.14583333333333334,0.051562500000000025,0.25
rt_nli_bwd_local,QUANT,base_status,GOLD_PANEL_OK,95,0.42105263157894735,0.3263157894736842,0.5157894736842106
rt_nli_bwd_local,QUANT,base_status,PANEL_REPAIRED,69,0.2898550724637681,0.18840579710144928,0.391304347826087
rt_nli_bwd_local,QUANT,base_status,R_COMP,100,0.66,0.56,0.75
rt_nli_bwd_local,QUANT,base_status,TRUSTED_AGREED,17,0.6470588235294118,0.4117647058823529,0.8235294117647058
rt_nli_bwd_local,QUANT,base_endorsed_hyb,R_COMP(no peers),100,0.66,0.56,0.75
rt_nli_bwd_local,QUANT,base_endorsed_hyb,endorsed,133,0.38345864661654133,0.3007518796992481,0.47368421052631576
rt_nli_bwd_local,QUANT,base_endorsed_hyb,not_endorsed,48,0.4166666666666667,0.2916666666666667,0.5526041666666662
rt_nli_bwd_local,RESTR,base_status,GOLD_PANEL_OK,95,0.23157894736842105,0.15236842105263157,0.3263157894736842
rt_nli_bwd_local,RESTR,base_status,PANEL_REPAIRED,68,0.16176470588235295,0.07352941176470588,0.25
rt_nli_bwd_local,RESTR,base_status,R_COMP,100,0.39,0.3,0.48
rt_nli_bwd_local,RESTR,base_status,TRUSTED_AGREED,16,0.375,0.125,0.625
rt_nli_bwd_local,RESTR,base_endorsed_hyb,R_COMP(no peers),100,0.39,0.3,0.48
rt_nli_bwd_local,RESTR,base_endorsed_hyb,endorsed,132,0.1893939393939394,0.12878787878787878,0.2615530303030301
rt_nli_bwd_local,RESTR,base_endorsed_hyb,not_endorsed,47,0.2978723404255319,0.19148936170212766,0.44680851063829785
rt_nli_bwd_local,CONN,base_status,GOLD_PANEL_OK,181,0.2983425414364641,0.2267604897715395,0.37184523809523806
rt_nli_bwd_local,CONN,base_status,PANEL_REPAIRED,118,0.17796610169491525,0.1092436974789916,0.24901859504132226
rt_nli_bwd_local,CONN,base_status,R_COMP,200,0.375,0.29,0.455
rt_nli_bwd_local,CONN,base_status,TRUSTED_AGREED,31,0.6774193548387096,0.5440909090909091,0.8333333333333334
rt_nli_bwd_local,CONN,base_endorsed_hyb,R_COMP(no peers),200,0.375,0.29,0.455
rt_nli_bwd_local,CONN,base_endorsed_hyb,endorsed,240,0.3,0.242821914156225,0.3677685950413223
rt_nli_bwd_local,CONN,base_endorsed_hyb,not_endorsed,90,0.26666666666666666,0.16129032258064516,0.37362637362637363
rt_nli_bwd_local,MOVE,base_status,PANEL_REPAIRED,6,0.16666666666666666,0.0,0.5
rt_nli_bwd_local,MOVE,base_endorsed_hyb,endorsed,5,0.2,0.0,0.6
rt_nli_bwd_local,MOVE,base_endorsed_hyb,not_endorsed,1,0.0,0.0,0.0
rt_nli_bwd_local,DROP,base_status,GOLD_PANEL_OK,110,0.7272727272727273,0.6472674001435064,0.7982456140350878
rt_nli_bwd_local,DROP,base_status,PANEL_REPAIRED,67,0.746268656716418,0.6453666398066076,0.851898595258999
rt_nli_bwd_local,DROP,base_status,R_COMP,100,0.92,0.85475,0.97
rt_nli_bwd_local,DROP,base_status,TRUSTED_AGREED,15,0.9333333333333333,0.8,1.0
rt_nli_bwd_local,DROP,base_endorsed_hyb,R_COMP(no peers),100,0.92,0.85475,0.97
rt_nli_bwd_local,DROP,base_endorsed_hyb,endorsed,138,0.7681159420289855,0.6978225973487986,0.8410384192645883
rt_nli_bwd_local,DROP,base_endorsed_hyb,not_endorsed,54,0.7037037037037037,0.5783846153846154,0.8289525048796356
rt_nli_bwd_local,ADD,base_status,GOLD_PANEL_OK,252,0.2222222222222222,0.15233739837398375,0.29296173194394537
rt_nli_bwd_local,ADD,base_status,PANEL_REPAIRED,191,0.06806282722513089,0.03149214659685864,0.11528896496173983
rt_nli_bwd_local,ADD,base_status,R_COMP,285,0.256140350877193,0.1800100861910875,0.32929596445221443
rt_nli_bwd_local,ADD,base_status,TRUSTED_AGREED,33,0.36363636363636365,0.18451704545454548,0.5454545454545454
rt_nli_bwd_local,ADD,base_endorsed_hyb,R_COMP(no peers),285,0.256140350877193,0.1800100861910875,0.32929596445221443
rt_nli_bwd_local,ADD,base_endorsed_hyb,endorsed,347,0.1440922190201729,0.09926303854875283,0.19887415238968778
rt_nli_bwd_local,ADD,base_endorsed_hyb,not_endorsed,129,0.24031007751937986,0.14740754860846358,0.3449584136933462
rt_nli_bwd_local,SWAP,base_status,GOLD_PANEL_OK,28,0.25,0.10714285714285714,0.41935483870967744
rt_nli_bwd_local,SWAP,base_status,PANEL_REPAIRED,66,0.10606060606060606,0.03278688524590164,0.2033333333333332
rt_nli_bwd_local,SWAP,base_status,R_COMP,122,0.20491803278688525,0.11982051282051283,0.2976688508064516
rt_nli_bwd_local,SWAP,base_status,TRUSTED_AGREED,26,0.34615384615384615,0.16,0.5769230769230769
rt_nli_bwd_local,SWAP,base_endorsed_hyb,R_COMP(no peers),122,0.20491803278688525,0.11982051282051283,0.2976688508064516
rt_nli_bwd_local,SWAP,base_endorsed_hyb,endorsed,92,0.15217391304347827,0.08231589147286822,0.22873641304347822
rt_nli_bwd_local,SWAP,base_endorsed_hyb,not_endorsed,28,0.32142857142857145,0.1310752688172043,0.5357142857142857
rt_nli_bwd_local,BIND,base_status,GOLD_PANEL_OK,168,0.23214285714285715,0.15976331360946747,0.3086538461538461
rt_nli_bwd_local,BIND,base_status,PANEL_REPAIRED,118,0.2627118644067797,0.19166666666666668,0.3333333333333333
rt_nli_bwd_local,BIND,base_status,R_COMP,163,0.6441717791411042,0.5757575757575758,0.7134146341463414
rt_nli_bwd_local,BIND,base_status,TRUSTED_AGREED,32,0.65625,0.46962316176470587,0.828103448275862
rt_nli_bwd_local,BIND,base_endorsed_hyb,R_COMP(no peers),163,0.6441717791411042,0.5757575757575758,0.7134146341463414
rt_nli_bwd_local,BIND,base_endorsed_hyb,endorsed,234,0.3034188034188034,0.23775708100306694,0.3601694915254237
rt_nli_bwd_local,BIND,base_endorsed_hyb,not_endorsed,84,0.23809523809523808,0.13869286287089014,0.35294117647058826
rt_nli_bwd_local,MEANING_RENAME,base_status,GOLD_PANEL_OK,174,0.8333333333333334,0.7780776515151515,0.88
rt_nli_bwd_local,MEANING_RENAME,base_status,PANEL_REPAIRED,108,0.6203703703703703,0.5344642857142857,0.7040962837837837
rt_nli_bwd_local,MEANING_RENAME,base_status,R_COMP,176,0.7386363636363636,0.6685872093023256,0.8111351351351351
rt_nli_bwd_local,MEANING_RENAME,base_status,TRUSTED_AGREED,40,0.85,0.730625,0.9411764705882353
rt_nli_bwd_local,MEANING_RENAME,base_endorsed_hyb,R_COMP(no peers),176,0.7386363636363636,0.6685872093023256,0.8111351351351351
rt_nli_bwd_local,MEANING_RENAME,base_endorsed_hyb,endorsed,239,0.7489539748953975,0.7067297249176534,0.7950183823529411
rt_nli_bwd_local,MEANING_RENAME,base_endorsed_hyb,not_endorsed,83,0.8072289156626506,0.7160493827160493,0.8964445438282648
rt_nli_contra_local,NEG,base_status,GOLD_PANEL_OK,190,0.8947368421052632,0.8526315789473684,0.9315789473684211
rt_nli_contra_local,NEG,base_status,PANEL_REPAIRED,138,0.927536231884058,0.8840579710144928,0.9637681159420289
rt_nli_contra_local,NEG,base_status,R_COMP,200,0.835,0.787375,0.88
rt_nli_contra_local,NEG,base_status,TRUSTED_AGREED,55,0.9272727272727272,0.8454575596816977,1.0
rt_nli_contra_local,NEG,base_endorsed_hyb,R_COMP(no peers),200,0.835,0.787375,0.88
rt_nli_contra_local,NEG,base_endorsed_hyb,endorsed,287,0.9094076655052264,0.8760483219928497,0.9409722222222222
rt_nli_contra_local,NEG,base_endorsed_hyb,not_endorsed,96,0.9166666666666666,0.8645833333333334,0.9583333333333334
rt_nli_contra_local,REV,base_status,GOLD_PANEL_OK,95,0.1368421052631579,0.07368421052631578,0.20552631578947345
rt_nli_contra_local,REV,base_status,PANEL_REPAIRED,69,0.14492753623188406,0.07246376811594203,0.2318840579710145
rt_nli_contra_local,REV,base_status,R_COMP,100,0.57,0.48,0.66
rt_nli_contra_local,REV,base_status,TRUSTED_AGREED,17,0.35294117647058826,0.11764705882352941,0.5882352941176471
rt_nli_contra_local,REV,base_endorsed_hyb,R_COMP(no peers),100,0.57,0.48,0.66
rt_nli_contra_local,REV,base_endorsed_hyb,endorsed,133,0.17293233082706766,0.11278195488721804,0.23308270676691728
rt_nli_contra_local,REV,base_endorsed_hyb,not_endorsed,48,0.125,0.041666666666666664,0.21927083333333286
rt_nli_contra_local,QUANT,base_status,GOLD_PANEL_OK,95,0.09473684210526316,0.042105263157894736,0.15789473684210525
rt_nli_contra_local,QUANT,base_status,PANEL_REPAIRED,69,0.028985507246376812,0.0,0.07246376811594203
rt_nli_contra_local,QUANT,base_status,R_COMP,100,0.14,0.08,0.21524999999999977
rt_nli_contra_local,QUANT,base_status,TRUSTED_AGREED,17,0.35294117647058826,0.11764705882352941,0.5882352941176471
rt_nli_contra_local,QUANT,base_endorsed_hyb,R_COMP(no peers),100,0.14,0.08,0.21524999999999977
rt_nli_contra_local,QUANT,base_endorsed_hyb,endorsed,133,0.06015037593984962,0.022556390977443608,0.10526315789473684
rt_nli_contra_local,QUANT,base_endorsed_hyb,not_endorsed,48,0.1875,0.08333333333333333,0.3125
rt_nli_contra_local,RESTR,base_status,GOLD_PANEL_OK,95,0.23157894736842105,0.14736842105263157,0.32131578947368394
rt_nli_contra_local,RESTR,base_status,PANEL_REPAIRED,68,0.2647058823529412,0.16176470588235295,0.36764705882352944
rt_nli_contra_local,RESTR,base_status,R_COMP,100,0.43,0.33,0.5352499999999998
rt_nli_contra_local,RESTR,base_status,TRUSTED_AGREED,16,0.25,0.0625,0.5
rt_nli_contra_local,RESTR,base_endorsed_hyb,R_COMP(no peers),100,0.43,0.33,0.5352499999999998
rt_nli_contra_local,RESTR,base_endorsed_hyb,endorsed,132,0.2727272727272727,0.20056818181818184,0.3560606060606061
rt_nli_contra_local,RESTR,base_endorsed_hyb,not_endorsed,47,0.1702127659574468,0.06382978723404255,0.26648936170212717
rt_nli_contra_local,CONN,base_status,GOLD_PANEL_OK,181,0.32044198895027626,0.25824175824175827,0.3895258818140174
rt_nli_contra_local,CONN,base_status,PANEL_REPAIRED,118,0.2966101694915254,0.21739130434782608,0.3766342119066351
rt_nli_contra_local,CONN,base_status,R_COMP,200,0.32,0.245,0.395
rt_nli_contra_local,CONN,base_status,TRUSTED_AGREED,31,0.3870967741935484,0.23333333333333334,0.5862068965517241
rt_nli_contra_local,CONN,base_endorsed_hyb,R_COMP(no peers),200,0.32,0.245,0.395
rt_nli_contra_local,CONN,base_endorsed_hyb,endorsed,240,0.325,0.26859504132231404,0.38235294117647056
rt_nli_contra_local,CONN,base_endorsed_hyb,not_endorsed,90,0.3,0.20535589060308557,0.4034515045847862
rt_nli_contra_local,MOVE,base_status,PANEL_REPAIRED,6,0.5,0.16666666666666666,0.8333333333333334
rt_nli_contra_local,MOVE,base_endorsed_hyb,endorsed,5,0.6,0.2,1.0
rt_nli_contra_local,MOVE,base_endorsed_hyb,not_endorsed,1,0.0,0.0,0.0
rt_nli_contra_local,DROP,base_status,GOLD_PANEL_OK,110,0.33636363636363636,0.25225225225225223,0.42927236315086775
rt_nli_contra_local,DROP,base_status,PANEL_REPAIRED,67,0.2835820895522388,0.1754901960784314,0.39860294117647055
rt_nli_contra_local,DROP,base_status,R_COMP,100,0.36,0.28,0.45
rt_nli_contra_local,DROP,base_status,TRUSTED_AGREED,15,0.13333333333333333,0.0,0.3333333333333333
rt_nli_contra_local,DROP,base_endorsed_hyb,R_COMP(no peers),100,0.36,0.28,0.45
rt_nli_contra_local,DROP,base_endorsed_hyb,endorsed,138,0.3188405797101449,0.24452038369304557,0.4077124817872753
rt_nli_contra_local,DROP,base_endorsed_hyb,not_endorsed,54,0.25925925925925924,0.1637779433681073,0.37383578431372544
rt_nli_contra_local,ADD,base_status,GOLD_PANEL_OK,252,0.3134920634920635,0.24648316936728396,0.38434917857490025
rt_nli_contra_local,ADD,base_status,PANEL_REPAIRED,191,0.24083769633507854,0.17911115885976223,0.31856879606879607
rt_nli_contra_local,ADD,base_status,R_COMP,285,0.45263157894736844,0.4063024514134276,0.5087428938199157
rt_nli_contra_local,ADD,base_status,TRUSTED_AGREED,33,0.24242424242424243,0.08950534759358289,0.43552083333333325
rt_nli_contra_local,ADD,base_endorsed_hyb,R_COMP(no peers),285,0.45263157894736844,0.4063024514134276,0.5087428938199157
rt_nli_contra_local,ADD,base_endorsed_hyb,endorsed,347,0.2824207492795389,0.22908076779259628,0.33817524860947246
rt_nli_contra_local,ADD,base_endorsed_hyb,not_endorsed,129,0.2713178294573643,0.17812212587045068,0.36975806451612897
rt_nli_contra_local,SWAP,base_status,GOLD_PANEL_OK,28,0.17857142857142858,0.037037037037037035,0.36190909090909085
rt_nli_contra_local,SWAP,base_status,PANEL_REPAIRED,66,0.19696969696969696,0.09230769230769231,0.30158730158730157
rt_nli_contra_local,SWAP,base_status,R_COMP,122,0.23770491803278687,0.14565723328989014,0.3373905835543766
rt_nli_contra_local,SWAP,base_status,TRUSTED_AGREED,26,0.2692307692307692,0.11538461538461539,0.4444444444444444
rt_nli_contra_local,SWAP,base_endorsed_hyb,R_COMP(no peers),122,0.23770491803278687,0.14565723328989014,0.3373905835543766
rt_nli_contra_local,SWAP,base_endorsed_hyb,endorsed,92,0.1956521739130435,0.11235955056179775,0.2905195048762191
rt_nli_contra_local,SWAP,base_endorsed_hyb,not_endorsed,28,0.25,0.09830645161290323,0.46153846153846156
rt_nli_contra_local,BIND,base_status,GOLD_PANEL_OK,168,0.23214285714285715,0.17751479289940827,0.2891306996171249
rt_nli_contra_local,BIND,base_status,PANEL_REPAIRED,118,0.2711864406779661,0.19672131147540983,0.3518103448275861
rt_nli_contra_local,BIND,base_status,R_COMP,163,0.4785276073619632,0.4090600205700852,0.5483008389001087
rt_nli_contra_local,BIND,base_status,TRUSTED_AGREED,32,0.53125,0.36507575757575755,0.707874762808349
rt_nli_contra_local,BIND,base_endorsed_hyb,R_COMP(no peers),163,0.4785276073619632,0.4090600205700852,0.5483008389001087
rt_nli_contra_local,BIND,base_endorsed_hyb,endorsed,234,0.2863247863247863,0.23275862068965517,0.34193861693861693
rt_nli_contra_local,BIND,base_endorsed_hyb,not_endorsed,84,0.25,0.15753379371143109,0.3373493975903614
rt_nli_contra_local,MEANING_RENAME,base_status,GOLD_PANEL_OK,174,0.5919540229885057,0.5173366078588613,0.6630681818181816
rt_nli_contra_local,MEANING_RENAME,base_status,PANEL_REPAIRED,108,0.5185185185185185,0.4331369128658952,0.6055045871559633
rt_nli_contra_local,MEANING_RENAME,base_status,R_COMP,176,0.5568181818181818,0.4856275805119736,0.6341198501872659
rt_nli_contra_local,MEANING_RENAME,base_status,TRUSTED_AGREED,40,0.55,0.4165201361315939,0.6874999999999999
rt_nli_contra_local,MEANING_RENAME,base_endorsed_hyb,R_COMP(no peers),176,0.5568181818181818,0.4856275805119736,0.6341198501872659
rt_nli_contra_local,MEANING_RENAME,base_endorsed_hyb,endorsed,239,0.5648535564853556,0.5030683782849239,0.621090841399851
rt_nli_contra_local,MEANING_RENAME,base_endorsed_hyb,not_endorsed,83,0.5542168674698795,0.43902439024390244,0.6606964443138407
rt_nli_min_alt_local,NEG,base_status,GOLD_PANEL_OK,190,0.5368421052631579,0.4631578947368421,0.6185526315789472
rt_nli_min_alt_local,NEG,base_status,PANEL_REPAIRED,138,0.5434782608695652,0.44547101449275367,0.6376811594202898
rt_nli_min_alt_local,NEG,base_status,R_COMP,200,0.35,0.285,0.42762499999999987
rt_nli_min_alt_local,NEG,base_status,TRUSTED_AGREED,55,0.7090909090909091,0.5832847341337907,0.8396607142857143
rt_nli_min_alt_local,NEG,base_endorsed_hyb,R_COMP(no peers),200,0.35,0.285,0.42762499999999987
rt_nli_min_alt_local,NEG,base_endorsed_hyb,endorsed,287,0.5818815331010453,0.5201033869186403,0.6439891775946961
rt_nli_min_alt_local,NEG,base_endorsed_hyb,not_endorsed,96,0.5104166666666666,0.4166666666666667,0.6145833333333334
rt_nli_min_alt_local,REV,base_status,GOLD_PANEL_OK,95,0.14736842105263157,0.08421052631578947,0.23157894736842105
rt_nli_min_alt_local,REV,base_status,PANEL_REPAIRED,69,0.2028985507246377,0.11594202898550725,0.2898550724637681
rt_nli_min_alt_local,REV,base_status,R_COMP,100,0.17,0.11,0.25
rt_nli_min_alt_local,REV,base_status,TRUSTED_AGREED,17,0.23529411764705882,0.058823529411764705,0.4117647058823529
rt_nli_min_alt_local,REV,base_endorsed_hyb,R_COMP(no peers),100,0.17,0.11,0.25
rt_nli_min_alt_local,REV,base_endorsed_hyb,endorsed,133,0.21052631578947367,0.14285714285714285,0.2857142857142857
rt_nli_min_alt_local,REV,base_endorsed_hyb,not_endorsed,48,0.08333333333333333,0.020833333333333332,0.16666666666666666
rt_nli_min_alt_local,QUANT,base_status,GOLD_PANEL_OK,95,0.042105263157894736,0.010526315789473684,0.08421052631578947
rt_nli_min_alt_local,QUANT,base_status,PANEL_REPAIRED,69,0.043478260869565216,0.0,0.08695652173913043
rt_nli_min_alt_local,QUANT,base_status,R_COMP,100,0.06,0.02,0.11
rt_nli_min_alt_local,QUANT,base_status,TRUSTED_AGREED,17,0.47058823529411764,0.23529411764705882,0.7058823529411765
rt_nli_min_alt_local,QUANT,base_endorsed_hyb,R_COMP(no peers),100,0.06,0.02,0.11
rt_nli_min_alt_local,QUANT,base_endorsed_hyb,endorsed,133,0.08270676691729323,0.03759398496240601,0.13533834586466165
rt_nli_min_alt_local,QUANT,base_endorsed_hyb,not_endorsed,48,0.08333333333333333,0.020833333333333332,0.16666666666666666
rt_nli_min_alt_local,RESTR,base_status,GOLD_PANEL_OK,95,0.10526315789473684,0.042105263157894736,0.16842105263157894
rt_nli_min_alt_local,RESTR,base_status,PANEL_REPAIRED,68,0.07352941176470588,0.014705882352941176,0.1323529411764706
rt_nli_min_alt_local,RESTR,base_status,R_COMP,100,0.23,0.15,0.31
rt_nli_min_alt_local,RESTR,base_status,TRUSTED_AGREED,16,0.1875,0.0,0.375
rt_nli_min_alt_local,RESTR,base_endorsed_hyb,R_COMP(no peers),100,0.23,0.15,0.31
rt_nli_min_alt_local,RESTR,base_endorsed_hyb,endorsed,132,0.09090909090909091,0.045454545454545456,0.14393939393939395
rt_nli_min_alt_local,RESTR,base_endorsed_hyb,not_endorsed,47,0.1276595744680851,0.0425531914893617,0.23404255319148937
rt_nli_min_alt_local,CONN,base_status,GOLD_PANEL_OK,181,0.1712707182320442,0.10986323702563174,0.23076923076923078
rt_nli_min_alt_local,CONN,base_status,PANEL_REPAIRED,118,0.15254237288135594,0.08940044949762031,0.23207429346274613
rt_nli_min_alt_local,CONN,base_status,R_COMP,200,0.175,0.12,0.2326249999999999
rt_nli_min_alt_local,CONN,base_status,TRUSTED_AGREED,31,0.25806451612903225,0.11934046345811053,0.4482758620689655
rt_nli_min_alt_local,CONN,base_endorsed_hyb,R_COMP(no peers),200,0.175,0.12,0.2326249999999999
rt_nli_min_alt_local,CONN,base_endorsed_hyb,endorsed,240,0.19166666666666668,0.14107883817427386,0.24801308649856363
rt_nli_min_alt_local,CONN,base_endorsed_hyb,not_endorsed,90,0.12222222222222222,0.05648301838610827,0.20117977528089884
rt_nli_min_alt_local,MOVE,base_status,PANEL_REPAIRED,6,0.16666666666666666,0.0,0.5
rt_nli_min_alt_local,MOVE,base_endorsed_hyb,endorsed,5,0.2,0.0,0.6
rt_nli_min_alt_local,MOVE,base_endorsed_hyb,not_endorsed,1,0.0,0.0,0.0
rt_nli_min_alt_local,DROP,base_status,GOLD_PANEL_OK,110,0.5363636363636364,0.4418448344635022,0.6214969824193125
rt_nli_min_alt_local,DROP,base_status,PANEL_REPAIRED,67,0.43283582089552236,0.3125,0.5442207792207792
rt_nli_min_alt_local,DROP,base_status,R_COMP,100,0.66,0.56,0.75
rt_nli_min_alt_local,DROP,base_status,TRUSTED_AGREED,15,0.8,0.6,1.0
rt_nli_min_alt_local,DROP,base_endorsed_hyb,R_COMP(no peers),100,0.66,0.56,0.75
rt_nli_min_alt_local,DROP,base_endorsed_hyb,endorsed,138,0.5289855072463768,0.44904954200728847,0.6059555408095554
rt_nli_min_alt_local,DROP,base_endorsed_hyb,not_endorsed,54,0.5,0.36093481989708404,0.6346153846153846
rt_nli_min_alt_local,ADD,base_status,GOLD_PANEL_OK,252,0.5079365079365079,0.4364613252708491,0.584190518783542
rt_nli_min_alt_local,ADD,base_status,PANEL_REPAIRED,191,0.4816753926701571,0.4132228500013018,0.5491996233521657
rt_nli_min_alt_local,ADD,base_status,R_COMP,285,0.519298245614035,0.45783202620012065,0.5831934628975265
rt_nli_min_alt_local,ADD,base_status,TRUSTED_AGREED,33,0.7575757575757576,0.5757575757575758,0.9117647058823529
rt_nli_min_alt_local,ADD,base_endorsed_hyb,R_COMP(no peers),285,0.519298245614035,0.45783202620012065,0.5831934628975265
rt_nli_min_alt_local,ADD,base_endorsed_hyb,endorsed,347,0.5446685878962536,0.48641797180255275,0.604579245985496
rt_nli_min_alt_local,ADD,base_endorsed_hyb,not_endorsed,129,0.43410852713178294,0.34814814814814815,0.5387770432692307
rt_nli_min_alt_local,SWAP,base_status,GOLD_PANEL_OK,28,0.07142857142857142,0.0,0.2222222222222222
rt_nli_min_alt_local,SWAP,base_status,PANEL_REPAIRED,66,0.06060606060606061,0.0,0.14179687499999993
rt_nli_min_alt_local,SWAP,base_status,R_COMP,122,0.13114754098360656,0.06451612903225806,0.2051654051023268
rt_nli_min_alt_local,SWAP,base_status,TRUSTED_AGREED,26,0.15384615384615385,0.037037037037037035,0.3076923076923077
rt_nli_min_alt_local,SWAP,base_endorsed_hyb,R_COMP(no peers),122,0.13114754098360656,0.06451612903225806,0.2051654051023268
rt_nli_min_alt_local,SWAP,base_endorsed_hyb,endorsed,92,0.05434782608695652,0.010752688172043012,0.10227272727272728
rt_nli_min_alt_local,SWAP,base_endorsed_hyb,not_endorsed,28,0.17857142857142858,0.0,0.375
rt_nli_min_alt_local,BIND,base_status,GOLD_PANEL_OK,168,0.4166666666666667,0.34119956966110815,0.4911242603550296
rt_nli_min_alt_local,BIND,base_status,PANEL_REPAIRED,118,0.3898305084745763,0.29864069296535173,0.4829120397428404
rt_nli_min_alt_local,BIND,base_status,R_COMP,163,0.5398773006134969,0.4534382894261999,0.6211446434084593
rt_nli_min_alt_local,BIND,base_status,TRUSTED_AGREED,32,0.75,0.6028787878787879,0.88578431372549
rt_nli_min_alt_local,BIND,base_endorsed_hyb,R_COMP(no peers),163,0.5398773006134969,0.4534382894261999,0.6211446434084593
rt_nli_min_alt_local,BIND,base_endorsed_hyb,endorsed,234,0.44871794871794873,0.3826501877346683,0.5195813087292734
rt_nli_min_alt_local,BIND,base_endorsed_hyb,not_endorsed,84,0.4166666666666667,0.29411764705882354,0.5241144018583043
rt_nli_min_alt_local,MEANING_RENAME,base_status,GOLD_PANEL_OK,174,0.7413793103448276,0.6819429847609038,0.7960095137420719
rt_nli_min_alt_local,MEANING_RENAME,base_status,PANEL_REPAIRED,108,0.6574074074074074,0.5794392523364486,0.7466423948220064
rt_nli_min_alt_local,MEANING_RENAME,base_status,R_COMP,176,0.6363636363636364,0.562472555856903,0.7126770178446689
rt_nli_min_alt_local,MEANING_RENAME,base_status,TRUSTED_AGREED,40,0.725,0.5975,0.85
rt_nli_min_alt_local,MEANING_RENAME,base_endorsed_hyb,R_COMP(no peers),176,0.6363636363636364,0.562472555856903,0.7126770178446689
rt_nli_min_alt_local,MEANING_RENAME,base_endorsed_hyb,endorsed,239,0.7364016736401674,0.6821010034749309,0.788071186440678
rt_nli_min_alt_local,MEANING_RENAME,base_endorsed_hyb,not_endorsed,83,0.6385542168674698,0.5535471296952517,0.7195140131186641
rt_embed_cos_local,NEG,base_status,GOLD_PANEL_OK,190,0.21052631578947367,0.1368421052631579,0.28421052631578947
rt_embed_cos_local,NEG,base_status,PANEL_REPAIRED,138,0.16666666666666666,0.1048913043478261,0.2318840579710145
rt_embed_cos_local,NEG,base_status,R_COMP,200,0.365,0.275,0.44
rt_embed_cos_local,NEG,base_status,TRUSTED_AGREED,55,0.509090909090909,0.35650726392251814,0.6725783699059561
rt_embed_cos_local,NEG,base_endorsed_hyb,R_COMP(no peers),200,0.365,0.275,0.44
rt_embed_cos_local,NEG,base_endorsed_hyb,endorsed,287,0.23693379790940766,0.1788144329896907,0.29567877710027096
rt_embed_cos_local,NEG,base_endorsed_hyb,not_endorsed,96,0.23958333333333334,0.13541666666666666,0.34375
rt_embed_cos_local,REV,base_status,GOLD_PANEL_OK,95,0.12631578947368421,0.06315789473684211,0.2
rt_embed_cos_local,REV,base_status,PANEL_REPAIRED,69,0.17391304347826086,0.08695652173913043,0.2608695652173913
rt_embed_cos_local,REV,base_status,R_COMP,100,0.57,0.48,0.67
rt_embed_cos_local,REV,base_status,TRUSTED_AGREED,17,0.29411764705882354,0.11764705882352941,0.5294117647058824
rt_embed_cos_local,REV,base_endorsed_hyb,R_COMP(no peers),100,0.57,0.48,0.67
rt_embed_cos_local,REV,base_endorsed_hyb,endorsed,133,0.18796992481203006,0.12781954887218044,0.2556390977443609
rt_embed_cos_local,REV,base_endorsed_hyb,not_endorsed,48,0.08333333333333333,0.020833333333333332,0.16666666666666666
rt_embed_cos_local,QUANT,base_status,GOLD_PANEL_OK,95,0.5473684210526316,0.4421052631578947,0.6421052631578947
rt_embed_cos_local,QUANT,base_status,PANEL_REPAIRED,69,0.4492753623188406,0.3333333333333333,0.558333333333333
rt_embed_cos_local,QUANT,base_status,R_COMP,100,0.63,0.5347500000000001,0.73
rt_embed_cos_local,QUANT,base_status,TRUSTED_AGREED,17,0.7647058823529411,0.5573529411764707,0.9411764705882353
rt_embed_cos_local,QUANT,base_endorsed_hyb,R_COMP(no peers),100,0.63,0.5347500000000001,0.73
rt_embed_cos_local,QUANT,base_endorsed_hyb,endorsed,133,0.5413533834586466,0.45112781954887216,0.631578947368421
rt_embed_cos_local,QUANT,base_endorsed_hyb,not_endorsed,48,0.5,0.3541666666666667,0.6458333333333334
rt_embed_cos_local,RESTR,base_status,GOLD_PANEL_OK,95,0.22105263157894736,0.1368421052631579,0.30526315789473685
rt_embed_cos_local,RESTR,base_status,PANEL_REPAIRED,68,0.14705882352941177,0.07352941176470588,0.22830882352941143
rt_embed_cos_local,RESTR,base_status,R_COMP,100,0.72,0.62,0.8
rt_embed_cos_local,RESTR,base_status,TRUSTED_AGREED,16,0.4375,0.1875,0.6875
rt_embed_cos_local,RESTR,base_endorsed_hyb,R_COMP(no peers),100,0.72,0.62,0.8
rt_embed_cos_local,RESTR,base_endorsed_hyb,endorsed,132,0.21212121212121213,0.14393939393939395,0.2803030303030303
rt_embed_cos_local,RESTR,base_endorsed_hyb,not_endorsed,47,0.2127659574468085,0.10638297872340426,0.3404255319148936
rt_embed_cos_local,CONN,base_status,GOLD_PANEL_OK,181,0.1712707182320442,0.10552949165097689,0.23481316970418536
rt_embed_cos_local,CONN,base_status,PANEL_REPAIRED,118,0.11016949152542373,0.051492042440318304,0.1875390869293308
rt_embed_cos_local,CONN,base_status,R_COMP,200,0.415,0.33,0.49
rt_embed_cos_local,CONN,base_status,TRUSTED_AGREED,31,0.41935483870967744,0.24602272727272728,0.6
rt_embed_cos_local,CONN,base_endorsed_hyb,R_COMP(no peers),200,0.415,0.33,0.49
rt_embed_cos_local,CONN,base_endorsed_hyb,endorsed,240,0.19166666666666668,0.1320498839090973,0.25582908163265294
rt_embed_cos_local,CONN,base_endorsed_hyb,not_endorsed,90,0.12222222222222222,0.05346316632349577,0.2
rt_embed_cos_local,MOVE,base_status,PANEL_REPAIRED,6,0.0,0.0,0.0
rt_embed_cos_local,MOVE,base_endorsed_hyb,endorsed,5,0.0,0.0,0.0
rt_embed_cos_local,MOVE,base_endorsed_hyb,not_endorsed,1,0.0,0.0,0.0
rt_embed_cos_local,DROP,base_status,GOLD_PANEL_OK,110,0.3181818181818182,0.22321428571428573,0.41340090090090087
rt_embed_cos_local,DROP,base_status,PANEL_REPAIRED,67,0.14925373134328357,0.06726190476190477,0.2338802083333333
rt_embed_cos_local,DROP,base_status,R_COMP,100,0.61,0.52,0.7
rt_embed_cos_local,DROP,base_status,TRUSTED_AGREED,15,0.4666666666666667,0.2,0.7333333333333333
rt_embed_cos_local,DROP,base_endorsed_hyb,R_COMP(no peers),100,0.61,0.52,0.7
rt_embed_cos_local,DROP,base_endorsed_hyb,endorsed,138,0.2753623188405797,0.20365923933922397,0.3582089552238806
rt_embed_cos_local,DROP,base_endorsed_hyb,not_endorsed,54,0.25925925925925924,0.12727272727272726,0.39285714285714285
rt_embed_cos_local,ADD,base_status,GOLD_PANEL_OK,252,0.44047619047619047,0.36892306066370745,0.5060012960207363
rt_embed_cos_local,ADD,base_status,PANEL_REPAIRED,191,0.3089005235602094,0.23441099476439792,0.3870967741935484
rt_embed_cos_local,ADD,base_status,R_COMP,285,0.5473684210526316,0.45841982355993777,0.6277076430239523
rt_embed_cos_local,ADD,base_status,TRUSTED_AGREED,33,0.6060606060606061,0.41769162210338684,0.7941176470588235
rt_embed_cos_local,ADD,base_endorsed_hyb,R_COMP(no peers),285,0.5473684210526316,0.45841982355993777,0.6277076430239523
rt_embed_cos_local,ADD,base_endorsed_hyb,endorsed,347,0.37752161383285304,0.3187738367658276,0.437333928343746
rt_embed_cos_local,ADD,base_endorsed_hyb,not_endorsed,129,0.4573643410852713,0.35935877862595417,0.5594771241830063
rt_embed_cos_local,SWAP,base_status,GOLD_PANEL_OK,28,0.17857142857142858,0.03571428571428571,0.36666666666666664
rt_embed_cos_local,SWAP,base_status,PANEL_REPAIRED,66,0.06060606060606061,0.0,0.13991588419405318
rt_embed_cos_local,SWAP,base_status,R_COMP,122,0.23770491803278687,0.14812017341823602,0.3266339214113873
rt_embed_cos_local,SWAP,base_status,TRUSTED_AGREED,26,0.23076923076923078,0.07692307692307693,0.4230769230769231
rt_embed_cos_local,SWAP,base_endorsed_hyb,R_COMP(no peers),122,0.23770491803278687,0.14812017341823602,0.3266339214113873
rt_embed_cos_local,SWAP,base_endorsed_hyb,endorsed,92,0.08695652173913043,0.021385266529398306,0.15555555555555556
rt_embed_cos_local,SWAP,base_endorsed_hyb,not_endorsed,28,0.25,0.07542735042735044,0.45523872679045063
rt_embed_cos_local,BIND,base_status,GOLD_PANEL_OK,168,0.4880952380952381,0.41121323529411763,0.5731687103443359
rt_embed_cos_local,BIND,base_status,PANEL_REPAIRED,118,0.3389830508474576,0.25,0.4310734463276836
rt_embed_cos_local,BIND,base_status,R_COMP,163,0.5276073619631901,0.4454724638806898,0.6205085853268958
rt_embed_cos_local,BIND,base_status,TRUSTED_AGREED,32,0.5625,0.35384250474383305,0.75
rt_embed_cos_local,BIND,base_endorsed_hyb,R_COMP(no peers),163,0.5276073619631901,0.4454724638806898,0.6205085853268958
rt_embed_cos_local,BIND,base_endorsed_hyb,endorsed,234,0.4358974358974359,0.3699687108886108,0.5063039563582438
rt_embed_cos_local,BIND,base_endorsed_hyb,not_endorsed,84,0.4523809523809524,0.3411764705882353,0.5492481956696069
rt_embed_cos_local,MEANING_RENAME,base_status,GOLD_PANEL_OK,174,0.6781609195402298,0.6217653724871897,0.735632183908046
rt_embed_cos_local,MEANING_RENAME,base_status,PANEL_REPAIRED,108,0.5925925925925926,0.5022196261682242,0.6778609313196691
rt_embed_cos_local,MEANING_RENAME,base_status,R_COMP,176,0.6193181818181818,0.533264705882353,0.7069432054713054
rt_embed_cos_local,MEANING_RENAME,base_status,TRUSTED_AGREED,40,0.75,0.625,0.868421052631579
rt_embed_cos_local,MEANING_RENAME,base_endorsed_hyb,R_COMP(no peers),176,0.6193181818181818,0.533264705882353,0.7069432054713054
rt_embed_cos_local,MEANING_RENAME,base_endorsed_hyb,endorsed,239,0.6485355648535565,0.5939837814143776,0.700838062211013
rt_embed_cos_local,MEANING_RENAME,base_endorsed_hyb,not_endorsed,83,0.6867469879518072,0.6024096385542169,0.7590361445783133
judge_cheap_disg,NEG,base_status,GOLD_PANEL_OK,190,0.3426099495313627,0.32184571016582564,0.36129776496034616
judge_cheap_disg,NEG,base_status,PANEL_REPAIRED,138,0.3630732578916022,0.3459201905896368,0.3773674806432401
judge_cheap_disg,NEG,base_status,R_COMP,200,0.32350684931506857,0.2998356164383562,0.34624109589041097
judge_cheap_disg,NEG,base_status,TRUSTED_AGREED,55,0.34430884184308846,0.3045544873288731,0.37858674867207154
judge_cheap_disg,NEG,base_endorsed_hyb,R_COMP(no peers),200,0.32350684931506857,0.2998356164383562,0.34624109589041097
judge_cheap_disg,NEG,base_endorsed_hyb,endorsed,287,0.3450336499451101,0.32682583057388886,0.35985560080018697
judge_cheap_disg,NEG,base_endorsed_hyb,not_endorsed,96,0.3657534246575343,0.3452054794520549,0.3843493150684931
judge_cheap_disg,REV,base_status,GOLD_PANEL_OK,95,0.3239221341023793,0.2906993511175199,0.34883922134102385
judge_cheap_disg,REV,base_status,PANEL_REPAIRED,69,0.3316259678379989,0.29731983323406797,0.3659321024419298
judge_cheap_disg,REV,base_status,R_COMP,100,0.2998356164383562,0.2682739726027398,0.33534246575342475
judge_cheap_disg,REV,base_status,TRUSTED_AGREED,17,0.3713134568896052,0.3248992747784045,0.3945205479452055
judge_cheap_disg,REV,base_endorsed_hyb,R_COMP(no peers),100,0.2998356164383562,0.2682739726027398,0.33534246575342475
judge_cheap_disg,REV,base_endorsed_hyb,endorsed,133,0.33222782984859417,0.3084972705736946,0.3529920692141313
judge_cheap_disg,REV,base_endorsed_hyb,not_endorsed,48,0.32876712328767127,0.28767123287671237,0.3698630136986302
judge_cheap_disg,QUANT,base_status,GOLD_PANEL_OK,95,0.25747656813266045,0.22010093727469363,0.2906993511175199
judge_cheap_disg,QUANT,base_status,PANEL_REPAIRED,69,0.2801667659321025,0.23442525312686127,0.32019058963668856
judge_cheap_disg,QUANT,base_status,R_COMP,100,0.26432876712328773,0.22882191780821923,0.2998356164383562
judge_cheap_disg,QUANT,base_status,TRUSTED_AGREED,17,0.3481063658340049,0.2784850926672039,0.3945205479452055
judge_cheap_disg,QUANT,base_endorsed_hyb,R_COMP(no peers),100,0.26432876712328773,0.22882191780821923,0.2998356164383562
judge_cheap_disg,QUANT,base_endorsed_hyb,endorsed,133,0.26993511175198276,0.23730559274899582,0.29959831084560723
judge_cheap_disg,QUANT,base_endorsed_hyb,not_endorsed,48,0.28767123287671237,0.23835616438356166,0.3369863013698631
judge_cheap_disg,RESTR,base_status,GOLD_PANEL_OK,95,0.3073107426099496,0.2740879596250902,0.340533525594809
judge_cheap_disg,RESTR,base_status,PANEL_REPAIRED,68,0.26688154713940376,0.2204673650282031,0.30749395648670436
judge_cheap_disg,RESTR,base_status,R_COMP,100,0.33139726027397265,0.30170958904109596,0.35901369863013705
judge_cheap_disg,RESTR,base_status,TRUSTED_AGREED,16,0.2958904109589041,0.2219178082191781,0.36986301369863017
judge_cheap_disg,RESTR,base_endorsed_hyb,R_COMP(no peers),100,0.33139726027397265,0.30170958904109596,0.35901369863013705
judge_cheap_disg,RESTR,base_endorsed_hyb,endorsed,132,0.2719800747198008,0.24209215442092158,0.30186799501868
judge_cheap_disg,RESTR,base_endorsed_hyb,not_endorsed,47,0.34415622267560486,0.30218595161760425,0.3777324395220053
judge_cheap_disg,CONN,base_status,GOLD_PANEL_OK,181,0.2964353288428064,0.2706678145619196,0.32110015339116277
judge_cheap_disg,CONN,base_status,PANEL_REPAIRED,118,0.2942187137218482,0.25691478987694455,0.3246190196533687
judge_cheap_disg,CONN,base_status,R_COMP,200,0.27616438356164386,0.25052054794520556,0.30378082191780825
judge_cheap_disg,CONN,base_status,TRUSTED_AGREED,31,0.34361467079098545,0.28421232876712327,0.3945205479452055
judge_cheap_disg,CONN,base_endorsed_hyb,R_COMP(no peers),200,0.27616438356164386,0.25052054794520556,0.30378082191780825
judge_cheap_disg,CONN,base_endorsed_hyb,endorsed,240,0.3024657534246576,0.2784220128319102,0.3236070712115878
judge_cheap_disg,CONN,base_endorsed_hyb,not_endorsed,90,0.2936986301369864,0.2520311149524633,0.333504741833509
judge_cheap_disg,MOVE,base_status,PANEL_REPAIRED,6,0.1315068493150685,0.0,0.32876712328767127
judge_cheap_disg,MOVE,base_endorsed_hyb,endorsed,5,0.15780821917808222,0.0,0.31561643835616443
judge_cheap_disg,MOVE,base_endorsed_hyb,not_endorsed,1,0.0,0.0,0.0
judge_cheap_disg,DROP,base_status,GOLD_PANEL_OK,110,0.2008468244084683,0.1599885437259436,0.2334740656061692
judge_cheap_disg,DROP,base_status,PANEL_REPAIRED,67,0.28852995297485184,0.24657534246575347,0.32876712328767127
judge_cheap_disg,DROP,base_status,R_COMP,100,0.22487671232876713,0.18147945205479454,0.2603835616438357
judge_cheap_disg,DROP,base_status,TRUSTED_AGREED,15,0.28931506849315075,0.2104109589041096,0.36821917808219184
judge_cheap_disg,DROP,base_endorsed_hyb,R_COMP(no peers),100,0.22487671232876713,0.18147945205479454,0.2603835616438357
judge_cheap_disg,DROP,base_endorsed_hyb,endorsed,138,0.23442525312686127,0.20005744053361268,0.2663584439178854
judge_cheap_disg,DROP,base_endorsed_hyb,not_endorsed,54,0.2484018264840183,0.1915874294923449,0.29503860523038605
judge_cheap_disg,ADD,base_status,GOLD_PANEL_OK,252,0.32093933463796487,0.3002105002169467,0.33784297257377865
judge_cheap_disg,ADD,base_status,PANEL_REPAIRED,191,0.33461952234095965,0.31287352103461763,0.3564703428134345
judge_cheap_disg,ADD,base_status,R_COMP,285,0.3266906993511176,0.3092478231346475,0.3437311822824687
judge_cheap_disg,ADD,base_status,TRUSTED_AGREED,33,0.32278953922789544,0.27123287671232876,0.37061021170610214
judge_cheap_disg,ADD,base_endorsed_hyb,R_COMP(no peers),285,0.3266906993511176,0.3092478231346475,0.3437311822824687
judge_cheap_disg,ADD,base_endorsed_hyb,endorsed,347,0.32516679167818097,0.30834088193614717,0.33955493995595387
judge_cheap_disg,ADD,base_endorsed_hyb,not_endorsed,129,0.33029627269831163,0.29916935579169357,0.35851307596513077
judge_cheap_disg,SWAP,base_status,GOLD_PANEL_OK,28,0.338160469667319,0.2958904109589041,0.37990867579908677
judge_cheap_disg,SWAP,base_status,PANEL_REPAIRED,66,0.23910336239103366,0.18472271321254974,0.28830797090866606
judge_cheap_disg,SWAP,base_status,R_COMP,122,0.1907927240062879,0.15322992577724184,0.2263404341990506
judge_cheap_disg,SWAP,base_status,TRUSTED_AGREED,26,0.182086406743941,0.10291840381179275,0.2677103718199609
judge_cheap_disg,SWAP,base_endorsed_hyb,R_COMP(no peers),122,0.1907927240062879,0.15322992577724184,0.2263404341990506
judge_cheap_disg,SWAP,base_endorsed_hyb,endorsed,92,0.21870160810005962,0.17648280384727486,0.2637254625052959
judge_cheap_disg,SWAP,base_endorsed_hyb,not_endorsed,28,0.35225048923679064,0.3061069376933274,0.3945205479452055
judge_cheap_disg,BIND,base_status,GOLD_PANEL_OK,168,0.36399217221135033,0.34725673732110446,0.3782299252845339
judge_cheap_disg,BIND,base_status,PANEL_REPAIRED,118,0.3744601811005341,0.35539454319030916,0.38799954715272283
judge_cheap_disg,BIND,base_status,R_COMP,163,0.324329775611396,0.30160723896180325,0.34950739428769606
judge_cheap_disg,BIND,base_status,TRUSTED_AGREED,32,0.32054794520547947,0.2672558550596554,0.3668506646872259
judge_cheap_disg,BIND,base_endorsed_hyb,R_COMP(no peers),163,0.324329775611396,0.30160723896180325,0.34950739428769606
judge_cheap_disg,BIND,base_endorsed_hyb,endorsed,234,0.36585879873551114,0.35105641978175073,0.3793520571963845
judge_cheap_disg,BIND,base_endorsed_hyb,not_endorsed,84,0.35694716242661456,0.3248992747784046,0.3847245260037134
judge_cheap_disg,MEANING_RENAME,base_status,GOLD_PANEL_OK,174,0.2698157770429854,0.23509796882380732,0.2981841350748647
judge_cheap_disg,MEANING_RENAME,base_status,PANEL_REPAIRED,108,0.24474885844748864,0.205464073135306,0.2802202022788376
judge_cheap_disg,MEANING_RENAME,base_status,R_COMP,176,0.23760896637608972,0.20627723493546604,0.26896438356164387
judge_cheap_disg,MEANING_RENAME,base_status,TRUSTED_AGREED,40,0.13808219178082193,0.06956164383561644,0.21243414120126453
judge_cheap_disg,MEANING_RENAME,base_endorsed_hyb,R_COMP(no peers),176,0.23760896637608972,0.20627723493546604,0.26896438356164387
judge_cheap_disg,MEANING_RENAME,base_endorsed_hyb,endorsed,239,0.23275061615177398,0.20568721327750336,0.26089044563898045
judge_cheap_disg,MEANING_RENAME,base_endorsed_hyb,not_endorsed,83,0.2804423172140618,0.2376629806898828,0.3279749133520383
S4_local,NEG,base_status,GOLD_PANEL_OK,190,0.968421052631579,0.9368421052631579,0.9894736842105263
S4_local,NEG,base_status,PANEL_REPAIRED,138,0.9927536231884058,0.9782608695652174,1.0
S4_local,NEG,base_status,R_COMP,200,0.88,0.835,0.92
S4_local,NEG,base_status,TRUSTED_AGREED,55,0.9636363636363636,0.9122807017543859,1.0
S4_local,NEG,base_endorsed_hyb,R_COMP(no peers),200,0.88,0.835,0.92
S4_local,NEG,base_endorsed_hyb,endorsed,287,0.975609756097561,0.9564285714285714,0.9929836009061361
S4_local,NEG,base_endorsed_hyb,not_endorsed,96,0.9791666666666666,0.9479166666666666,1.0
S4_local,REV,base_status,GOLD_PANEL_OK,95,0.4842105263157895,0.3894736842105263,0.5894736842105263
S4_local,REV,base_status,PANEL_REPAIRED,69,0.6956521739130435,0.5942028985507246,0.7971014492753623
S4_local,REV,base_status,R_COMP,100,0.64,0.54,0.74
S4_local,REV,base_status,TRUSTED_AGREED,17,0.8235294117647058,0.6470588235294118,1.0
S4_local,REV,base_endorsed_hyb,R_COMP(no peers),100,0.64,0.54,0.74
S4_local,REV,base_endorsed_hyb,endorsed,133,0.6240601503759399,0.5488721804511278,0.706766917293233
S4_local,REV,base_endorsed_hyb,not_endorsed,48,0.5208333333333334,0.3848958333333333,0.6458333333333334
S4_local,QUANT,base_status,GOLD_PANEL_OK,95,0.5684210526315789,0.4681578947368421,0.6581578947368418
S4_local,QUANT,base_status,PANEL_REPAIRED,69,0.5362318840579711,0.4057971014492754,0.6521739130434783
S4_local,QUANT,base_status,R_COMP,100,0.87,0.8047500000000001,0.93
S4_local,QUANT,base_status,TRUSTED_AGREED,17,0.8235294117647058,0.6470588235294118,1.0
S4_local,QUANT,base_endorsed_hyb,R_COMP(no peers),100,0.87,0.8047500000000001,0.93
S4_local,QUANT,base_endorsed_hyb,endorsed,133,0.5413533834586466,0.45864661654135336,0.6204887218045111
S4_local,QUANT,base_endorsed_hyb,not_endorsed,48,0.6875,0.5625,0.7916666666666666
S4_local,RESTR,base_status,GOLD_PANEL_OK,95,0.6842105263157895,0.5894736842105263,0.7789473684210526
S4_local,RESTR,base_status,PANEL_REPAIRED,68,0.7058823529411765,0.6029411764705882,0.8088235294117647
S4_local,RESTR,base_status,R_COMP,100,0.78,0.7,0.86
S4_local,RESTR,base_status,TRUSTED_AGREED,16,0.75,0.5,0.9375
S4_local,RESTR,base_endorsed_hyb,R_COMP(no peers),100,0.78,0.7,0.86
S4_local,RESTR,base_endorsed_hyb,endorsed,132,0.6893939393939394,0.6136363636363636,0.7691287878787877
S4_local,RESTR,base_endorsed_hyb,not_endorsed,47,0.723404255319149,0.5957446808510638,0.8297872340425532
S4_local,CONN,base_status,GOLD_PANEL_OK,181,0.7403314917127072,0.6675414364640884,0.813019333607569
S4_local,CONN,base_status,PANEL_REPAIRED,118,0.7372881355932204,0.6470216223855286,0.822531512605042
S4_local,CONN,base_status,R_COMP,200,0.78,0.715,0.845
S4_local,CONN,base_status,TRUSTED_AGREED,31,0.8064516129032258,0.6514246323529412,0.9333333333333333
S4_local,CONN,base_endorsed_hyb,R_COMP(no peers),200,0.78,0.715,0.845
S4_local,CONN,base_endorsed_hyb,endorsed,240,0.725,0.6666666666666666,0.7859478734439833
S4_local,CONN,base_endorsed_hyb,not_endorsed,90,0.8,0.7142857142857143,0.8876404494382022
S4_local,MOVE,base_status,PANEL_REPAIRED,6,0.3333333333333333,0.0,0.6666666666666666
S4_local,MOVE,base_endorsed_hyb,endorsed,5,0.4,0.0,0.8
S4_local,MOVE,base_endorsed_hyb,not_endorsed,1,0.0,0.0,0.0
S4_local,DROP,base_status,GOLD_PANEL_OK,110,0.8363636363636363,0.7610562220653964,0.9031031672100606
S4_local,DROP,base_status,PANEL_REPAIRED,67,0.8955223880597015,0.8153846153846154,0.9577464788732394
S4_local,DROP,base_status,R_COMP,100,0.87,0.8,0.93
S4_local,DROP,base_status,TRUSTED_AGREED,15,0.8,0.6,0.9333333333333333
S4_local,DROP,base_endorsed_hyb,R_COMP(no peers),100,0.87,0.8,0.93
S4_local,DROP,base_endorsed_hyb,endorsed,138,0.8478260869565217,0.7905731936190178,0.9057971014492754
S4_local,DROP,base_endorsed_hyb,not_endorsed,54,0.8703703703703703,0.7735849056603774,0.9473684210526315
S4_local,ADD,base_status,GOLD_PANEL_OK,252,0.8650793650793651,0.8179885903570114,0.9080892087546829
S4_local,ADD,base_status,PANEL_REPAIRED,191,0.8743455497382199,0.8186395153916489,0.919503862150921
S4_local,ADD,base_status,R_COMP,285,0.8842105263157894,0.8434641768292682,0.9188781540835117
S4_local,ADD,base_status,TRUSTED_AGREED,33,0.8484848484848485,0.7058823529411765,0.9696969696969697
S4_local,ADD,base_endorsed_hyb,R_COMP(no peers),285,0.8842105263157894,0.8434641768292682,0.9188781540835117
S4_local,ADD,base_endorsed_hyb,endorsed,347,0.8674351585014409,0.8253521126760563,0.905166819688458
S4_local,ADD,base_endorsed_hyb,not_endorsed,129,0.8682170542635659,0.8076888888888889,0.9201521739130435
S4_local,SWAP,base_status,GOLD_PANEL_OK,28,0.7142857142857143,0.4813103448275862,0.92
S4_local,SWAP,base_status,PANEL_REPAIRED,66,0.8181818181818182,0.7173165860836662,0.90625
S4_local,SWAP,base_status,R_COMP,122,0.5573770491803278,0.4402677844148792,0.656409763597924
S4_local,SWAP,base_status,TRUSTED_AGREED,26,0.6538461538461539,0.4421111111111111,0.8518518518518519
S4_local,SWAP,base_endorsed_hyb,R_COMP(no peers),122,0.5573770491803278,0.4402677844148792,0.656409763597924
S4_local,SWAP,base_endorsed_hyb,endorsed,92,0.7065217391304348,0.6051864801864801,0.8055710048201705
S4_local,SWAP,base_endorsed_hyb,not_endorsed,28,0.9285714285714286,0.781547619047619,1.0
S4_local,BIND,base_status,GOLD_PANEL_OK,168,0.9404761904761905,0.9038886083255177,0.9761227544910179
S4_local,BIND,base_status,PANEL_REPAIRED,118,0.923728813559322,0.8712146330680813,0.9746884346959123
S4_local,BIND,base_status,R_COMP,163,0.9325153374233128,0.8902812745869394,0.9707602339181286
S4_local,BIND,base_status,TRUSTED_AGREED,32,0.90625,0.8125,1.0
S4_local,BIND,base_endorsed_hyb,R_COMP(no peers),163,0.9325153374233128,0.8902812745869394,0.9707602339181286
S4_local,BIND,base_endorsed_hyb,endorsed,234,0.9273504273504274,0.8956521739130435,0.9596257072392281
S4_local,BIND,base_endorsed_hyb,not_endorsed,84,0.9404761904761905,0.8816176470588235,0.9879518072289156
S4_local,MEANING_RENAME,base_status,GOLD_PANEL_OK,174,0.9080459770114943,0.8700564971751412,0.9425433526011561
S4_local,MEANING_RENAME,base_status,PANEL_REPAIRED,108,0.7777777777777778,0.6966037735849057,0.8532110091743119
S4_local,MEANING_RENAME,base_status,R_COMP,176,0.8181818181818182,0.75,0.8803579545454545
S4_local,MEANING_RENAME,base_status,TRUSTED_AGREED,40,0.85,0.7334110473457676,0.9473684210526315
S4_local,MEANING_RENAME,base_endorsed_hyb,R_COMP(no peers),176,0.8181818181818182,0.75,0.8803579545454545
S4_local,MEANING_RENAME,base_endorsed_hyb,endorsed,239,0.8284518828451883,0.7803241591820299,0.8729178243956655
S4_local,MEANING_RENAME,base_endorsed_hyb,not_endorsed,83,0.9397590361445783,0.8895325203252032,0.9879518072289156
