metric,operator,polarity,subset,n,n_bases,recall_primary,ci_lo,ci_hi,recall_secondary_insample,within_base_auroc,wb_ci_lo,wb_ci_hi,pooled_auroc,status,threshold_degenerate
c_align,NEG,DOWN,all,181,181,0.7603774507407228,0.7519288123991592,0.7646017699115044,0.3707877501737953,0.861878453038674,0.8287292817679558,0.8950276243093923,0.858555227848627,ok,False
c_align,NEG,DOWN,E_bases,181,181,0.7603774507407228,0.7519288123991592,0.7646017699115044,0.3707877501737953,0.861878453038674,0.8287292817679558,0.8950276243093923,0.858555227848627,ok,False
c_align,NEG,DOWN,E_bases_endorsed,135,135,0.7589380530973453,0.7476106194690266,0.7646017699115046,0.3700858474368407,,,,,ok,False
c_align,NEG,UP,all,198,198,0.7607401448109414,0.753016894609815,0.7646017699115044,0.3709646130175932,0.8686868686868687,0.8383838383838383,0.898989898989899,0.8646724796813607,ok,False
c_align,NEG,UP,E_bases,198,198,0.7607401448109414,0.753016894609815,0.7646017699115044,0.3709646130175932,0.8686868686868687,0.8383838383838383,0.898989898989899,0.8646724796813607,ok,False
c_align,NEG,UP,E_bases_endorsed,152,152,0.759571495109455,0.7495109455053562,0.7646017699115044,0.3703947368421052,,,,,ok,False
c_align,NEG,ALL,all,379,198,0.7605669320755597,0.7523354313567743,0.7646017699115045,0.3708801481766237,0.8686868686868687,0.8383838383838383,0.898989898989899,0.8646175548442429,ok,False
c_align,NEG,ALL,E_bases,379,198,0.7605669320755597,0.7523354313567743,0.7646017699115045,0.3708801481766237,0.8686868686868687,0.8383838383838383,0.898989898989899,0.8646175548442429,ok,False
c_align,NEG,ALL,E_bases_endorsed,287,152,0.7592735345811107,0.7483911316801651,0.7646017699115044,0.3702494404319634,,,,,ok,False
c_align,REV,DOWN,all,0,0,,,,,,,,,absent (0 rows),
c_align,REV,DOWN,E_bases,0,0,,,,,,,,,absent (0 rows),
c_align,REV,DOWN,E_bases_endorsed,0,0,,,,,,,,,absent (0 rows),
c_align,REV,UP,all,179,179,0.7603302516438425,0.7475156968408564,0.7646017699115044,0.3707647341744053,0.8603351955307262,0.8268156424581006,0.8938547486033519,0.8579069324530217,ok,False
c_align,REV,UP,E_bases,179,179,0.7603302516438425,0.7475156968408564,0.7646017699115044,0.3707647341744053,0.8603351955307262,0.8268156424581006,0.8938547486033519,0.8579069324530217,ok,False
c_align,REV,UP,E_bases_endorsed,133,133,0.7588528844234481,0.7473551134473352,0.7646017699115045,0.37004431608823374,,,,,ok,False
c_align,REV,ALL,all,179,179,0.7603302516438425,0.7475156968408564,0.7646017699115044,0.3707647341744053,0.8603351955307262,0.8268156424581006,0.8938547486033519,0.8579069324530217,ok,False
c_align,REV,ALL,E_bases,179,179,0.7603302516438425,0.7475156968408564,0.7646017699115044,0.3707647341744053,0.8603351955307262,0.8268156424581006,0.8938547486033519,0.8579069324530217,ok,False
c_align,REV,ALL,E_bases_endorsed,133,133,0.7588528844234481,0.7473551134473352,0.7646017699115045,0.37004431608823374,,,,,ok,False
c_align,QUANT,DOWN,all,0,0,,,,,,,,,absent (0 rows),
c_align,QUANT,DOWN,E_bases,0,0,,,,,,,,,absent (0 rows),
c_align,QUANT,DOWN,E_bases_endorsed,0,0,,,,,,,,,absent (0 rows),
c_align,QUANT,UP,all,179,179,0.7475156968408564,0.7304296237702081,0.7603302516438425,0.3645158903400052,0.8603351955307262,0.8268156424581006,0.8938547486033519,0.8548228085611611,ok,False
c_align,QUANT,UP,E_bases,179,179,0.7475156968408564,0.7304296237702081,0.7603302516438425,0.3645158903400052,0.8603351955307262,0.8268156424581006,0.8938547486033519,0.8548228085611611,ok,False
c_align,QUANT,UP,E_bases_endorsed,133,133,0.7416062279592789,0.7186106860070531,0.7588528844234481,0.36163421799531936,,,,,ok,False
c_align,QUANT,ALL,all,179,179,0.7475156968408564,0.7304296237702081,0.7603302516438425,0.3645158903400052,0.8603351955307262,0.8268156424581006,0.8938547486033519,0.8548228085611611,ok,False
c_align,QUANT,ALL,E_bases,179,179,0.7475156968408564,0.7304296237702081,0.7603302516438425,0.3645158903400052,0.8603351955307262,0.8268156424581006,0.8938547486033519,0.8548228085611611,ok,False
c_align,QUANT,ALL,E_bases_endorsed,133,133,0.7416062279592789,0.7186106860070531,0.7588528844234481,0.36163421799531936,,,,,ok,False
c_align,RESTR,DOWN,all,0,0,,,,,,,,,absent (0 rows),
c_align,RESTR,DOWN,E_bases,0,0,,,,,,,,,absent (0 rows),
c_align,RESTR,DOWN,E_bases_endorsed,0,0,,,,,,,,,absent (0 rows),
c_align,RESTR,UP,all,177,177,0.7559622018899056,0.7430028498575071,0.7646017699115044,0.3686347139596663,0.8587570621468926,0.8248587570621468,0.8898305084745762,0.8584221840533213,ok,False
c_align,RESTR,UP,E_bases,177,177,0.7559622018899056,0.7430028498575071,0.7646017699115044,0.3686347139596663,0.8587570621468926,0.8248587570621468,0.8898305084745762,0.8584221840533213,ok,False
c_align,RESTR,UP,E_bases_endorsed,132,132,0.753016894609815,0.7356395816572808,0.7646017699115045,0.36719847481436874,,,,,ok,False
c_align,RESTR,ALL,all,177,177,0.7559622018899056,0.7430028498575071,0.7646017699115044,0.3686347139596663,0.8587570621468926,0.8248587570621468,0.8898305084745762,0.8584221840533213,ok,False
c_align,RESTR,ALL,E_bases,177,177,0.7559622018899056,0.7430028498575071,0.7646017699115044,0.3686347139596663,0.8587570621468926,0.8248587570621468,0.8898305084745762,0.8584221840533213,ok,False
c_align,RESTR,ALL,E_bases_endorsed,132,132,0.753016894609815,0.7356395816572808,0.7646017699115045,0.36719847481436874,,,,,ok,False
c_align,CONN,DOWN,all,140,140,0.7646017699115045,0.7646017699115045,0.7646017699115045,0.37284768211920527,0.8392857142857143,0.8,0.875,0.8392857142857143,ok,False
c_align,CONN,DOWN,E_bases,140,140,0.7646017699115045,0.7646017699115045,0.7646017699115045,0.37284768211920527,0.8392857142857143,0.8,0.875,0.8392857142857143,ok,False
c_align,CONN,DOWN,E_bases_endorsed,99,99,0.7646017699115044,0.7646017699115044,0.7646017699115044,0.3728476821192053,,,,,ok,False
c_align,CONN,UP,all,187,187,0.7441578723202877,0.7237139747290712,0.760512990393261,0.36287849275772915,0.8556149732620321,0.820855614973262,0.8877005347593583,0.8567581182670696,ok,False
c_align,CONN,UP,E_bases,187,187,0.7441578723202877,0.7237139747290712,0.760512990393261,0.36287849275772915,0.8556149732620321,0.820855614973262,0.8877005347593583,0.8567581182670696,ok,False
c_align,CONN,UP,E_bases_endorsed,141,141,0.7374882319713802,0.7103746940312561,0.7591790623234796,0.3596261331078859,,,,,ok,False
c_align,CONN,ALL,all,327,187,0.7529106113501663,0.7416407558000478,0.7622418879056047,0.36714664722441614,0.8609625668449198,0.8275401069518716,0.8917112299465241,0.8603022647697558,ok,False
c_align,CONN,ALL,E_bases,327,187,0.7529106113501663,0.7416407558000478,0.7622418879056047,0.36714664722441614,0.8609625668449198,0.8275401069518716,0.8917112299465241,0.8603022647697558,ok,False
c_align,CONN,ALL,E_bases_endorsed,240,141,0.7486725663716813,0.7337710533828149,0.7614291484595894,0.36508002207505524,,,,,ok,False
c_align,MOVE,DOWN,all,0,0,,,,,,,,,absent (0 rows),
c_align,MOVE,DOWN,E_bases,0,0,,,,,,,,,absent (0 rows),
c_align,MOVE,DOWN,E_bases_endorsed,0,0,,,,,,,,,absent (0 rows),
c_align,MOVE,UP,all,6,6,0.7646017699115045,0.7646017699115045,0.7646017699115045,0.37284768211920527,0.9166666666666666,0.75,1.0,0.9166666666666667,untestable (<30 rows),False
c_align,MOVE,UP,E_bases,6,6,0.7646017699115045,0.7646017699115045,0.7646017699115045,0.37284768211920527,0.9166666666666666,0.75,1.0,0.9166666666666667,untestable (<30 rows),False
c_align,MOVE,UP,E_bases_endorsed,5,5,0.7646017699115045,0.7646017699115045,0.7646017699115045,0.37284768211920527,,,,,untestable (<30 rows),False
c_align,MOVE,ALL,all,6,6,0.7646017699115045,0.7646017699115045,0.7646017699115045,0.37284768211920527,0.9166666666666666,0.75,1.0,0.9166666666666667,untestable (<30 rows),False
c_align,MOVE,ALL,E_bases,6,6,0.7646017699115045,0.7646017699115045,0.7646017699115045,0.37284768211920527,0.9166666666666666,0.75,1.0,0.9166666666666667,untestable (<30 rows),False
c_align,MOVE,ALL,E_bases_endorsed,5,5,0.7646017699115045,0.7646017699115045,0.7646017699115045,0.37284768211920527,,,,,untestable (<30 rows),False
c_align,DROP,DOWN,all,140,140,0.7209102402022757,0.6881415929203542,0.7482174462705437,0.3515421002838221,0.825,0.7821428571428571,0.8678571428571429,0.8231632653061225,ok,False
c_align,DROP,DOWN,E_bases,140,140,0.7209102402022757,0.6881415929203542,0.7482174462705437,0.3515421002838221,0.825,0.7821428571428571,0.8678571428571429,0.8231632653061225,ok,False
c_align,DROP,DOWN,E_bases_endorsed,99,99,0.7182622687047465,0.6796460176991151,0.7491552695092519,0.3502508528998595,,,,,ok,False
c_align,DROP,UP,all,51,51,0.719625195210828,0.6596564289432589,0.7646017699115046,0.35091546552395786,0.8529411764705882,0.7843137254901961,0.9215686274509803,0.8604382929642446,ok,False
c_align,DROP,UP,E_bases,51,51,0.719625195210828,0.6596564289432589,0.7646017699115046,0.35091546552395786,0.8529411764705882,0.7843137254901961,0.9215686274509803,0.8604382929642446,ok,False
c_align,DROP,UP,E_bases_endorsed,39,39,0.7253914227365554,0.6665759019741321,0.7646017699115044,0.35372728816437427,,,,,ok,False
c_align,DROP,ALL,all,191,168,0.7205671130056064,0.6950836971303256,0.7445860167724597,0.3513747789605076,0.8407738095238095,0.8005952380952381,0.8779761904761905,0.8393792071802543,ok,False
c_align,DROP,ALL,E_bases,191,168,0.7205671130056064,0.6950836971303256,0.7445860167724597,0.3513747789605076,0.8407738095238095,0.8005952380952381,0.8779761904761905,0.8393792071802543,ok,False
c_align,DROP,ALL,E_bases_endorsed,138,124,0.7202770296267795,0.6898632434170394,0.7476106194690265,0.3512333237354832,,,,,ok,False
c_align,ADD,DOWN,all,238,178,0.7646017699115044,0.7646017699115043,0.7646017699115045,0.3728476821192054,0.8595505617977528,0.8258426966292135,0.8904494382022472,0.8583650190114068,ok,False
c_align,ADD,DOWN,E_bases,238,178,0.7646017699115044,0.7646017699115043,0.7646017699115045,0.3728476821192054,0.8595505617977528,0.8258426966292135,0.8904494382022472,0.8583650190114068,ok,False
c_align,ADD,DOWN,E_bases_endorsed,175,132,0.7646017699115045,0.7646017699115044,0.7646017699115046,0.3728476821192053,,,,,ok,False
c_align,ADD,UP,all,234,179,0.7613342409802586,0.7544499233635031,0.7646017699115045,0.37125431595630276,0.8589385474860335,0.8254189944134078,0.8938547486033519,0.8576282456737865,ok,False
c_align,ADD,UP,E_bases,234,179,0.7613342409802586,0.7544499233635031,0.7646017699115045,0.37125431595630276,0.8589385474860335,0.8254189944134078,0.8938547486033519,0.8576282456737865,ok,False
c_align,ADD,UP,E_bases_endorsed,172,133,0.760156410784112,0.7506999195494771,0.7646017699115046,0.3706799630371169,,,,,ok,False
c_align,ADD,ALL,all,472,179,0.7629818509074545,0.7595490564766333,0.7646017699115045,0.3720577505892918,0.8594040968342643,0.8258845437616388,0.8938547486033519,0.8581352716045412,ok,False
c_align,ADD,ALL,E_bases,472,179,0.7629818509074545,0.7595490564766333,0.7646017699115045,0.3720577505892918,0.8594040968342643,0.8258845437616388,0.8938547486033519,0.8581352716045412,ok,False
c_align,ADD,ALL,E_bases_endorsed,347,133,0.7623983065976384,0.7577129469804594,0.7646017699115046,0.3717731931217436,,,,,ok,False
c_align,SWAP,DOWN,all,63,63,0.7646017699115049,0.7646017699115049,0.7646017699115049,0.3728476821192051,0.8571428571428571,0.8015873015873016,0.9126984126984127,0.8582887700534759,ok,False
c_align,SWAP,DOWN,E_bases,63,63,0.7646017699115049,0.7646017699115049,0.7646017699115049,0.3728476821192051,0.8571428571428571,0.8015873015873016,0.9126984126984127,0.8582887700534759,ok,False
c_align,SWAP,DOWN,E_bases_endorsed,48,48,0.7646017699115045,0.7646017699115045,0.7646017699115045,0.37284768211920527,,,,,ok,False
c_align,SWAP,UP,all,53,53,0.7501753214226085,0.7213224244448158,0.7646017699115047,0.36581282019242767,0.8867924528301887,0.8301886792452831,0.9433962264150944,0.8881876162636194,ok,False
c_align,SWAP,UP,E_bases,53,53,0.7501753214226085,0.7213224244448158,0.7646017699115047,0.36581282019242767,0.8867924528301887,0.8301886792452831,0.9433962264150944,0.8881876162636194,ok,False
c_align,SWAP,UP,E_bases_endorsed,44,44,0.7472244569589704,0.7124698310539019,0.7646017699115046,0.3643738711619506,,,,,ok,False
c_align,SWAP,ALL,all,116,89,0.758010375343302,0.7437489943684635,0.7646017699115045,0.36963347796300533,0.8820224719101124,0.8370786516853933,0.9269662921348315,0.8824827586206896,ok,False
c_align,SWAP,ALL,E_bases,116,89,0.758010375343302,0.7437489943684635,0.7646017699115045,0.36963347796300533,0.8820224719101124,0.8370786516853933,0.9269662921348315,0.8824827586206896,ok,False
c_align,SWAP,ALL,E_bases_endorsed,92,73,0.7562908811081187,0.7379296151471497,0.7646017699115046,0.3687949899222575,,,,,ok,False
c_align,BIND,DOWN,all,163,163,0.7646017699115044,0.7646017699115044,0.7646017699115044,0.37284768211920527,0.8588957055214724,0.8251533742331288,0.8926380368098159,0.8581780538302277,ok,False
c_align,BIND,DOWN,E_bases,163,163,0.7646017699115044,0.7646017699115044,0.7646017699115044,0.37284768211920527,0.8588957055214724,0.8251533742331288,0.8926380368098159,0.8581780538302277,ok,False
c_align,BIND,DOWN,E_bases_endorsed,121,121,0.7646017699115043,0.7646017699115043,0.7646017699115043,0.3728476821192054,,,,,ok,False
c_align,BIND,UP,all,151,151,0.7646017699115045,0.7646017699115045,0.7646017699115045,0.37284768211920516,0.8576158940397351,0.8211920529801324,0.8940397350993378,0.8555045871559632,ok,False
c_align,BIND,UP,E_bases,151,151,0.7646017699115045,0.7646017699115045,0.7646017699115045,0.37284768211920516,0.8576158940397351,0.8211920529801324,0.8940397350993378,0.8555045871559632,ok,False
c_align,BIND,UP,E_bases_endorsed,113,113,0.7646017699115043,0.7646017699115043,0.7646017699115043,0.3728476821192053,,,,,ok,False
c_align,BIND,ALL,all,314,174,0.7646017699115044,0.7646017699115044,0.7646017699115045,0.37284768211920527,0.8649425287356322,0.8304597701149425,0.896551724137931,0.8630952380952381,ok,False
c_align,BIND,ALL,E_bases,314,174,0.7646017699115044,0.7646017699115044,0.7646017699115045,0.37284768211920527,0.8649425287356322,0.8304597701149425,0.896551724137931,0.8630952380952381,ok,False
c_align,BIND,ALL,E_bases_endorsed,234,132,0.7646017699115043,0.7646017699115044,0.7646017699115046,0.3728476821192054,,,,,ok,False
c_align,MEANING_RENAME,DOWN,all,169,169,0.7646017699115044,0.7646017699115044,0.7646017699115044,0.37284768211920527,0.8609467455621301,0.8284023668639053,0.893491124260355,0.858433734939759,ok,False
c_align,MEANING_RENAME,DOWN,E_bases,169,169,0.7646017699115044,0.7646017699115044,0.7646017699115044,0.37284768211920527,0.8609467455621301,0.8284023668639053,0.893491124260355,0.858433734939759,ok,False
c_align,MEANING_RENAME,DOWN,E_bases_endorsed,126,126,0.7646017699115045,0.7646017699115045,0.7646017699115045,0.37284768211920544,,,,,ok,False
c_align,MEANING_RENAME,UP,all,149,149,0.7594702144087427,0.7492071034032192,0.7646017699115045,0.37034534868216357,0.8691275167785235,0.8355704697986577,0.9060402684563759,0.8594289029668193,ok,False
c_align,MEANING_RENAME,UP,E_bases,149,149,0.7594702144087427,0.7492071034032192,0.7646017699115045,0.37034534868216357,0.8691275167785235,0.8355704697986577,0.9060402684563759,0.8594289029668193,ok,False
c_align,MEANING_RENAME,UP,E_bases_endorsed,113,113,0.7578353825671549,0.7443026078784556,0.7646017699115043,0.36954814510930084,,,,,ok,False
c_align,MEANING_RENAME,ALL,all,318,184,0.7621973618300217,0.7572255953326179,0.7646017699115044,0.371675205131409,0.8722826086956522,0.8396739130434783,0.904891304347826,0.8648630975734447,ok,False
c_align,MEANING_RENAME,ALL,E_bases,318,184,0.7621973618300217,0.7572255953326179,0.7646017699115044,0.371675205131409,0.8722826086956522,0.8396739130434783,0.904891304347826,0.8648630975734447,ok,False
c_align,MEANING_RENAME,ALL,E_bases_endorsed,239,141,0.7614025993261007,0.7547146780592006,0.7646017699115046,0.3712876499764472,,,,,ok,False
c_align,SCOPE,DOWN,all,0,0,,,,,,,,,absent (0 rows),
c_align,SCOPE,DOWN,E_bases,0,0,,,,,,,,,absent (0 rows),
c_align,SCOPE,DOWN,E_bases_endorsed,0,0,,,,,,,,,absent (0 rows),
c_align,SCOPE,UP,all,0,0,,,,,,,,,absent (0 rows),
c_align,SCOPE,UP,E_bases,0,0,,,,,,,,,absent (0 rows),
c_align,SCOPE,UP,E_bases_endorsed,0,0,,,,,,,,,absent (0 rows),
c_align,SCOPE,ALL,all,0,0,,,,,,,,,absent (0 rows),
c_align,SCOPE,ALL,E_bases,0,0,,,,,,,,,absent (0 rows),
c_align,SCOPE,ALL,E_bases_endorsed,0,0,,,,,,,,,absent (0 rows),
c_align,UNGLUE,DOWN,all,0,0,,,,,,,,,absent (0 rows),
c_align,UNGLUE,DOWN,E_bases,0,0,,,,,,,,,absent (0 rows),
c_align,UNGLUE,DOWN,E_bases_endorsed,0,0,,,,,,,,,absent (0 rows),
c_align,UNGLUE,UP,all,0,0,,,,,,,,,absent (0 rows),
c_align,UNGLUE,UP,E_bases,0,0,,,,,,,,,absent (0 rows),
c_align,UNGLUE,UP,E_bases_endorsed,0,0,,,,,,,,,absent (0 rows),
c_align,UNGLUE,ALL,all,0,0,,,,,,,,,absent (0 rows),
c_align,UNGLUE,ALL,E_bases,0,0,,,,,,,,,absent (0 rows),
c_align,UNGLUE,ALL,E_bases_endorsed,0,0,,,,,,,,,absent (0 rows),
c_align,ADD[ADD_FOREIGN],ALL,all,357,179,0.7646017699115044,0.7646017699115044,0.7646017699115045,0.37284768211920527,0.8603351955307262,0.8268156424581006,0.8938547486033519,0.8586337760910816,ok,False
c_align,ADD[ADD_FOREIGN],ALL,E_bases,357,179,0.7646017699115044,0.7646017699115044,0.7646017699115045,0.37284768211920527,0.8603351955307262,0.8268156424581006,0.8938547486033519,0.8586337760910816,ok,False
c_align,ADD[ADD_FOREIGN],ALL,E_bases_endorsed,265,133,0.7646017699115043,0.7646017699115045,0.7646017699115045,0.3728476821192053,,,,,ok,False
c_align,ADD[ADD_INTERNAL],ALL,all,115,80,0.7579530588687957,0.743557684501096,0.7646017699115045,0.36960552836164706,0.86875,0.81875,0.91875,0.8730978260869565,ok,False
c_align,ADD[ADD_INTERNAL],ALL,E_bases,115,80,0.7579530588687957,0.743557684501096,0.7646017699115045,0.36960552836164706,0.86875,0.81875,0.91875,0.8730978260869565,ok,False
c_align,ADD[ADD_INTERNAL],ALL,E_bases_endorsed,82,60,0.7552773580833153,0.7344201210992083,0.7646017699115047,0.368300759166532,,,,,ok,False
c_nf,NEG,DOWN,all,181,181,0.5176063369500101,0.5118551554283434,0.5204819277108436,0.30595054795761256,0.8305709023941067,0.7955801104972375,0.865561694290976,0.8270365139367757,ok,False
c_nf,NEG,DOWN,E_bases,181,181,0.5176063369500101,0.5118551554283434,0.5204819277108436,0.30595054795761256,0.8305709023941067,0.7955801104972375,0.865561694290976,0.8270365139367757,ok,False
c_nf,NEG,DOWN,E_bases_endorsed,135,135,0.5166265060240967,0.5089156626506026,0.5204819277108437,0.3053713823112731,,,,,ok,False
c_nf,NEG,UP,all,198,198,0.5178532311062434,0.5125958378970429,0.5204819277108436,0.30609648396533645,0.8425925925925924,0.8106060606060606,0.8754208754208753,0.8358227030518327,ok,False
c_nf,NEG,UP,E_bases,198,198,0.5178532311062434,0.5125958378970429,0.5204819277108436,0.30609648396533645,0.8425925925925924,0.8106060606060606,0.8754208754208753,0.8358227030518327,ok,False
c_nf,NEG,UP,E_bases_endorsed,152,152,0.5170577045022194,0.5102092580849714,0.5204819277108435,0.3056262582686224,,,,,ok,False
c_nf,NEG,ALL,all,379,198,0.5177353212321583,0.512131950260937,0.5204819277108436,0.30602678893262397,0.8425925925925924,0.8106060606060606,0.8754208754208753,0.8357484639862778,ok,False
c_nf,NEG,ALL,E_bases,379,198,0.5177353212321583,0.512131950260937,0.5204819277108436,0.30602678893262397,0.8425925925925924,0.8106060606060606,0.8754208754208753,0.8357484639862778,ok,False
c_nf,NEG,ALL,E_bases_endorsed,287,152,0.5168548759497923,0.5094469751798715,0.5204819277108436,0.3055063688810191,,,,,ok,False
c_nf,REV,DOWN,all,0,0,,,,,,,,,absent (0 rows),
c_nf,REV,DOWN,E_bases,0,0,,,,,,,,,absent (0 rows),
c_nf,REV,DOWN,E_bases_endorsed,0,0,,,,,,,,,absent (0 rows),
c_nf,REV,UP,all,179,179,0.5175742074443025,0.5117587669112204,0.5204819277108436,0.3059315566138536,0.8258845437616387,0.7905027932960894,0.8594273743016757,0.8230700863382427,ok,False
c_nf,REV,UP,E_bases,179,179,0.5175742074443025,0.5117587669112204,0.5204819277108436,0.3059315566138536,0.8258845437616387,0.7905027932960894,0.8594273743016757,0.8230700863382427,ok,False
c_nf,REV,UP,E_bases_endorsed,133,133,0.5165685297581305,0.5087417338527042,0.5204819277108436,0.30533711327499086,,,,,ok,False
c_nf,REV,ALL,all,179,179,0.5175742074443025,0.5117587669112204,0.5204819277108436,0.3059315566138536,0.8258845437616387,0.7905027932960894,0.8594273743016757,0.8230700863382427,ok,False
c_nf,REV,ALL,E_bases,179,179,0.5175742074443025,0.5117587669112204,0.5204819277108436,0.3059315566138536,0.8258845437616387,0.7905027932960894,0.8594273743016757,0.8230700863382427,ok,False
c_nf,REV,ALL,E_bases_endorsed,133,133,0.5165685297581305,0.5087417338527042,0.5204819277108436,0.30533711327499086,,,,,ok,False
c_nf,QUANT,DOWN,all,0,0,,,,,,,,,absent (0 rows),
c_nf,QUANT,DOWN,E_bases,0,0,,,,,,,,,absent (0 rows),
c_nf,QUANT,DOWN,E_bases_endorsed,0,0,,,,,,,,,absent (0 rows),
c_nf,QUANT,UP,all,179,179,0.5175742074443025,0.5117587669112204,0.5204819277108436,0.3059315566138536,0.8286778398510241,0.7932960893854749,0.8621973929236498,0.8262803048774023,ok,False
c_nf,QUANT,UP,E_bases,179,179,0.5175742074443025,0.5117587669112204,0.5204819277108436,0.3059315566138536,0.8286778398510241,0.7932960893854749,0.8621973929236498,0.8262803048774023,ok,False
c_nf,QUANT,UP,E_bases_endorsed,133,133,0.5165685297581305,0.5087417338527042,0.5204819277108436,0.30533711327499086,,,,,ok,False
c_nf,QUANT,ALL,all,179,179,0.5175742074443025,0.5117587669112204,0.5204819277108436,0.3059315566138536,0.8286778398510241,0.7932960893854749,0.8621973929236498,0.8262803048774023,ok,False
c_nf,QUANT,ALL,E_bases,179,179,0.5175742074443025,0.5117587669112204,0.5204819277108436,0.3059315566138536,0.8286778398510241,0.7932960893854749,0.8621973929236498,0.8262803048774023,ok,False
c_nf,QUANT,ALL,E_bases_endorsed,133,133,0.5165685297581305,0.5087417338527042,0.5204819277108436,0.30533711327499086,,,,,ok,False
c_nf,RESTR,DOWN,all,0,0,,,,,,,,,absent (0 rows),
c_nf,RESTR,DOWN,E_bases,0,0,,,,,,,,,absent (0 rows),
c_nf,RESTR,DOWN,E_bases_endorsed,0,0,,,,,,,,,absent (0 rows),
c_nf,RESTR,UP,all,177,177,0.5146007759852972,0.5057790483969778,0.5204819277108435,0.3041739989503257,0.8267419962335215,0.7900188323917137,0.8606638418079093,0.826290090849186,ok,False
c_nf,RESTR,UP,E_bases,177,177,0.5146007759852972,0.5057790483969778,0.5204819277108435,0.3041739989503257,0.8267419962335215,0.7900188323917137,0.8606638418079093,0.826290090849186,ok,False
c_nf,RESTR,UP,E_bases_endorsed,132,132,0.5125958378970429,0.5007667031763418,0.5204819277108436,0.3029889054479219,,,,,ok,False
c_nf,RESTR,ALL,all,177,177,0.5146007759852972,0.5057790483969778,0.5204819277108435,0.3041739989503257,0.8267419962335215,0.7900188323917137,0.8606638418079093,0.826290090849186,ok,False
c_nf,RESTR,ALL,E_bases,177,177,0.5146007759852972,0.5057790483969778,0.5204819277108435,0.3041739989503257,0.8267419962335215,0.7900188323917137,0.8606638418079093,0.826290090849186,ok,False
c_nf,RESTR,ALL,E_bases_endorsed,132,132,0.5125958378970429,0.5007667031763418,0.5204819277108436,0.3029889054479219,,,,,ok,False
c_nf,CONN,DOWN,all,140,140,0.5204819277108436,0.5204819277108436,0.5204819277108436,0.3076502732240438,0.8130952380952381,0.7738095238095237,0.85,0.8130952380952381,ok,False
c_nf,CONN,DOWN,E_bases,140,140,0.5204819277108436,0.5204819277108436,0.5204819277108436,0.3076502732240438,0.8130952380952381,0.7738095238095237,0.85,0.8130952380952381,ok,False
c_nf,CONN,DOWN,E_bases_endorsed,99,99,0.5204819277108436,0.5204819277108436,0.5204819277108436,0.30765027322404376,,,,,ok,False
c_nf,CONN,UP,all,187,187,0.5065652986276657,0.4926486695444882,0.5176986018942079,0.299424330089711,0.8279857397504455,0.7905525846702316,0.8636363636363636,0.8259561729830271,ok,False
c_nf,CONN,UP,E_bases,187,187,0.5065652986276657,0.4926486695444882,0.5176986018942079,0.299424330089711,0.8279857397504455,0.7905525846702316,0.8636363636363636,0.8259561729830271,ok,False
c_nf,CONN,UP,E_bases_endorsed,141,141,0.505716482953089,0.49095103819533475,0.516790566521405,0.298922605898539,,,,,ok,False
c_nf,CONN,ALL,all,327,187,0.5125234884492098,0.5047573981727516,0.518870528553844,0.3029461406059391,0.8319964349376113,0.7954322638146167,0.8667557932263814,0.8298901963391393,ok,False
c_nf,CONN,ALL,E_bases,327,187,0.5125234884492098,0.5047573981727516,0.518870528553844,0.3029461406059391,0.8319964349376113,0.7954322638146167,0.8667557932263814,0.8298901963391393,ok,False
c_nf,CONN,ALL,E_bases_endorsed,240,141,0.5118072289156628,0.5028384725342048,0.518391638844535,0.30252276867030964,,,,,ok,False
c_nf,MOVE,DOWN,all,0,0,,,,,,,,,absent (0 rows),
c_nf,MOVE,DOWN,E_bases,0,0,,,,,,,,,absent (0 rows),
c_nf,MOVE,DOWN,E_bases_endorsed,0,0,,,,,,,,,absent (0 rows),
c_nf,MOVE,UP,all,6,6,0.5204819277108435,0.5204819277108435,0.5204819277108435,0.30765027322404376,0.9166666666666666,0.75,1.0,0.9166666666666667,untestable (<30 rows),False
c_nf,MOVE,UP,E_bases,6,6,0.5204819277108435,0.5204819277108435,0.5204819277108435,0.30765027322404376,0.9166666666666666,0.75,1.0,0.9166666666666667,untestable (<30 rows),False
c_nf,MOVE,UP,E_bases_endorsed,5,5,0.5204819277108435,0.5204819277108435,0.5204819277108435,0.30765027322404376,,,,,untestable (<30 rows),False
c_nf,MOVE,ALL,all,6,6,0.5204819277108435,0.5204819277108435,0.5204819277108435,0.30765027322404376,0.9166666666666666,0.75,1.0,0.9166666666666667,untestable (<30 rows),False
c_nf,MOVE,ALL,E_bases,6,6,0.5204819277108435,0.5204819277108435,0.5204819277108435,0.30765027322404376,0.9166666666666666,0.75,1.0,0.9166666666666667,untestable (<30 rows),False
c_nf,MOVE,ALL,E_bases_endorsed,5,5,0.5204819277108435,0.5204819277108435,0.5204819277108435,0.30765027322404376,,,,,untestable (<30 rows),False
c_nf,DROP,DOWN,all,140,140,0.46843373493975915,0.4386919104991396,0.4944578313253013,0.27688524590163943,0.763095238095238,0.7119047619047618,0.8095238095238095,0.7767261904761904,ok,False
c_nf,DROP,DOWN,E_bases,140,140,0.46843373493975915,0.4386919104991396,0.4944578313253013,0.27688524590163943,0.763095238095238,0.7119047619047618,0.8095238095238095,0.7767261904761904,ok,False
c_nf,DROP,DOWN,E_bases_endorsed,99,99,0.4626506024096388,0.4311062431544361,0.49419496166484134,0.2734669095324833,,,,,ok,False
c_nf,DROP,UP,all,51,51,0.4898653437278527,0.4490432317505316,0.5204819277108435,0.28955319832851173,0.8333333333333334,0.7549019607843137,0.9019607843137255,0.8331410995770857,ok,False
c_nf,DROP,UP,E_bases,51,51,0.4898653437278527,0.4490432317505316,0.5204819277108435,0.28955319832851173,0.8333333333333334,0.7549019607843137,0.9019607843137255,0.8331410995770857,ok,False
c_nf,DROP,UP,E_bases_endorsed,39,39,0.49379054680259504,0.4537534754402225,0.5204819277108435,0.29187333613563116,,,,,ok,False
c_nf,DROP,ALL,all,191,168,0.47415631110830775,0.45375347544022254,0.4940615252889733,0.2802677881726891,0.790674603174603,0.7490079365079365,0.8333333333333334,0.7987253802044377,ok,False
c_nf,DROP,ALL,E_bases,191,168,0.47415631110830775,0.45375347544022254,0.4940615252889733,0.2802677881726891,0.790674603174603,0.7490079365079365,0.8333333333333334,0.7987253802044377,ok,False
c_nf,DROP,ALL,E_bases_endorsed,138,124,0.4714510214772133,0.44665470392207135,0.49427060761029745,0.27866872574641643,,,,,ok,False
c_nf,ADD,DOWN,all,238,178,0.5029867368634202,0.4897329028622536,0.5138656320196039,0.29730908756945396,0.8122659176029962,0.7733848314606742,0.8487827715355805,0.811459564814519,ok,False
c_nf,ADD,DOWN,E_bases,238,178,0.5029867368634202,0.4897329028622536,0.5138656320196039,0.29730908756945396,0.8122659176029962,0.7733848314606742,0.8487827715355805,0.811459564814519,ok,False
c_nf,ADD,DOWN,E_bases_endorsed,175,132,0.5056110154905338,0.491237239952,0.5174386161537214,0.29886026541764255,,,,,ok,False
c_nf,ADD,UP,all,234,179,0.5182576459684894,0.5135713333739511,0.5204819277108436,0.30633552846667605,0.8272811918063314,0.7923649906890129,0.8608007448789571,0.826014855901004,ok,False
c_nf,ADD,UP,E_bases,234,179,0.5182576459684894,0.5135713333739511,0.5204819277108436,0.30633552846667605,0.8272811918063314,0.7923649906890129,0.8608007448789571,0.826014855901004,ok,False
c_nf,ADD,UP,E_bases_endorsed,172,133,0.5174558699915944,0.5110186199342827,0.5204819277108436,0.3058616088448342,,,,,ok,False
c_nf,ADD,ALL,all,472,179,0.5105574841739842,0.5037640927736644,0.5161175276617642,0.3017840603871446,0.8200651769087522,0.7832809590316573,0.8561452513966481,0.8188559322033898,ok,False
c_nf,ADD,ALL,E_bases,472,179,0.5105574841739842,0.5037640927736644,0.5161175276617642,0.3017840603871446,0.8200651769087522,0.7832809590316573,0.8561452513966481,0.8188559322033898,ok,False
c_nf,ADD,ALL,E_bases_endorsed,347,133,0.5114822401999931,0.5036415646971019,0.517557871937187,0.30233067195792196,,,,,ok,False
c_nf,SWAP,DOWN,all,63,63,0.5204819277108433,0.5204819277108433,0.5204819277108433,0.3076502732240439,0.8306878306878306,0.7698412698412699,0.8862433862433862,0.8342245989304813,ok,False
c_nf,SWAP,DOWN,E_bases,63,63,0.5204819277108433,0.5204819277108433,0.5204819277108433,0.3076502732240439,0.8306878306878306,0.7698412698412699,0.8862433862433862,0.8342245989304813,ok,False
c_nf,SWAP,DOWN,E_bases_endorsed,48,48,0.5204819277108435,0.5204819277108435,0.5204819277108435,0.30765027322404376,,,,,ok,False
c_nf,SWAP,UP,all,53,53,0.5008411002500569,0.4713798590588771,0.5204819277108435,0.2960408289514383,0.8742138364779873,0.8176100628930817,0.9277515723270435,0.8599521658251394,ok,False
c_nf,SWAP,UP,E_bases,53,53,0.5008411002500569,0.4713798590588771,0.5204819277108435,0.2960408289514383,0.8742138364779873,0.8176100628930817,0.9277515723270435,0.8599521658251394,ok,False
c_nf,SWAP,UP,E_bases_endorsed,44,44,0.49682365826944147,0.46133625410733853,0.5204819277108435,0.29366616989567806,,,,,ok,False
c_nf,SWAP,ALL,all,116,89,0.5115081013710013,0.4972461273666094,0.5204819277108435,0.30234595816845666,0.8632958801498127,0.8183520599250936,0.9101123595505618,0.8549827586206897,ok,False
c_nf,SWAP,ALL,E_bases,116,89,0.5115081013710013,0.4972461273666094,0.5204819277108435,0.30234595816845666,0.8632958801498127,0.8183520599250936,0.9101123595505618,0.8549827586206897,ok,False
c_nf,SWAP,ALL,E_bases_endorsed,92,73,0.5091671031953904,0.49155814268309195,0.5204819277108435,0.3009622238061298,,,,,ok,False
c_nf,BIND,DOWN,all,163,163,0.5045162244068299,0.491743661763619,0.5172887870500408,0.2982131482785209,0.8118609406952965,0.7760736196319018,0.8466257668711656,0.8129469445820472,ok,False
c_nf,BIND,DOWN,E_bases,163,163,0.5045162244068299,0.491743661763619,0.5172887870500408,0.2982131482785209,0.8118609406952965,0.7760736196319018,0.8466257668711656,0.8129469445820472,ok,False
c_nf,BIND,DOWN,E_bases_endorsed,121,121,0.4989744100368417,0.47746689236283985,0.516180424176043,0.29493745201643856,,,,,ok,False
c_nf,BIND,UP,all,151,151,0.4722253251416264,0.4480970238570176,0.4929067262427195,0.27912640683241063,0.7902869757174392,0.7516556291390728,0.8300220750551877,0.7692296008262955,ok,False
c_nf,BIND,UP,E_bases,151,151,0.4722253251416264,0.4480970238570176,0.4929067262427195,0.27912640683241063,0.7902869757174392,0.7516556291390728,0.8300220750551877,0.7692296008262955,ok,False
c_nf,BIND,UP,E_bases_endorsed,113,113,0.45599744109180085,0.4237551977822796,0.4836336496428192,0.26953431016973745,,,,,ok,False
c_nf,BIND,ALL,all,314,174,0.4889877983270663,0.47363813582303504,0.5010850856843525,0.2890344923601685,0.7978927203065133,0.7619612068965517,0.8328663793103448,0.7956475583864119,ok,False
c_nf,BIND,ALL,E_bases,314,174,0.4889877983270663,0.47363813582303504,0.5010850856843525,0.2890344923601685,0.7978927203065133,0.7619612068965517,0.8328663793103448,0.7956475583864119,ok,False
c_nf,BIND,ALL,E_bases_endorsed,234,132,0.47822057460611683,0.4597969636393107,0.49467290650204127,0.28267012283405724,,,,,ok,False
c_nf,MEANING_RENAME,DOWN,all,169,169,0.16938760961003782,0.13243031296784774,0.20634490625222784,0.10012286998415626,0.4990138067061144,0.4970414201183432,0.5,0.49052422708585824,ok,False
c_nf,MEANING_RENAME,DOWN,E_bases,169,169,0.16938760961003782,0.13243031296784774,0.20634490625222784,0.10012286998415626,0.4990138067061144,0.4970414201183432,0.5,0.49052422708585824,ok,False
c_nf,MEANING_RENAME,DOWN,E_bases_endorsed,126,126,0.04956970740103271,0.024784853700516356,0.07848537005163513,0.029300026021337498,,,,,ok,False
c_nf,MEANING_RENAME,UP,all,149,149,0.16068569580334766,0.12226085550254712,0.19911053610414817,0.09497927898191955,0.5,0.5,0.5,0.4842328921783855,ok,False
c_nf,MEANING_RENAME,UP,E_bases,149,149,0.16068569580334766,0.12226085550254712,0.19911053610414817,0.09497927898191955,0.5,0.5,0.5,0.4842328921783855,ok,False
c_nf,MEANING_RENAME,UP,E_bases_endorsed,113,113,0.046060347585030394,0.022915022923552627,0.07830259089455167,0.027225687895933076,,,,,ok,False
c_nf,MEANING_RENAME,ALL,all,318,184,0.16531029779495343,0.12885550259975967,0.20197987090663572,0.09771282262776233,0.4990942028985507,0.49728260869565216,0.5,0.500261559130197,ok,False
c_nf,MEANING_RENAME,ALL,E_bases,318,184,0.16531029779495343,0.12885550259975967,0.20197987090663572,0.09771282262776233,0.4990942028985507,0.49728260869565216,0.5,0.500261559130197,ok,False
c_nf,MEANING_RENAME,ALL,E_bases_endorsed,239,141,0.047910470333215716,0.023459580023412325,0.07622120280284318,0.02831927201225508,,,,,ok,False
c_nf,SCOPE,DOWN,all,0,0,,,,,,,,,absent (0 rows),
c_nf,SCOPE,DOWN,E_bases,0,0,,,,,,,,,absent (0 rows),
c_nf,SCOPE,DOWN,E_bases_endorsed,0,0,,,,,,,,,absent (0 rows),
c_nf,SCOPE,UP,all,0,0,,,,,,,,,absent (0 rows),
c_nf,SCOPE,UP,E_bases,0,0,,,,,,,,,absent (0 rows),
c_nf,SCOPE,UP,E_bases_endorsed,0,0,,,,,,,,,absent (0 rows),
c_nf,SCOPE,ALL,all,0,0,,,,,,,,,absent (0 rows),
c_nf,SCOPE,ALL,E_bases,0,0,,,,,,,,,absent (0 rows),
c_nf,SCOPE,ALL,E_bases_endorsed,0,0,,,,,,,,,absent (0 rows),
c_nf,UNGLUE,DOWN,all,0,0,,,,,,,,,absent (0 rows),
c_nf,UNGLUE,DOWN,E_bases,0,0,,,,,,,,,absent (0 rows),
c_nf,UNGLUE,DOWN,E_bases_endorsed,0,0,,,,,,,,,absent (0 rows),
c_nf,UNGLUE,UP,all,0,0,,,,,,,,,absent (0 rows),
c_nf,UNGLUE,UP,E_bases,0,0,,,,,,,,,absent (0 rows),
c_nf,UNGLUE,UP,E_bases_endorsed,0,0,,,,,,,,,absent (0 rows),
c_nf,UNGLUE,ALL,all,0,0,,,,,,,,,absent (0 rows),
c_nf,UNGLUE,ALL,E_bases,0,0,,,,,,,,,absent (0 rows),
c_nf,UNGLUE,ALL,E_bases_endorsed,0,0,,,,,,,,,absent (0 rows),
c_nf,ADD[ADD_FOREIGN],ALL,all,357,179,0.5088184671458946,0.5001278858450564,0.5160958440503589,0.3007561494543173,0.8202979515828677,0.7835195530726257,0.8566108007448788,0.816986377093532,ok,False
c_nf,ADD[ADD_FOREIGN],ALL,E_bases,357,179,0.5088184671458946,0.5001278858450564,0.5160958440503589,0.3007561494543173,0.8202979515828677,0.7835195530726257,0.8566108007448788,0.816986377093532,ok,False
c_nf,ADD[ADD_FOREIGN],ALL,E_bases_endorsed,265,133,0.5106615139804501,0.500841100250057,0.5185178449647649,0.3018455510877411,,,,,ok,False
c_nf,ADD[ADD_INTERNAL],ALL,all,115,80,0.5159559979046623,0.5061567370399028,0.5204819277108435,0.30497505345687803,0.81875,0.76875,0.86875,0.8222826086956522,ok,False
c_nf,ADD[ADD_INTERNAL],ALL,E_bases,115,80,0.5159559979046623,0.5061567370399028,0.5204819277108435,0.30497505345687803,0.81875,0.76875,0.86875,0.8222826086956522,ok,False
c_nf,ADD[ADD_INTERNAL],ALL,E_bases_endorsed,82,60,0.514134587129004,0.49993658845909966,0.5204819277108437,0.30389844062375054,,,,,ok,False
c_hyb,NEG,DOWN,all,181,181,0.842378940526487,0.8330191745206371,0.8470588235294121,0.40867846916965783,0.8729281767955801,0.8397790055248618,0.9060773480662984,0.8699113114277406,ok,False
c_hyb,NEG,DOWN,E_bases,181,181,0.842378940526487,0.8330191745206371,0.8470588235294121,0.40867846916965783,0.8729281767955801,0.8397790055248618,0.9060773480662984,0.8699113114277406,ok,False
c_hyb,NEG,DOWN,E_bases_endorsed,135,135,0.8407843137254903,0.8282352941176472,0.8470588235294119,0.40790483914571507,,,,,ok,False
c_hyb,NEG,UP,all,198,198,0.8427807486631019,0.8342245989304815,0.8470588235294121,0.4088734055887342,0.8838383838383839,0.8560606060606061,0.9141414141414141,0.8771821231856756,ok,False
c_hyb,NEG,UP,E_bases,198,198,0.8427807486631019,0.8342245989304815,0.8470588235294121,0.4088734055887342,0.8838383838383839,0.8560606060606061,0.9141414141414141,0.8771821231856756,ok,False
c_hyb,NEG,UP,E_bases_endorsed,152,152,0.8414860681114554,0.830340557275542,0.8470588235294121,0.4082452938916635,,,,,ok,False
c_hyb,NEG,ALL,all,379,198,0.8425888561229244,0.8334696445423091,0.8470588235294122,0.408780309304162,0.8838383838383839,0.8560606060606061,0.9141414141414141,0.8771306185765101,ok,False
c_hyb,NEG,ALL,E_bases,379,198,0.8425888561229244,0.8334696445423091,0.8470588235294122,0.408780309304162,0.8838383838383839,0.8560606060606061,0.9141414141414141,0.8771306185765101,ok,False
c_hyb,NEG,ALL,E_bases_endorsed,287,152,0.8411559745849562,0.8290999792143009,0.8470588235294122,0.408085149673186,,,,,ok,False
c_hyb,REV,DOWN,all,0,0,,,,,,,,,absent (0 rows),
c_hyb,REV,DOWN,E_bases,0,0,,,,,,,,,absent (0 rows),
c_hyb,REV,DOWN,E_bases_endorsed,0,0,,,,,,,,,absent (0 rows),
c_hyb,REV,UP,all,179,179,0.8375944791324353,0.8233979625369704,0.8470588235294121,0.40635729723117087,0.8687150837988827,0.8379888268156425,0.8994413407821229,0.8645568816658202,ok,False
c_hyb,REV,UP,E_bases,179,179,0.8375944791324353,0.8233979625369704,0.8470588235294121,0.40635729723117087,0.8687150837988827,0.8379888268156425,0.8994413407821229,0.8645568816658202,ok,False
c_hyb,REV,UP,E_bases_endorsed,133,133,0.8343210968597968,0.8152145068553738,0.847058823529412,0.40476922232588775,,,,,ok,False
c_hyb,REV,ALL,all,179,179,0.8375944791324353,0.8233979625369704,0.8470588235294121,0.40635729723117087,0.8687150837988827,0.8379888268156425,0.8994413407821229,0.8645568816658202,ok,False
c_hyb,REV,ALL,E_bases,179,179,0.8375944791324353,0.8233979625369704,0.8470588235294121,0.40635729723117087,0.8687150837988827,0.8379888268156425,0.8994413407821229,0.8645568816658202,ok,False
c_hyb,REV,ALL,E_bases_endorsed,133,133,0.8343210968597968,0.8152145068553738,0.847058823529412,0.40476922232588775,,,,,ok,False
c_hyb,QUANT,DOWN,all,0,0,,,,,,,,,absent (0 rows),
c_hyb,QUANT,DOWN,E_bases,0,0,,,,,,,,,absent (0 rows),
c_hyb,QUANT,DOWN,E_bases_endorsed,0,0,,,,,,,,,absent (0 rows),
c_hyb,QUANT,UP,all,179,179,0.8281301347354587,0.8092014459415052,0.8423266513309237,0.4017656893528525,0.8715083798882681,0.840782122905028,0.9023044692737426,0.8665101290110566,ok,False
c_hyb,QUANT,UP,E_bases,179,179,0.8281301347354587,0.8092014459415052,0.8423266513309237,0.4017656893528525,0.8715083798882681,0.840782122905028,0.9023044692737426,0.8665101290110566,ok,False
c_hyb,QUANT,UP,E_bases_endorsed,133,133,0.8215833701901815,0.7961079168509511,0.8406899601946044,0.3985895395422864,,,,,ok,False
c_hyb,QUANT,ALL,all,179,179,0.8281301347354587,0.8092014459415052,0.8423266513309237,0.4017656893528525,0.8715083798882681,0.840782122905028,0.9023044692737426,0.8665101290110566,ok,False
c_hyb,QUANT,ALL,E_bases,179,179,0.8281301347354587,0.8092014459415052,0.8423266513309237,0.4017656893528525,0.8715083798882681,0.840782122905028,0.9023044692737426,0.8665101290110566,ok,False
c_hyb,QUANT,ALL,E_bases_endorsed,133,133,0.8215833701901815,0.7961079168509511,0.8406899601946044,0.3985895395422864,,,,,ok,False
c_hyb,RESTR,DOWN,all,0,0,,,,,,,,,absent (0 rows),
c_hyb,RESTR,DOWN,E_bases,0,0,,,,,,,,,absent (0 rows),
c_hyb,RESTR,DOWN,E_bases_endorsed,0,0,,,,,,,,,absent (0 rows),
c_hyb,RESTR,UP,all,177,177,0.8374875373878368,0.8231306081754739,0.8470588235294121,0.40630541465627457,0.8728813559322034,0.8418079096045198,0.903954802259887,0.8700564971751412,ok,False
c_hyb,RESTR,UP,E_bases,177,177,0.8374875373878368,0.8231306081754739,0.8470588235294121,0.40630541465627457,0.8728813559322034,0.8418079096045198,0.903954802259887,0.8700564971751412,ok,False
c_hyb,RESTR,UP,E_bases_endorsed,132,132,0.8342245989304815,0.8149732620320856,0.847058823529412,0.4047224065472241,,,,,ok,False
c_hyb,RESTR,ALL,all,177,177,0.8374875373878368,0.8231306081754739,0.8470588235294121,0.40630541465627457,0.8728813559322034,0.8418079096045198,0.903954802259887,0.8700564971751412,ok,False
c_hyb,RESTR,ALL,E_bases,177,177,0.8374875373878368,0.8231306081754739,0.8470588235294121,0.40630541465627457,0.8728813559322034,0.8418079096045198,0.903954802259887,0.8700564971751412,ok,False
c_hyb,RESTR,ALL,E_bases_endorsed,132,132,0.8342245989304815,0.8149732620320856,0.847058823529412,0.4047224065472241,,,,,ok,False
c_hyb,CONN,DOWN,all,140,140,0.847058823529412,0.847058823529412,0.847058823529412,0.41094890510948906,0.8535714285714285,0.8142857142857143,0.8892857142857142,0.8535714285714286,ok,False
c_hyb,CONN,DOWN,E_bases,140,140,0.847058823529412,0.847058823529412,0.847058823529412,0.41094890510948906,0.8535714285714285,0.8142857142857143,0.8892857142857142,0.8535714285714286,ok,False
c_hyb,CONN,DOWN,E_bases_endorsed,99,99,0.8470588235294121,0.8470588235294121,0.8470588235294121,0.41094890510948917,,,,,ok,False
c_hyb,CONN,UP,all,187,187,0.8198804655552063,0.7972318339100348,0.8379993708713434,0.39776337874233975,0.8636363636363636,0.8288770053475936,0.8957219251336899,0.8673225218941332,ok,False
c_hyb,CONN,UP,E_bases,187,187,0.8198804655552063,0.7972318339100348,0.8379993708713434,0.39776337874233975,0.8636363636363636,0.8288770053475936,0.8957219251336899,0.8673225218941332,ok,False
c_hyb,CONN,UP,E_bases_endorsed,141,141,0.8170212765957449,0.7869837296620779,0.8410513141426785,0.3963762488999327,,,,,ok,False
c_hyb,CONN,ALL,all,327,187,0.8315164597949274,0.8185623048679146,0.841909529769355,0.4034085582267462,0.8703208556149733,0.8368983957219251,0.9010695187165776,0.870997318618978,ok,False
c_hyb,CONN,ALL,E_bases,327,187,0.8315164597949274,0.8185623048679146,0.841909529769355,0.4034085582267462,0.8703208556149733,0.8368983957219251,0.9010695187165776,0.870997318618978,ok,False
c_hyb,CONN,ALL,E_bases_endorsed,240,141,0.8294117647058827,0.8129032258064517,0.8435440566268002,0.40238746958637467,,,,,ok,False
c_hyb,MOVE,DOWN,all,0,0,,,,,,,,,absent (0 rows),
c_hyb,MOVE,DOWN,E_bases,0,0,,,,,,,,,absent (0 rows),
c_hyb,MOVE,DOWN,E_bases_endorsed,0,0,,,,,,,,,absent (0 rows),
c_hyb,MOVE,UP,all,6,6,0.847058823529412,0.847058823529412,0.847058823529412,0.41094890510948906,0.9166666666666666,0.75,1.0,0.9166666666666667,untestable (<30 rows),False
c_hyb,MOVE,UP,E_bases,6,6,0.847058823529412,0.847058823529412,0.847058823529412,0.41094890510948906,0.9166666666666666,0.75,1.0,0.9166666666666667,untestable (<30 rows),False
c_hyb,MOVE,UP,E_bases_endorsed,5,5,0.847058823529412,0.847058823529412,0.847058823529412,0.4109489051094891,,,,,untestable (<30 rows),False
c_hyb,MOVE,ALL,all,6,6,0.847058823529412,0.847058823529412,0.847058823529412,0.41094890510948906,0.9166666666666666,0.75,1.0,0.9166666666666667,untestable (<30 rows),False
c_hyb,MOVE,ALL,E_bases,6,6,0.847058823529412,0.847058823529412,0.847058823529412,0.41094890510948906,0.9166666666666666,0.75,1.0,0.9166666666666667,untestable (<30 rows),False
c_hyb,MOVE,ALL,E_bases_endorsed,5,5,0.847058823529412,0.847058823529412,0.847058823529412,0.4109489051094891,,,,,untestable (<30 rows),False
c_hyb,DROP,DOWN,all,140,140,0.7442016806722691,0.6957983193277313,0.7865546218487397,0.36104796663190825,0.8214285714285714,0.775,0.8678571428571429,0.820484693877551,ok,False
c_hyb,DROP,DOWN,E_bases,140,140,0.7442016806722691,0.6957983193277313,0.7865546218487397,0.36104796663190825,0.8214285714285714,0.775,0.8678571428571429,0.820484693877551,ok,False
c_hyb,DROP,DOWN,E_bases_endorsed,99,99,0.7358288770053478,0.6759358288770055,0.7871657754010699,0.35698591756985926,,,,,ok,False
c_hyb,DROP,UP,all,51,51,0.7972318339100346,0.7307958477508651,0.8470588235294119,0.38677544010304854,0.8529411764705882,0.7843137254901961,0.9215686274509803,0.8600538254517494,ok,False
c_hyb,DROP,UP,E_bases,51,51,0.7972318339100346,0.7307958477508651,0.8470588235294119,0.38677544010304854,0.8529411764705882,0.7843137254901961,0.9215686274509803,0.8600538254517494,ok,False
c_hyb,DROP,UP,E_bases_endorsed,39,39,0.8036199095022626,0.7384615384615386,0.8470588235294119,0.3898746022833614,,,,,ok,False
c_hyb,DROP,ALL,all,191,168,0.7583615645210965,0.7220700739312121,0.79327731092437,0.36791760614514474,0.8407738095238095,0.7990699404761905,0.8794642857142857,0.8396908501620544,ok,False
c_hyb,DROP,ALL,E_bases,191,168,0.7583615645210965,0.7220700739312121,0.79327731092437,0.36791760614514474,0.8407738095238095,0.7990699404761905,0.8794642857142857,0.8396908501620544,ok,False
c_hyb,DROP,ALL,E_bases_endorsed,138,124,0.754987212276215,0.7129676718982871,0.79572192513369,0.36628054585845765,,,,,ok,False
c_hyb,ADD,DOWN,all,238,178,0.8185862580326251,0.7970162928934716,0.8362911266201397,0.3971354965343803,0.8497191011235955,0.8117977528089888,0.8848314606741573,0.8561643288494105,ok,False
c_hyb,ADD,DOWN,E_bases,238,178,0.8185862580326251,0.7970162928934716,0.8362911266201397,0.3971354965343803,0.8497191011235955,0.8117977528089888,0.8848314606741573,0.8561643288494105,ok,False
c_hyb,ADD,DOWN,E_bases_endorsed,175,132,0.8228571428571431,0.7994645277650195,0.8421059831521349,0.3992075078206467,,,,,ok,False
c_hyb,ADD,UP,all,234,179,0.8434389140271497,0.8358121700007438,0.8470588235294121,0.40919271320731176,0.8701117318435754,0.8379888268156425,0.9022346368715084,0.8690864269611898,ok,False
c_hyb,ADD,UP,E_bases,234,179,0.8434389140271497,0.8358121700007438,0.8470588235294121,0.40919271320731176,0.8701117318435754,0.8379888268156425,0.9022346368715084,0.8690864269611898,ok,False
c_hyb,ADD,UP,E_bases_endorsed,172,133,0.8421340629274967,0.8316577540106953,0.847058823529412,0.40855966728908516,,,,,ok,False
c_hyb,ADD,ALL,all,472,179,0.8309072781655038,0.8198513666708656,0.8399559763907144,0.4031130149696895,0.8601024208566107,0.8254189944134078,0.893389199255121,0.8627082462290547,ok,False
c_hyb,ADD,ALL,E_bases,472,179,0.8309072781655038,0.8198513666708656,0.8399559763907144,0.4031130149696895,0.8601024208566107,0.8254189944134078,0.893389199255121,0.8627082462290547,ok,False
c_hyb,ADD,ALL,E_bases_endorsed,347,133,0.8324122732666556,0.8196519582325382,0.8423000660938533,0.40384316035255274,,,,,ok,False
c_hyb,SWAP,DOWN,all,63,63,0.8470588235294116,0.8470588235294116,0.8470588235294116,0.41094890510948906,0.8809523809523809,0.8253968253968254,0.9285714285714286,0.8823529411764706,ok,False
c_hyb,SWAP,DOWN,E_bases,63,63,0.8470588235294116,0.8470588235294116,0.8470588235294116,0.41094890510948906,0.8809523809523809,0.8253968253968254,0.9285714285714286,0.8823529411764706,ok,False
c_hyb,SWAP,DOWN,E_bases_endorsed,48,48,0.847058823529412,0.847058823529412,0.847058823529412,0.41094890510948906,,,,,ok,False
c_hyb,SWAP,UP,all,53,53,0.8150943396226414,0.7671476137624861,0.8470588235294118,0.3954413992563008,0.9150943396226415,0.8584905660377359,0.9622641509433962,0.9043980866330056,ok,False
c_hyb,SWAP,UP,E_bases,53,53,0.8150943396226414,0.7671476137624861,0.8470588235294118,0.3954413992563008,0.9150943396226415,0.8584905660377359,0.9622641509433962,0.9043980866330056,ok,False
c_hyb,SWAP,UP,E_bases_endorsed,44,44,0.8085561497326202,0.7508021390374332,0.8470588235294116,0.3922694094226941,,,,,ok,False
c_hyb,SWAP,ALL,all,116,89,0.832454361054767,0.8092436974789917,0.8470588235294121,0.4038635791593256,0.9101123595505618,0.8707865168539326,0.949438202247191,0.9038620689655172,ok,False
c_hyb,SWAP,ALL,E_bases,116,89,0.832454361054767,0.8092436974789917,0.8470588235294121,0.4038635791593256,0.9101123595505618,0.8707865168539326,0.949438202247191,0.9038620689655172,ok,False
c_hyb,SWAP,ALL,E_bases_endorsed,92,73,0.8286445012787725,0.7999867812293459,0.847058823529412,0.40201523325928296,,,,,ok,False
c_hyb,BIND,DOWN,all,163,163,0.8210754240346447,0.800288704438831,0.8418621436304584,0.3983431104742287,0.8680981595092024,0.8343558282208589,0.901840490797546,0.859467286514499,ok,False
c_hyb,BIND,DOWN,E_bases,163,163,0.8210754240346447,0.800288704438831,0.8418621436304584,0.3983431104742287,0.8680981595092024,0.8343558282208589,0.901840490797546,0.859467286514499,ok,False
c_hyb,BIND,DOWN,E_bases_endorsed,121,121,0.8120563928050563,0.7770539620807004,0.8400583373845409,0.39396754539422096,,,,,ok,False
c_hyb,BIND,UP,all,151,151,0.7685235683677445,0.7292559407869109,0.8021815348656021,0.37284768211920527,0.847682119205298,0.8112582781456954,0.8841059602649006,0.8158834072543897,ok,False
c_hyb,BIND,UP,E_bases,151,151,0.7685235683677445,0.7292559407869109,0.8021815348656021,0.37284768211920527,0.847682119205298,0.8112582781456954,0.8841059602649006,0.8158834072543897,ok,False
c_hyb,BIND,UP,E_bases_endorsed,113,113,0.7421134825611663,0.6896408120770435,0.7870900572618431,0.3600348814676055,,,,,ok,False
c_hyb,BIND,ALL,all,314,174,0.7958036717871866,0.7708228484963119,0.8154914139568872,0.38608257008694036,0.8577586206896551,0.8247126436781609,0.8894037356321837,0.8438637397634213,ok,False
c_hyb,BIND,ALL,E_bases,314,174,0.7958036717871866,0.7708228484963119,0.8154914139568872,0.38608257008694036,0.8577586206896551,0.8247126436781609,0.8894037356321837,0.8438637397634213,ok,False
c_hyb,BIND,ALL,E_bases_endorsed,234,132,0.7782805429864257,0.7482970192561331,0.8050559066601849,0.37758125896812034,,,,,ok,False
c_hyb,MEANING_RENAME,DOWN,all,169,169,0.27567003132613993,0.21552384267316396,0.335816219979116,0.13374076793504083,0.6923076923076923,0.6568047337278107,0.727810650887574,0.598239110287303,ok,False
c_hyb,MEANING_RENAME,DOWN,E_bases,169,169,0.27567003132613993,0.21552384267316396,0.335816219979116,0.13374076793504083,0.6923076923076923,0.6568047337278107,0.727810650887574,0.598239110287303,ok,False
c_hyb,MEANING_RENAME,DOWN,E_bases_endorsed,126,126,0.08067226890756304,0.040336134453781515,0.1277310924369748,0.03913799096280848,,,,,ok,False
c_hyb,MEANING_RENAME,UP,all,149,149,0.261508093170154,0.1989735491512041,0.32404263718910387,0.12687013177876844,0.6946308724832215,0.6577181208053692,0.7315436241610739,0.585554788935583,ok,False
c_hyb,MEANING_RENAME,UP,E_bases,149,149,0.261508093170154,0.1989735491512041,0.32404263718910387,0.12687013177876844,0.6946308724832215,0.6577181208053692,0.7315436241610739,0.585554788935583,ok,False
c_hyb,MEANING_RENAME,UP,E_bases_endorsed,113,113,0.07496095783446122,0.03729307652264447,0.1274336283185841,0.03636715974420258,,,,,ok,False
c_hyb,MEANING_RENAME,ALL,all,318,184,0.2690344062153164,0.20970601403490294,0.3287123389264856,0.13052150759766792,0.6847826086956522,0.6494565217391305,0.720108695652174,0.6004327614699623,ok,False
c_hyb,MEANING_RENAME,ALL,E_bases,318,184,0.2690344062153164,0.20970601403490294,0.3287123389264856,0.13052150759766792,0.6847826086956522,0.6494565217391305,0.720108695652174,0.6004327614699623,ok,False
c_hyb,MEANING_RENAME,ALL,E_bases_endorsed,239,141,0.07797194191484128,0.03817931650869064,0.12404627122815653,0.037827932687902764,,,,,ok,False
c_hyb,SCOPE,DOWN,all,0,0,,,,,,,,,absent (0 rows),
c_hyb,SCOPE,DOWN,E_bases,0,0,,,,,,,,,absent (0 rows),
c_hyb,SCOPE,DOWN,E_bases_endorsed,0,0,,,,,,,,,absent (0 rows),
c_hyb,SCOPE,UP,all,0,0,,,,,,,,,absent (0 rows),
c_hyb,SCOPE,UP,E_bases,0,0,,,,,,,,,absent (0 rows),
c_hyb,SCOPE,UP,E_bases_endorsed,0,0,,,,,,,,,absent (0 rows),
c_hyb,SCOPE,ALL,all,0,0,,,,,,,,,absent (0 rows),
c_hyb,SCOPE,ALL,E_bases,0,0,,,,,,,,,absent (0 rows),
c_hyb,SCOPE,ALL,E_bases_endorsed,0,0,,,,,,,,,absent (0 rows),
c_hyb,UNGLUE,DOWN,all,0,0,,,,,,,,,absent (0 rows),
c_hyb,UNGLUE,DOWN,E_bases,0,0,,,,,,,,,absent (0 rows),
c_hyb,UNGLUE,DOWN,E_bases_endorsed,0,0,,,,,,,,,absent (0 rows),
c_hyb,UNGLUE,UP,all,0,0,,,,,,,,,absent (0 rows),
c_hyb,UNGLUE,UP,E_bases,0,0,,,,,,,,,absent (0 rows),
c_hyb,UNGLUE,UP,E_bases_endorsed,0,0,,,,,,,,,absent (0 rows),
c_hyb,UNGLUE,ALL,all,0,0,,,,,,,,,absent (0 rows),
c_hyb,UNGLUE,ALL,E_bases,0,0,,,,,,,,,absent (0 rows),
c_hyb,UNGLUE,ALL,E_bases_endorsed,0,0,,,,,,,,,absent (0 rows),
c_hyb,ADD[ADD_FOREIGN],ALL,all,357,179,0.8280771131982207,0.8139336181399938,0.8399206873760743,0.4017399660594166,0.8603351955307262,0.8254189944134078,0.8938547486033519,0.8609644996518532,ok,False
c_hyb,ADD[ADD_FOREIGN],ALL,E_bases,357,179,0.8280771131982207,0.8139336181399938,0.8399206873760743,0.4017399660594166,0.8603351955307262,0.8254189944134078,0.8938547486033519,0.8609644996518532,ok,False
c_hyb,ADD[ADD_FOREIGN],ALL,E_bases_endorsed,265,133,0.831076581576027,0.8150943396226418,0.843862375138735,0.4031951521828949,,,,,ok,False
c_hyb,ADD[ADD_INTERNAL],ALL,all,115,80,0.8396930946291562,0.823745277927685,0.8470588235294121,0.40737543636940665,0.86875,0.81875,0.91875,0.8732065217391305,ok,False
c_hyb,ADD[ADD_INTERNAL],ALL,E_bases,115,80,0.8396930946291562,0.823745277927685,0.8470588235294121,0.40737543636940665,0.86875,0.81875,0.91875,0.8732065217391305,ok,False
c_hyb,ADD[ADD_INTERNAL],ALL,E_bases_endorsed,82,60,0.8367288378766142,0.8136222910216719,0.8470588235294119,0.40593733309595886,,,,,ok,False
g_align,NEG,DOWN,all,181,181,0.4221633187494013,0.3945709449749306,0.44699645514642494,0.2735092398552106,0.8314917127071824,0.7928176795580111,0.8674033149171271,0.7974650022847174,ok,False
g_align,NEG,DOWN,E_bases,181,181,0.4221633187494013,0.3945709449749306,0.44699645514642494,0.2735092398552106,0.8314917127071824,0.7928176795580111,0.8674033149171271,0.7974650022847174,ok,False
g_align,NEG,DOWN,E_bases_endorsed,135,135,0.42913294797687856,0.3995375722543352,0.45872832369942196,0.27802469135802477,,,,,ok,False
g_align,NEG,UP,all,198,198,0.44140830267997905,0.4187073042564372,0.4641093011035208,0.28597759201207484,0.8350168350168351,0.8021675084175084,0.8678661616161615,0.8034788381147173,ok,False
g_align,NEG,UP,E_bases,198,198,0.44140830267997905,0.4187073042564372,0.4641093011035208,0.28597759201207484,0.8350168350168351,0.8021675084175084,0.8678661616161615,0.8034788381147173,ok,False
g_align,NEG,UP,E_bases_endorsed,152,152,0.43370854882871923,0.40413751140857934,0.4599939154243992,0.280989110707804,,,,,ok,False
g_align,NEG,ALL,all,379,198,0.4322174264492809,0.41228168868703563,0.4517318041735025,0.28002304916143517,0.8367003367003366,0.8026094276094277,0.869107744107744,0.8043181786228132,ok,False
g_align,NEG,ALL,E_bases,379,198,0.4322174264492809,0.41228168868703563,0.4517318041735025,0.28002304916143517,0.8367003367003366,0.8026094276094277,0.869107744107744,0.8043181786228132,ok,False
g_align,NEG,ALL,E_bases_endorsed,287,152,0.4315562627137419,0.4078316929231582,0.4537005341542742,0.2795946974248068,,,,,ok,False
g_align,REV,DOWN,all,0,0,,,,,,,,,absent (0 rows),
g_align,REV,DOWN,E_bases,0,0,,,,,,,,,absent (0 rows),
g_align,REV,DOWN,E_bases_endorsed,0,0,,,,,,,,,absent (0 rows),
g_align,REV,UP,all,179,179,0.3738689572771015,0.34038815513288345,0.4045596925759681,0.2422205098568035,0.8035381750465548,0.7588454376163872,0.8445065176908751,0.7714893346876587,ok,False
g_align,REV,UP,E_bases,179,179,0.3738689572771015,0.34038815513288345,0.4045596925759681,0.2422205098568035,0.8035381750465548,0.7588454376163872,0.8445065176908751,0.7714893346876587,ok,False
g_align,REV,UP,E_bases_endorsed,133,133,0.3980355513060107,0.3642400799687079,0.43183102264331347,0.257877452251318,,,,,ok,False
g_align,REV,ALL,all,179,179,0.3738689572771015,0.34038815513288345,0.4045596925759681,0.2422205098568035,0.8035381750465548,0.7588454376163872,0.8445065176908751,0.7714893346876587,ok,False
g_align,REV,ALL,E_bases,179,179,0.3738689572771015,0.34038815513288345,0.4045596925759681,0.2422205098568035,0.8035381750465548,0.7588454376163872,0.8445065176908751,0.7714893346876587,ok,False
g_align,REV,ALL,E_bases_endorsed,133,133,0.3980355513060107,0.3642400799687079,0.43183102264331347,0.257877452251318,,,,,ok,False
g_align,QUANT,DOWN,all,0,0,,,,,,,,,absent (0 rows),
g_align,QUANT,DOWN,E_bases,0,0,,,,,,,,,absent (0 rows),
g_align,QUANT,DOWN,E_bases_endorsed,0,0,,,,,,,,,absent (0 rows),
g_align,QUANT,UP,all,179,179,0.37107889043174996,0.33759808828753196,0.404559692575968,0.24041289411160346,0.7076350093109869,0.664804469273743,0.7504655493482308,0.7389566747585681,ok,False
g_align,QUANT,UP,E_bases,179,179,0.37107889043174996,0.33759808828753196,0.404559692575968,0.24041289411160346,0.7076350093109869,0.664804469273743,0.7504655493482308,0.7389566747585681,ok,False
g_align,QUANT,UP,E_bases_endorsed,133,133,0.36424007996870794,0.3265956799513234,0.4017906036768221,0.23598219687148908,,,,,ok,False
g_align,QUANT,ALL,all,179,179,0.37107889043174996,0.33759808828753196,0.404559692575968,0.24041289411160346,0.7076350093109869,0.664804469273743,0.7504655493482308,0.7389566747585681,ok,False
g_align,QUANT,ALL,E_bases,179,179,0.37107889043174996,0.33759808828753196,0.404559692575968,0.24041289411160346,0.7076350093109869,0.664804469273743,0.7504655493482308,0.7389566747585681,ok,False
g_align,QUANT,ALL,E_bases_endorsed,133,133,0.36424007996870794,0.3265956799513234,0.4017906036768221,0.23598219687148908,,,,,ok,False
g_align,RESTR,DOWN,all,0,0,,,,,,,,,absent (0 rows),
g_align,RESTR,DOWN,E_bases,0,0,,,,,,,,,absent (0 rows),
g_align,RESTR,DOWN,E_bases_endorsed,0,0,,,,,,,,,absent (0 rows),
g_align,RESTR,UP,all,177,177,0.4429901048300186,0.42041736063485846,0.4655628490251788,0.2870024027534256,0.8267419962335215,0.7862523540489642,0.8634651600753295,0.8083903166218361,ok,False
g_align,RESTR,UP,E_bases,177,177,0.4429901048300186,0.42041736063485846,0.4655628490251788,0.2870024027534256,0.8267419962335215,0.7862523540489642,0.8634651600753295,0.8083903166218361,ok,False
g_align,RESTR,UP,E_bases_endorsed,132,132,0.4502364687335786,0.4237519705727798,0.4767209668943773,0.2916971438523164,,,,,ok,False
g_align,RESTR,ALL,all,177,177,0.4429901048300186,0.42041736063485846,0.4655628490251788,0.2870024027534256,0.8267419962335215,0.7862523540489642,0.8634651600753295,0.8083903166218361,ok,False
g_align,RESTR,ALL,E_bases,177,177,0.4429901048300186,0.42041736063485846,0.4655628490251788,0.2870024027534256,0.8267419962335215,0.7862523540489642,0.8634651600753295,0.8083903166218361,ok,False
g_align,RESTR,ALL,E_bases_endorsed,132,132,0.4502364687335786,0.4237519705727798,0.4767209668943773,0.2916971438523164,,,,,ok,False
g_align,CONN,DOWN,all,140,140,0.4566143682906689,0.431643270024773,0.47801816680429404,0.29582922824302144,0.7988095238095239,0.7547619047619047,0.8392857142857143,0.7844982993197279,ok,False
g_align,CONN,DOWN,E_bases,140,140,0.4566143682906689,0.431643270024773,0.47801816680429404,0.29582922824302144,0.7988095238095239,0.7547619047619047,0.8392857142857143,0.7844982993197279,ok,False
g_align,CONN,DOWN,E_bases_endorsed,99,99,0.4590646347871782,0.4337151865475565,0.48428796636889127,0.2974166956925578,,,,,ok,False
g_align,CONN,UP,all,187,187,0.42464220580507556,0.3979351488362029,0.448678557077061,0.2751152498617002,0.8003565062388592,0.7638146167557933,0.8377896613190731,0.7902280477408354,ok,False
g_align,CONN,UP,E_bases,187,187,0.42464220580507556,0.3979351488362029,0.448678557077061,0.2751152498617002,0.8003565062388592,0.7638146167557933,0.8377896613190731,0.7902280477408354,ok,False
g_align,CONN,UP,E_bases_endorsed,141,141,0.4179559709752798,0.3860779731890297,0.4462919690075023,0.2707834026249288,,,,,ok,False
g_align,CONN,ALL,all,327,187,0.43833059341358654,0.41749724774288394,0.4565279603057812,0.28398361981088976,0.8003565062388592,0.7633689839572193,0.8373551693404635,0.8015861144351372,ok,False
g_align,CONN,ALL,E_bases,327,187,0.43833059341358654,0.41749724774288394,0.4565279603057812,0.28398361981088976,0.8003565062388592,0.7633689839572193,0.8373551693404635,0.8015861144351372,ok,False
g_align,CONN,ALL,E_bases_endorsed,240,141,0.4349132947976878,0.41128867732063934,0.45644766370908274,0.28176963601532573,,,,,ok,False
g_align,MOVE,DOWN,all,0,0,,,,,,,,,absent (0 rows),
g_align,MOVE,DOWN,E_bases,0,0,,,,,,,,,absent (0 rows),
g_align,MOVE,DOWN,E_bases_endorsed,0,0,,,,,,,,,absent (0 rows),
g_align,MOVE,UP,all,6,6,0.08323699421965318,0.0,0.24971098265895955,0.053927203065134106,0.7222222222222222,0.5,0.9166666666666666,0.6435185185185186,untestable (<30 rows),False
g_align,MOVE,UP,E_bases,6,6,0.08323699421965318,0.0,0.24971098265895955,0.053927203065134106,0.7222222222222222,0.5,0.9166666666666666,0.6435185185185186,untestable (<30 rows),False
g_align,MOVE,UP,E_bases_endorsed,5,5,0.09988439306358382,0.0,0.29965317919075146,0.06471264367816093,,,,,untestable (<30 rows),False
g_align,MOVE,ALL,all,6,6,0.08323699421965318,0.0,0.24971098265895955,0.053927203065134106,0.7222222222222222,0.5,0.9166666666666666,0.6435185185185186,untestable (<30 rows),False
g_align,MOVE,ALL,E_bases,6,6,0.08323699421965318,0.0,0.24971098265895955,0.053927203065134106,0.7222222222222222,0.5,0.9166666666666666,0.6435185185185186,untestable (<30 rows),False
g_align,MOVE,ALL,E_bases_endorsed,5,5,0.09988439306358382,0.0,0.29965317919075146,0.06471264367816093,,,,,untestable (<30 rows),False
g_align,DROP,DOWN,all,140,140,0.3959702725020644,0.36029727497935593,0.4280759702725022,0.25653940886699517,0.7833333333333333,0.7380952380952381,0.825,0.7457397959183674,ok,False
g_align,DROP,DOWN,E_bases,140,140,0.3959702725020644,0.36029727497935593,0.4280759702725022,0.25653940886699517,0.7833333333333333,0.7380952380952381,0.825,0.7457397959183674,ok,False
g_align,DROP,DOWN,E_bases_endorsed,99,99,0.3985286389910668,0.3581713084603259,0.43384130320546516,0.2581969116451876,,,,,ok,False
g_align,DROP,UP,all,51,51,0.21543692621557292,0.14688881332879972,0.2839850391023462,0.13957629028622945,0.6928104575163397,0.5882352941176471,0.7941176470588235,0.6676278354479046,ok,False
g_align,DROP,UP,E_bases,51,51,0.21543692621557292,0.14688881332879972,0.2839850391023462,0.13957629028622945,0.6928104575163397,0.5882352941176471,0.7941176470588235,0.6676278354479046,ok,False
g_align,DROP,UP,E_bases_endorsed,39,39,0.1920853712761227,0.11525122276567365,0.26891951978657186,0.12444739168877106,,,,,ok,False
g_align,DROP,ALL,all,191,168,0.34776503344127363,0.3156899766863024,0.3823699421965318,0.22530841908888496,0.7599206349206349,0.7118055555555556,0.8020957341269841,0.7269955538934596,ok,False
g_align,DROP,ALL,E_bases,191,168,0.34776503344127363,0.3156899766863024,0.3823699421965318,0.22530841908888496,0.7599206349206349,0.7118055555555556,0.8020957341269841,0.7269955538934596,ok,False
g_align,DROP,ALL,E_bases_endorsed,138,124,0.34018597637597386,0.30256694464071465,0.3799949736114602,0.22039813426620025,,,,,ok,False
g_align,ADD,DOWN,all,238,178,0.25810462913489096,0.22147123462005316,0.29707132458501856,0.16721964647928142,0.601123595505618,0.5678838951310862,0.6343632958801497,0.6269251046426175,ok,False
g_align,ADD,DOWN,E_bases,238,178,0.25810462913489096,0.22147123462005316,0.29707132458501856,0.16721964647928142,0.601123595505618,0.5678838951310862,0.6343632958801497,0.6269251046426175,ok,False
g_align,ADD,DOWN,E_bases_endorsed,175,132,0.23972254335260113,0.19619409556049291,0.2845543755881167,0.1553103448275862,,,,,ok,False
g_align,ADD,UP,all,234,179,0.18568252556691864,0.15247557853321206,0.22245585900582493,0.1202991452991453,0.8263500931098697,0.7923649906890131,0.8598696461824953,0.608512139347054,ok,False
g_align,ADD,UP,E_bases,234,179,0.18568252556691864,0.15247557853321206,0.22245585900582493,0.1202991452991453,0.8263500931098697,0.7923649906890131,0.8598696461824953,0.608512139347054,ok,False
g_align,ADD,UP,E_bases_endorsed,172,133,0.14227718779405837,0.10701899256812553,0.17967314253489355,0.09217789361133388,,,,,ok,False
g_align,ADD,ALL,all,472,179,0.22220045067110808,0.19030605415272286,0.2557520397112249,0.14395821157218006,0.7120577281191806,0.6837368094351335,0.7420119490999378,0.6181536037050139,ok,False
g_align,ADD,ALL,E_bases,472,179,0.22220045067110808,0.19030605415272286,0.2557520397112249,0.14395821157218006,0.7120577281191806,0.6837368094351335,0.7420119490999378,0.6181536037050139,ok,False
g_align,ADD,ALL,E_bases_endorsed,347,133,0.19142109909879892,0.1574881765633211,0.2259700180547742,0.12401702606909802,,,,,ok,False
g_align,SWAP,DOWN,all,63,63,0.4835672997522708,0.4597853014037984,0.499421965317919,0.3132913701879221,0.7777777777777778,0.7222222222222222,0.8333333333333334,0.7714964773788302,ok,False
g_align,SWAP,DOWN,E_bases,63,63,0.4835672997522708,0.4597853014037984,0.499421965317919,0.3132913701879221,0.7777777777777778,0.7222222222222222,0.8333333333333334,0.7714964773788302,ok,False
g_align,SWAP,DOWN,E_bases_endorsed,48,48,0.4786127167630058,0.44739884393063584,0.4994219653179191,0.31008141762452107,,,,,ok,False
g_align,SWAP,UP,all,53,53,0.3580761260769985,0.30153779038063044,0.4146144617733667,0.23198872261982215,0.8301886792452831,0.7672955974842767,0.8899371069182389,0.7403667286739304,ok,False
g_align,SWAP,UP,E_bases,53,53,0.3580761260769985,0.30153779038063044,0.4146144617733667,0.23198872261982215,0.8301886792452831,0.7672955974842767,0.8899371069182389,0.7403667286739304,ok,False
g_align,SWAP,UP,E_bases_endorsed,44,44,0.3291644771413558,0.26106148187073047,0.39726747241198107,0.21325757575757576,,,,,ok,False
g_align,SWAP,ALL,all,116,89,0.4262308152282241,0.3908519728575019,0.4592898431048721,0.27614447086801436,0.8033707865168539,0.7546816479400748,0.8520599250936329,0.7583793103448275,ok,False
g_align,SWAP,ALL,E_bases,116,89,0.4262308152282241,0.3908519728575019,0.4592898431048721,0.27614447086801436,0.8033707865168539,0.7546816479400748,0.8520599250936329,0.7583793103448275,ok,False
g_align,SWAP,ALL,E_bases_endorsed,92,73,0.40713747172656456,0.3606864906739765,0.4463059505854785,0.2637743628185908,,,,,ok,False
g_align,BIND,DOWN,all,163,163,0.4289513812546546,0.40137593531685534,0.4565268271924537,0.2779070587405684,0.8108384458077711,0.7730061349693251,0.8466257668711656,0.7831802766452006,ok,False
g_align,BIND,DOWN,E_bases,163,163,0.4289513812546546,0.40137593531685534,0.4565268271924537,0.2779070587405684,0.8108384458077711,0.7730061349693251,0.8466257668711656,0.7831802766452006,ok,False
g_align,BIND,DOWN,E_bases_endorsed,121,121,0.4375101514355324,0.40861797162375196,0.46640233124731284,0.28345207561508506,,,,,ok,False
g_align,BIND,UP,all,151,151,0.4365807908739425,0.41012134900279446,0.4630402327450907,0.28284996574560417,0.8211920529801324,0.7825607064017659,0.856512141280353,0.7819278206452397,ok,False
g_align,BIND,UP,E_bases,151,151,0.4365807908739425,0.41012134900279446,0.4630402327450907,0.28284996574560417,0.8211920529801324,0.7825607064017659,0.856512141280353,0.7819278206452397,ok,False
g_align,BIND,UP,E_bases_endorsed,113,113,0.42428768734973654,0.38893038007059183,0.4552253312189881,0.2748855660665243,,,,,ok,False
g_align,BIND,ALL,all,314,174,0.4326203011671147,0.4096205393774732,0.4546127167630059,0.28028406179076076,0.8184865900383143,0.7816091954022989,0.8524904214559386,0.7860586644424223,ok,False
g_align,BIND,ALL,E_bases,314,174,0.4326203011671147,0.4096205393774732,0.4546127167630059,0.28028406179076076,0.8184865900383143,0.7816091954022989,0.8524904214559386,0.7860586644424223,ok,False
g_align,BIND,ALL,E_bases_endorsed,234,132,0.43112494441974214,0.4030404075882231,0.4561819683206967,0.2793152569014638,,,,,ok,False
g_align,MEANING_RENAME,DOWN,all,169,169,0.4196326572493758,0.39008106166843387,0.4491842528303177,0.2718696864585459,0.8323471400394479,0.7968441814595661,0.8668639053254438,0.7981452436966803,ok,False
g_align,MEANING_RENAME,DOWN,E_bases,169,169,0.4196326572493758,0.39008106166843387,0.4491842528303177,0.2718696864585459,0.8323471400394479,0.7968441814595661,0.8668639053254438,0.7981452436966803,ok,False
g_align,MEANING_RENAME,DOWN,E_bases_endorsed,126,126,0.4320396366639142,0.40429397192402977,0.4597853014037986,0.2799078635285531,,,,,ok,False
g_align,MEANING_RENAME,UP,all,149,149,0.4357372851767079,0.4089226830119875,0.46255188734142855,0.2823034791329168,0.8378076062639822,0.7997762863534675,0.8758389261744967,0.8077055761149093,ok,False
g_align,MEANING_RENAME,UP,E_bases,149,149,0.4357372851767079,0.4089226830119875,0.46255188734142855,0.2823034791329168,0.8378076062639822,0.7997762863534675,0.8758389261744967,0.8077055761149093,ok,False
g_align,MEANING_RENAME,UP,E_bases_endorsed,113,113,0.4375466775794158,0.4066090337101642,0.4684843214486675,0.28347574000610315,,,,,ok,False
g_align,MEANING_RENAME,ALL,all,318,184,0.4271785363725598,0.40392121332922615,0.44824206591680726,0.2767584761078581,0.8414855072463768,0.8084239130434783,0.873641304347826,0.8111543079977648,ok,False
g_align,MEANING_RENAME,ALL,E_bases,318,184,0.4271785363725598,0.40392121332922615,0.44824206591680726,0.2767584761078581,0.8414855072463768,0.8084239130434783,0.873641304347826,0.8111543079977648,ok,False
g_align,MEANING_RENAME,ALL,E_bases_endorsed,239,141,0.4346433840423732,0.40843394368158076,0.45678838291273083,0.28159476746982154,,,,,ok,False
g_align,SCOPE,DOWN,all,0,0,,,,,,,,,absent (0 rows),
g_align,SCOPE,DOWN,E_bases,0,0,,,,,,,,,absent (0 rows),
g_align,SCOPE,DOWN,E_bases_endorsed,0,0,,,,,,,,,absent (0 rows),
g_align,SCOPE,UP,all,0,0,,,,,,,,,absent (0 rows),
g_align,SCOPE,UP,E_bases,0,0,,,,,,,,,absent (0 rows),
g_align,SCOPE,UP,E_bases_endorsed,0,0,,,,,,,,,absent (0 rows),
g_align,SCOPE,ALL,all,0,0,,,,,,,,,absent (0 rows),
g_align,SCOPE,ALL,E_bases,0,0,,,,,,,,,absent (0 rows),
g_align,SCOPE,ALL,E_bases_endorsed,0,0,,,,,,,,,absent (0 rows),
g_align,UNGLUE,DOWN,all,0,0,,,,,,,,,absent (0 rows),
g_align,UNGLUE,DOWN,E_bases,0,0,,,,,,,,,absent (0 rows),
g_align,UNGLUE,DOWN,E_bases_endorsed,0,0,,,,,,,,,absent (0 rows),
g_align,UNGLUE,UP,all,0,0,,,,,,,,,absent (0 rows),
g_align,UNGLUE,UP,E_bases,0,0,,,,,,,,,absent (0 rows),
g_align,UNGLUE,UP,E_bases_endorsed,0,0,,,,,,,,,absent (0 rows),
g_align,UNGLUE,ALL,all,0,0,,,,,,,,,absent (0 rows),
g_align,UNGLUE,ALL,E_bases,0,0,,,,,,,,,absent (0 rows),
g_align,UNGLUE,ALL,E_bases_endorsed,0,0,,,,,,,,,absent (0 rows),
g_align,ADD[ADD_FOREIGN],ALL,all,357,179,0.2364210424054015,0.20481912060791066,0.26999562830912716,0.15317138349592713,0.7239292364990688,0.696461824953445,0.7518738361266293,0.6390913101483477,ok,False
g_align,ADD[ADD_FOREIGN],ALL,E_bases,357,179,0.2364210424054015,0.20481912060791066,0.26999562830912716,0.15317138349592713,0.7239292364990688,0.696461824953445,0.7518738361266293,0.6390913101483477,ok,False
g_align,ADD[ADD_FOREIGN],ALL,E_bases_endorsed,265,133,0.20919184207656236,0.17525468816026227,0.2431148434943833,0.13553025374105404,,,,,ok,False
g_align,ADD[ADD_INTERNAL],ALL,all,115,80,0.1780547876350842,0.12378740600542228,0.23526588492957384,0.11535732133933034,0.6760416666666667,0.6020833333333334,0.7479427083333332,0.601195652173913,ok,False
g_align,ADD[ADD_INTERNAL],ALL,E_bases,115,80,0.1780547876350842,0.12378740600542228,0.23526588492957384,0.11535732133933034,0.6760416666666667,0.6020833333333334,0.7479427083333332,0.601195652173913,ok,False
g_align,ADD[ADD_INTERNAL],ALL,E_bases_endorsed,82,60,0.1339912589877344,0.07916863920692752,0.19025598678777872,0.08680964395850857,,,,,ok,False
g_nf,NEG,DOWN,all,181,181,0.4344724914811263,0.40588877493631537,0.46019783637145617,0.27172159776465366,0.8213627992633517,0.7836095764272559,0.856353591160221,0.7953360611473435,ok,False
g_nf,NEG,DOWN,E_bases,181,181,0.4344724914811263,0.40588877493631537,0.46019783637145617,0.27172159776465366,0.8213627992633517,0.7836095764272559,0.856353591160221,0.7953360611473435,ok,False
g_nf,NEG,DOWN,E_bases_endorsed,135,135,0.44071856287425143,0.41005988023952095,0.4713772455089821,0.27562792677735215,,,,,ok,False
g_nf,NEG,UP,all,198,198,0.45204137180185094,0.42852476864452926,0.47555797495917274,0.282709276674794,0.8383838383838383,0.803872053872054,0.8712121212121212,0.8049320917882197,ok,False
g_nf,NEG,UP,E_bases,198,198,0.45204137180185094,0.42852476864452926,0.47555797495917274,0.282709276674794,0.8383838383838383,0.803872053872054,0.8712121212121212,0.8049320917882197,ok,False
g_nf,NEG,UP,E_bases_endorsed,152,152,0.4492908919004097,0.41865742199810907,0.47652064292467705,0.280989110707804,,,,,ok,False
g_nf,NEG,ALL,all,379,198,0.4436509566618742,0.4224232386291249,0.4649424079500575,0.2774618627361781,0.8362794612794612,0.8034511784511783,0.8695286195286196,0.8052062780899535,ok,False
g_nf,NEG,ALL,E_bases,379,198,0.4436509566618742,0.4224232386291249,0.4649424079500575,0.2774618627361781,0.8362794612794612,0.8034511784511783,0.8695286195286196,0.8052062780899535,ok,False
g_nf,NEG,ALL,E_bases_endorsed,287,152,0.44525861169646774,0.42023439200428087,0.46818344926159533,0.2784672994513197,,,,,ok,False
g_nf,REV,DOWN,all,0,0,,,,,,,,,absent (0 rows),
g_nf,REV,DOWN,E_bases,0,0,,,,,,,,,absent (0 rows),
g_nf,REV,DOWN,E_bases_endorsed,0,0,,,,,,,,,absent (0 rows),
g_nf,REV,UP,all,179,179,0.4133141538152746,0.38441106613588477,0.4422172414946644,0.25848905156360374,0.8147113594040968,0.7737430167597765,0.8519553072625698,0.784217877094972,ok,False
g_nf,REV,UP,E_bases,179,179,0.4133141538152746,0.38441106613588477,0.4422172414946644,0.25848905156360374,0.8147113594040968,0.7737430167597765,0.8519553072625698,0.784217877094972,ok,False
g_nf,REV,UP,E_bases_endorsed,133,133,0.42789608752419966,0.3928864076358561,0.45901580298050515,0.2676086768645753,,,,,ok,False
g_nf,REV,ALL,all,179,179,0.4133141538152746,0.38441106613588477,0.4422172414946644,0.25848905156360374,0.8147113594040968,0.7737430167597765,0.8519553072625698,0.784217877094972,ok,False
g_nf,REV,ALL,E_bases,179,179,0.4133141538152746,0.38441106613588477,0.4422172414946644,0.25848905156360374,0.8147113594040968,0.7737430167597765,0.8519553072625698,0.784217877094972,ok,False
g_nf,REV,ALL,E_bases_endorsed,133,133,0.42789608752419966,0.3928864076358561,0.45901580298050515,0.2676086768645753,,,,,ok,False
g_nf,QUANT,DOWN,all,0,0,,,,,,,,,absent (0 rows),
g_nf,QUANT,DOWN,E_bases,0,0,,,,,,,,,absent (0 rows),
g_nf,QUANT,DOWN,E_bases_endorsed,0,0,,,,,,,,,absent (0 rows),
g_nf,QUANT,UP,all,179,179,0.39597230120764065,0.3612885959923729,0.4277656976549695,0.24764335709240357,0.7197392923649906,0.675046554934823,0.7644320297951582,0.7447393807045254,ok,False
g_nf,QUANT,UP,E_bases,179,179,0.39597230120764065,0.3612885959923729,0.4277656976549695,0.24764335709240357,0.7197392923649906,0.675046554934823,0.7644320297951582,0.7447393807045254,ok,False
g_nf,QUANT,UP,E_bases_endorsed,133,133,0.39677637206789423,0.35787672774751245,0.4356760163882761,0.24814622763806068,,,,,ok,False
g_nf,QUANT,ALL,all,179,179,0.39597230120764065,0.3612885959923729,0.4277656976549695,0.24764335709240357,0.7197392923649906,0.675046554934823,0.7644320297951582,0.7447393807045254,ok,False
g_nf,QUANT,ALL,E_bases,179,179,0.39597230120764065,0.3612885959923729,0.4277656976549695,0.24764335709240357,0.7197392923649906,0.675046554934823,0.7644320297951582,0.7447393807045254,ok,False
g_nf,QUANT,ALL,E_bases_endorsed,133,133,0.39677637206789423,0.35787672774751245,0.4356760163882761,0.24814622763806068,,,,,ok,False
g_nf,RESTR,DOWN,all,0,0,,,,,,,,,absent (0 rows),
g_nf,RESTR,DOWN,E_bases,0,0,,,,,,,,,absent (0 rows),
g_nf,RESTR,DOWN,E_bases_endorsed,0,0,,,,,,,,,absent (0 rows),
g_nf,RESTR,UP,all,177,177,0.4559829493555263,0.4325992083629352,0.47936669034811746,0.28517436197155666,0.8229755178907721,0.7843691148775893,0.8587570621468926,0.806737531192274,ok,False
g_nf,RESTR,UP,E_bases,177,177,0.4559829493555263,0.4325992083629352,0.47936669034811746,0.28517436197155666,0.8229755178907721,0.7843691148775893,0.8587570621468926,0.806737531192274,ok,False
g_nf,RESTR,UP,E_bases_endorsed,132,132,0.4664126292868808,0.4389765922700054,0.48992923244420267,0.2916971438523163,,,,,ok,False
g_nf,RESTR,ALL,all,177,177,0.4559829493555263,0.4325992083629352,0.47936669034811746,0.28517436197155666,0.8229755178907721,0.7843691148775893,0.8587570621468926,0.806737531192274,ok,False
g_nf,RESTR,ALL,E_bases,177,177,0.4559829493555263,0.4325992083629352,0.47936669034811746,0.28517436197155666,0.8229755178907721,0.7843691148775893,0.8587570621468926,0.806737531192274,ok,False
g_nf,RESTR,ALL,E_bases_endorsed,132,132,0.4664126292868808,0.4389765922700054,0.48992923244420267,0.2916971438523163,,,,,ok,False
g_nf,CONN,DOWN,all,140,140,0.47301967493584274,0.44715141146278875,0.49519247219846035,0.29582922824302144,0.7940476190476191,0.7511607142857142,0.8333333333333333,0.7839455782312925,ok,False
g_nf,CONN,DOWN,E_bases,140,140,0.47301967493584274,0.44715141146278875,0.49519247219846035,0.29582922824302144,0.7940476190476191,0.7511607142857142,0.8333333333333333,0.7839455782312925,ok,False
g_nf,CONN,DOWN,E_bases_endorsed,99,99,0.47555797495917274,0.4492977681001634,0.5016875340228636,0.29741669569255785,,,,,ok,False
g_nf,CONN,UP,all,187,187,0.42883217522174916,0.4011655832719589,0.45649876717153937,0.26819411150039957,0.7967914438502673,0.7602272727272728,0.8342245989304813,0.7867889250561885,ok,False
g_nf,CONN,UP,E_bases,187,187,0.42883217522174916,0.4011655832719589,0.45649876717153937,0.26819411150039957,0.7967914438502673,0.7602272727272728,0.8342245989304813,0.7867889250561885,ok,False
g_nf,CONN,UP,E_bases_endorsed,141,141,0.42930309593578797,0.39985730666326913,0.45865715377755145,0.2684886280264124,,,,,ok,False
g_nf,CONN,ALL,all,327,187,0.4477503708179972,0.42559041092127675,0.4675010090816296,0.28002565995289824,0.7967914438502673,0.7606951871657754,0.8337789661319074,0.7992731463014671,ok,False
g_nf,CONN,ALL,E_bases,327,187,0.4477503708179972,0.42559041092127675,0.4675010090816296,0.28002565995289824,0.7967914438502673,0.7606951871657754,0.8337789661319074,0.7992731463014671,ok,False
g_nf,CONN,ALL,E_bases_endorsed,240,141,0.4483832335329343,0.4229085397669392,0.47110151376914383,0.28042145593869733,,,,,ok,False
g_nf,MOVE,DOWN,all,0,0,,,,,,,,,absent (0 rows),
g_nf,MOVE,DOWN,E_bases,0,0,,,,,,,,,absent (0 rows),
g_nf,MOVE,DOWN,E_bases_endorsed,0,0,,,,,,,,,absent (0 rows),
g_nf,MOVE,UP,all,6,6,0.1724550898203593,0.0,0.3449101796407186,0.10785440613026821,0.7222222222222222,0.5,0.9166666666666666,0.7777777777777778,untestable (<30 rows),False
g_nf,MOVE,UP,E_bases,6,6,0.1724550898203593,0.0,0.3449101796407186,0.10785440613026821,0.7222222222222222,0.5,0.9166666666666666,0.7777777777777778,untestable (<30 rows),False
g_nf,MOVE,UP,E_bases_endorsed,5,5,0.20694610778443115,0.0,0.4138922155688623,0.12942528735632186,,,,,untestable (<30 rows),False
g_nf,MOVE,ALL,all,6,6,0.1724550898203593,0.0,0.3449101796407186,0.10785440613026821,0.7222222222222222,0.5,0.9166666666666666,0.7777777777777778,untestable (<30 rows),False
g_nf,MOVE,ALL,E_bases,6,6,0.1724550898203593,0.0,0.3449101796407186,0.10785440613026821,0.7222222222222222,0.5,0.9166666666666666,0.7777777777777778,untestable (<30 rows),False
g_nf,MOVE,ALL,E_bases_endorsed,5,5,0.20694610778443115,0.0,0.4138922155688623,0.12942528735632186,,,,,untestable (<30 rows),False
g_nf,DROP,DOWN,all,140,140,0.3473738237810094,0.3067236954662104,0.38802395209580837,0.21724958949096884,0.7571428571428571,0.7107142857142857,0.8023809523809523,0.7068452380952381,ok,False
g_nf,DROP,DOWN,E_bases,140,140,0.3473738237810094,0.3067236954662104,0.38802395209580837,0.21724958949096884,0.7571428571428571,0.7107142857142857,0.8023809523809523,0.7068452380952381,ok,False
g_nf,DROP,DOWN,E_bases_endorsed,99,99,0.3605879150789331,0.3135547087642896,0.40762112139357654,0.22551375827237902,,,,,ok,False
g_nf,DROP,UP,all,51,51,0.22317717506164145,0.15216625572384643,0.29418809439943644,0.13957629028622945,0.6437908496732025,0.5392156862745098,0.7450980392156863,0.6544918621043189,ok,False
g_nf,DROP,UP,E_bases,51,51,0.22317717506164145,0.15216625572384643,0.29418809439943644,0.13957629028622945,0.6437908496732025,0.5392156862745098,0.7450980392156863,0.6544918621043189,ok,False
g_nf,DROP,UP,E_bases_endorsed,39,39,0.2122524182404422,0.13265776140027638,0.291847075080608,0.13274388446802246,,,,,ok,False
g_nf,DROP,ALL,all,191,168,0.31421136784023573,0.277743460447526,0.3505819284640382,0.1965095986038395,0.7306547619047619,0.6815352182539682,0.7748015873015872,0.7000540181168453,ok,False
g_nf,DROP,ALL,E_bases,191,168,0.31421136784023573,0.277743460447526,0.3505819284640382,0.1965095986038395,0.7306547619047619,0.6815352182539682,0.7748015873015872,0.7000540181168453,ok,False
g_nf,DROP,ALL,E_bases_endorsed,138,124,0.31866701379849,0.27567638445736276,0.3607068404481948,0.199296185240713,,,,,ok,False
g_nf,ADD,DOWN,all,238,178,0.2760730639561214,0.2370286295952869,0.31557407584437286,0.1726576837631605,0.5800561797752809,0.5341760299625469,0.624075374531835,0.632380899127712,ok,False
g_nf,ADD,DOWN,E_bases,238,178,0.2760730639561214,0.2370286295952869,0.31557407584437286,0.1726576837631605,0.5800561797752809,0.5341760299625469,0.624075374531835,0.632380899127712,ok,False
g_nf,ADD,DOWN,E_bases_endorsed,175,132,0.2749426860564585,0.22927843372815498,0.31838424845224805,0.17195073891625617,,,,,ok,False
g_nf,ADD,UP,all,234,179,0.19014279134039613,0.15453178400546821,0.22772915707047445,0.1189163965026034,0.8007448789571694,0.7616387337057727,0.8417132216014898,0.6100650351124735,ok,False
g_nf,ADD,UP,E_bases,234,179,0.19014279134039613,0.15453178400546821,0.22772915707047445,0.1189163965026034,0.8007448789571694,0.7616387337057727,0.8417132216014898,0.6100650351124735,ok,False
g_nf,ADD,UP,E_bases_endorsed,172,133,0.15641275588358167,0.11662395631489013,0.1976451591199623,0.09782143811815026,,,,,ok,False
g_nf,ADD,ALL,all,472,179,0.2334720389729017,0.20185186381282336,0.2665973675957446,0.1460147574517826,0.6914959652389819,0.6561840471756673,0.7271880819366853,0.6216672562956292,ok,False
g_nf,ADD,ALL,E_bases,472,179,0.2334720389729017,0.20185186381282336,0.2665973675957446,0.1460147574517826,0.6914959652389819,0.6561840471756673,0.7271880819366853,0.6216672562956292,ok,False
g_nf,ADD,ALL,E_bases_endorsed,347,133,0.21619009818978757,0.18022333710956467,0.2521009330675163,0.13520653218059558,,,,,ok,False
g_nf,SWAP,DOWN,all,63,63,0.4845166809238665,0.4516680923866552,0.5091531223267749,0.3030195219850394,0.7671957671957671,0.7063492063492064,0.8228174603174598,0.7610559375265258,ok,False
g_nf,SWAP,DOWN,E_bases,63,63,0.4845166809238665,0.4516680923866552,0.5091531223267749,0.3030195219850394,0.7671957671957671,0.7063492063492064,0.8228174603174598,0.7610559375265258,ok,False
g_nf,SWAP,DOWN,E_bases_endorsed,48,48,0.4850299401197604,0.4419161676646706,0.5173652694610779,0.30334051724137934,,,,,ok,False
g_nf,SWAP,UP,all,53,53,0.3611795277369788,0.3026098745904417,0.4197491808835159,0.22588375623509,0.8427672955974843,0.7735849056603774,0.9056603773584906,0.765014615997874,ok,False
g_nf,SWAP,UP,E_bases,53,53,0.3611795277369788,0.3026098745904417,0.4197491808835159,0.22588375623509,0.8427672955974843,0.7735849056603774,0.9056603773584906,0.765014615997874,ok,False
g_nf,SWAP,UP,E_bases_endorsed,44,44,0.3409907457811649,0.27044093630919974,0.4115405552531301,0.21325757575757578,,,,,ok,False
g_nf,SWAP,ALL,all,116,89,0.42816436093330595,0.38575480617711944,0.46475185222774795,0.2677764565992866,0.8052434456928838,0.7528089887640449,0.855805243445693,0.7644827586206897,ok,False
g_nf,SWAP,ALL,E_bases,116,89,0.42816436093330595,0.38575480617711944,0.46475185222774795,0.2677764565992866,0.8052434456928838,0.7528089887640449,0.855805243445693,0.7644827586206897,ok,False
g_nf,SWAP,ALL,E_bases_endorsed,92,73,0.4161416297839106,0.3686970885814578,0.45808383233532934,0.26025737131434296,,,,,ok,False
g_nf,BIND,DOWN,all,163,163,0.44436280812607926,0.4157966276036884,0.46975496859042665,0.2779070587405684,0.7985685071574643,0.7617586912065439,0.8353783231083846,0.7782646801051709,ok,False
g_nf,BIND,DOWN,E_bases,163,163,0.44436280812607926,0.4157966276036884,0.46975496859042665,0.2779070587405684,0.7985685071574643,0.7617586912065439,0.8353783231083846,0.7782646801051709,ok,False
g_nf,BIND,DOWN,E_bases_endorsed,121,121,0.4575048250606227,0.42757460286039506,0.48743504726085035,0.286126151800133,,,,,ok,False
g_nf,BIND,UP,all,151,151,0.42828250783201804,0.3974461672681127,0.4591188483959236,0.26785034635000393,0.7891832229580573,0.7516556291390728,0.8278145695364238,0.7501367033234096,ok,False
g_nf,BIND,UP,E_bases,151,151,0.42828250783201804,0.3974461672681127,0.4591188483959236,0.26785034635000393,0.7891832229580573,0.7516556291390728,0.8278145695364238,0.7501367033234096,ok,False
g_nf,BIND,UP,E_bases_endorsed,113,113,0.4166392877960894,0.3800116580997298,0.44880292512320447,0.26056860950055954,,,,,ok,False
g_nf,BIND,ALL,all,314,174,0.43662992486364854,0.4111958493436581,0.4611747677625125,0.2730708690240867,0.7878352490421456,0.7528735632183908,0.8208931992337164,0.7690545698109392,ok,False
g_nf,BIND,ALL,E_bases,314,174,0.43662992486364854,0.4111958493436581,0.4611747677625125,0.2730708690240867,0.7878352490421456,0.7528735632183908,0.8208931992337164,0.7690545698109392,ok,False
g_nf,BIND,ALL,E_bases_endorsed,234,132,0.4377706126209122,0.4080909637507607,0.46541227169092775,0.27378426171529624,,,,,ok,False
g_nf,MEANING_RENAME,DOWN,all,169,169,0.15612798072494066,0.11939198526024873,0.1928639761896326,0.0976433380942665,0.46252465483234706,0.44280078895463515,0.4802761341222879,0.48555761507568734,ok,False
g_nf,MEANING_RENAME,DOWN,E_bases,169,169,0.15612798072494066,0.11939198526024873,0.1928639761896326,0.0976433380942665,0.46252465483234706,0.44280078895463515,0.4802761341222879,0.48555761507568734,ok,False
g_nf,MEANING_RENAME,DOWN,E_bases_endorsed,126,126,0.11907613344739092,0.08212147134302823,0.160136869118905,0.07447089947089948,,,,,ok,False
g_nf,MEANING_RENAME,UP,all,149,149,0.15625125587750674,0.12144194831812884,0.1944460073142306,0.0977204350844712,0.48881431767337813,0.47203579418344516,0.5067114093959731,0.48443674339835663,ok,False
g_nf,MEANING_RENAME,UP,E_bases,149,149,0.15625125587750674,0.12144194831812884,0.1944460073142306,0.0977204350844712,0.48881431767337813,0.47203579418344516,0.5067114093959731,0.48443674339835663,ok,False
g_nf,MEANING_RENAME,UP,E_bases_endorsed,113,113,0.11903979651316836,0.07783371310476393,0.1602458799215728,0.074448174143017,,,,,ok,False
g_nf,MEANING_RENAME,ALL,all,318,184,0.15618574172409896,0.12135676529676803,0.1928069327184141,0.09767946215571462,0.47690217391304346,0.46239809782608693,0.4904891304347826,0.49710798825361724,ok,False
g_nf,MEANING_RENAME,ALL,E_bases,318,184,0.15618574172409896,0.12135676529676803,0.1928069327184141,0.09767946215571462,0.47690217391304346,0.46239809782608693,0.4904891304347826,0.49710798825361724,ok,False
g_nf,MEANING_RENAME,ALL,E_bases_endorsed,239,141,0.11905895322326059,0.08250837354890463,0.15886299503165352,0.07446015485980859,,,,,ok,False
g_nf,SCOPE,DOWN,all,0,0,,,,,,,,,absent (0 rows),
g_nf,SCOPE,DOWN,E_bases,0,0,,,,,,,,,absent (0 rows),
g_nf,SCOPE,DOWN,E_bases_endorsed,0,0,,,,,,,,,absent (0 rows),
g_nf,SCOPE,UP,all,0,0,,,,,,,,,absent (0 rows),
g_nf,SCOPE,UP,E_bases,0,0,,,,,,,,,absent (0 rows),
g_nf,SCOPE,UP,E_bases_endorsed,0,0,,,,,,,,,absent (0 rows),
g_nf,SCOPE,ALL,all,0,0,,,,,,,,,absent (0 rows),
g_nf,SCOPE,ALL,E_bases,0,0,,,,,,,,,absent (0 rows),
g_nf,SCOPE,ALL,E_bases_endorsed,0,0,,,,,,,,,absent (0 rows),
g_nf,UNGLUE,DOWN,all,0,0,,,,,,,,,absent (0 rows),
g_nf,UNGLUE,DOWN,E_bases,0,0,,,,,,,,,absent (0 rows),
g_nf,UNGLUE,DOWN,E_bases_endorsed,0,0,,,,,,,,,absent (0 rows),
g_nf,UNGLUE,UP,all,0,0,,,,,,,,,absent (0 rows),
g_nf,UNGLUE,UP,E_bases,0,0,,,,,,,,,absent (0 rows),
g_nf,UNGLUE,UP,E_bases_endorsed,0,0,,,,,,,,,absent (0 rows),
g_nf,UNGLUE,ALL,all,0,0,,,,,,,,,absent (0 rows),
g_nf,UNGLUE,ALL,E_bases,0,0,,,,,,,,,absent (0 rows),
g_nf,UNGLUE,ALL,E_bases_endorsed,0,0,,,,,,,,,absent (0 rows),
g_nf,ADD[ADD_FOREIGN],ALL,all,357,179,0.23911840185175867,0.2086851507069894,0.2710180596508499,0.14954602530667443,0.6983240223463687,0.6634078212290503,0.7337174115456236,0.6332100202509846,ok,False
g_nf,ADD[ADD_FOREIGN],ALL,E_bases,357,179,0.23911840185175867,0.2086851507069894,0.2710180596508499,0.14954602530667443,0.6983240223463687,0.6634078212290503,0.7337174115456236,0.6332100202509846,ok,False
g_nf,ADD[ADD_FOREIGN],ALL,E_bases_endorsed,265,133,0.22451700372839228,0.1906082571698708,0.25868263473053893,0.14041422684883975,,,,,ok,False
g_nf,ADD[ADD_INTERNAL],ALL,all,115,80,0.21594376464462378,0.15883101506801475,0.2741593735605712,0.13505247376311846,0.6572916666666666,0.58125,0.73125,0.6007608695652175,ok,False
g_nf,ADD[ADD_INTERNAL],ALL,E_bases,115,80,0.21594376464462378,0.15883101506801475,0.2741593735605712,0.13505247376311846,0.6572916666666666,0.58125,0.73125,0.6007608695652175,ok,False
g_nf,ADD[ADD_INTERNAL],ALL,E_bases_endorsed,82,60,0.18927997663210164,0.12442962176912,0.2523733021761355,0.11837678721614805,,,,,ok,False
g_hyb,NEG,DOWN,all,181,181,0.4508287292817679,0.4213627992633517,0.4773480662983425,0.27994475138121544,0.8259668508287292,0.787292817679558,0.8591160220994475,0.8006843766875753,ok,False
g_hyb,NEG,DOWN,E_bases,181,181,0.4508287292817679,0.4213627992633517,0.4773480662983425,0.27994475138121544,0.8259668508287292,0.787292817679558,0.8591160220994475,0.8006843766875753,ok,False
g_hyb,NEG,DOWN,E_bases_endorsed,135,135,0.4582716049382717,0.4266666666666667,0.4898765432098765,0.284566448801743,,,,,ok,False
g_hyb,NEG,UP,all,198,198,0.4659932659932659,0.4417508417508416,0.49023569023569014,0.28936125965537723,0.8417508417508418,0.8080808080808081,0.8754208754208753,0.8090003050038574,ok,False
g_hyb,NEG,UP,E_bases,198,198,0.4659932659932659,0.4417508417508416,0.49023569023569014,0.28936125965537723,0.8417508417508418,0.8080808080808081,0.8754208754208753,0.8090003050038574,ok,False
g_hyb,NEG,UP,E_bases_endorsed,152,152,0.46315789473684216,0.431578947368421,0.4912280701754386,0.2876006191950464,,,,,ok,False
g_hyb,NEG,ALL,all,379,198,0.4587510993843447,0.4372434942289903,0.48043211945189146,0.28486419369858756,0.84006734006734,0.8068181818181818,0.8724852693602694,0.8097475360512145,ok,False
g_hyb,NEG,ALL,E_bases,379,198,0.4587510993843447,0.4372434942289903,0.48043211945189146,0.28486419369858756,0.84006734006734,0.8068181818181818,0.8724852693602694,0.8097475360512145,ok,False
g_hyb,NEG,ALL,E_bases_endorsed,287,152,0.46085946573751446,0.4358581726086109,0.48451132526151053,0.28617339618774335,,,,,ok,False
g_hyb,REV,DOWN,all,0,0,,,,,,,,,absent (0 rows),
g_hyb,REV,DOWN,E_bases,0,0,,,,,,,,,absent (0 rows),
g_hyb,REV,DOWN,E_bases_endorsed,0,0,,,,,,,,,absent (0 rows),
g_hyb,REV,UP,all,179,179,0.4260707635009311,0.3962756052141526,0.45586592178770946,0.26457114689451194,0.8184357541899442,0.776536312849162,0.8548184357541896,0.7884607245640766,ok,False
g_hyb,REV,UP,E_bases,179,179,0.4260707635009311,0.3962756052141526,0.45586592178770946,0.26457114689451194,0.8184357541899442,0.776536312849162,0.8548184357541896,0.7884607245640766,ok,False
g_hyb,REV,UP,E_bases_endorsed,133,133,0.4411027568922306,0.4050125313283209,0.47318295739348376,0.2739053516143299,,,,,ok,False
g_hyb,REV,ALL,all,179,179,0.4260707635009311,0.3962756052141526,0.45586592178770946,0.26457114689451194,0.8184357541899442,0.776536312849162,0.8548184357541896,0.7884607245640766,ok,False
g_hyb,REV,ALL,E_bases,179,179,0.4260707635009311,0.3962756052141526,0.45586592178770946,0.26457114689451194,0.8184357541899442,0.776536312849162,0.8548184357541896,0.7884607245640766,ok,False
g_hyb,REV,ALL,E_bases_endorsed,133,133,0.4411027568922306,0.4050125313283209,0.47318295739348376,0.2739053516143299,,,,,ok,False
g_hyb,QUANT,DOWN,all,0,0,,,,,,,,,absent (0 rows),
g_hyb,QUANT,DOWN,E_bases,0,0,,,,,,,,,absent (0 rows),
g_hyb,QUANT,DOWN,E_bases_endorsed,0,0,,,,,,,,,absent (0 rows),
g_hyb,QUANT,UP,all,179,179,0.41117318435754185,0.3783985102420856,0.44394785847299817,0.2553204074926059,0.723463687150838,0.6787709497206704,0.7653631284916201,0.751142230184559,ok,False
g_hyb,QUANT,UP,E_bases,179,179,0.41117318435754185,0.3783985102420856,0.44394785847299817,0.2553204074926059,0.723463687150838,0.6787709497206704,0.7653631284916201,0.751142230184559,ok,False
g_hyb,QUANT,UP,E_bases_endorsed,133,133,0.41303258145363414,0.37293233082706767,0.45313283208020044,0.2564750110570544,,,,,ok,False
g_hyb,QUANT,ALL,all,179,179,0.41117318435754185,0.3783985102420856,0.44394785847299817,0.2553204074926059,0.723463687150838,0.6787709497206704,0.7653631284916201,0.751142230184559,ok,False
g_hyb,QUANT,ALL,E_bases,179,179,0.41117318435754185,0.3783985102420856,0.44394785847299817,0.2553204074926059,0.723463687150838,0.6787709497206704,0.7653631284916201,0.751142230184559,ok,False
g_hyb,QUANT,ALL,E_bases_endorsed,133,133,0.41303258145363414,0.37293233082706767,0.45313283208020044,0.2564750110570544,,,,,ok,False
g_hyb,RESTR,DOWN,all,0,0,,,,,,,,,absent (0 rows),
g_hyb,RESTR,DOWN,E_bases,0,0,,,,,,,,,absent (0 rows),
g_hyb,RESTR,DOWN,E_bases_endorsed,0,0,,,,,,,,,absent (0 rows),
g_hyb,RESTR,UP,all,177,177,0.47005649717514125,0.4459510357815442,0.49416195856873824,0.2918843469591226,0.8267419962335215,0.7871939736346516,0.8625470809792843,0.8108154821704421,ok,False
g_hyb,RESTR,UP,E_bases,177,177,0.47005649717514125,0.4459510357815442,0.49416195856873824,0.2918843469591226,0.8267419962335215,0.7871939736346516,0.8625470809792843,0.8108154821704421,ok,False
g_hyb,RESTR,UP,E_bases_endorsed,132,132,0.4808080808080808,0.45252525252525255,0.505050505050505,0.298560606060606,,,,,ok,False
g_hyb,RESTR,ALL,all,177,177,0.47005649717514125,0.4459510357815442,0.49416195856873824,0.2918843469591226,0.8267419962335215,0.7871939736346516,0.8625470809792843,0.8108154821704421,ok,False
g_hyb,RESTR,ALL,E_bases,177,177,0.47005649717514125,0.4459510357815442,0.49416195856873824,0.2918843469591226,0.8267419962335215,0.7871939736346516,0.8625470809792843,0.8108154821704421,ok,False
g_hyb,RESTR,ALL,E_bases_endorsed,132,132,0.4808080808080808,0.45252525252525255,0.505050505050505,0.298560606060606,,,,,ok,False
g_hyb,CONN,DOWN,all,140,140,0.4876190476190475,0.46095238095238095,0.5104761904761904,0.3027899159663865,0.7988095238095239,0.755952380952381,0.8369047619047619,0.7889625850340136,ok,False
g_hyb,CONN,DOWN,E_bases,140,140,0.4876190476190475,0.46095238095238095,0.5104761904761904,0.3027899159663865,0.7988095238095239,0.755952380952381,0.8369047619047619,0.7889625850340136,ok,False
g_hyb,CONN,DOWN,E_bases_endorsed,99,99,0.4902356902356902,0.4631649831649831,0.5171717171717171,0.30441473559120613,,,,,ok,False
g_hyb,CONN,UP,all,187,187,0.4449197860962566,0.41639928698752227,0.47058823529411764,0.2762755583516829,0.805704099821747,0.7691622103386808,0.8431372549019608,0.7935073238781679,ok,False
g_hyb,CONN,UP,E_bases,187,187,0.4449197860962566,0.41639928698752227,0.47058823529411764,0.2762755583516829,0.805704099821747,0.7691622103386808,0.8431372549019608,0.7935073238781679,ok,False
g_hyb,CONN,UP,E_bases_endorsed,141,141,0.4463356973995272,0.41607565011820324,0.476595744680851,0.27715477680433875,,,,,ok,False
g_hyb,CONN,ALL,all,327,187,0.46320081549439346,0.440128258582008,0.48308004052684894,0.28762727109192293,0.805704099821747,0.7696078431372548,0.8413547237076647,0.8047494792359172,ok,False
g_hyb,CONN,ALL,E_bases,327,187,0.46320081549439346,0.440128258582008,0.48308004052684894,0.28762727109192293,0.805704099821747,0.7696078431372548,0.8413547237076647,0.8047494792359172,ok,False
g_hyb,CONN,ALL,E_bases_endorsed,240,141,0.4644444444444444,0.43921568627450985,0.487057103016699,0.2883995098039215,,,,,ok,False
g_hyb,MOVE,DOWN,all,0,0,,,,,,,,,absent (0 rows),
g_hyb,MOVE,DOWN,E_bases,0,0,,,,,,,,,absent (0 rows),
g_hyb,MOVE,DOWN,E_bases_endorsed,0,0,,,,,,,,,absent (0 rows),
g_hyb,MOVE,UP,all,6,6,0.17777777777777778,0.0,0.35555555555555557,0.1103921568627451,0.7222222222222222,0.5,0.9166666666666666,0.7777777777777778,untestable (<30 rows),False
g_hyb,MOVE,UP,E_bases,6,6,0.17777777777777778,0.0,0.35555555555555557,0.1103921568627451,0.7222222222222222,0.5,0.9166666666666666,0.7777777777777778,untestable (<30 rows),False
g_hyb,MOVE,UP,E_bases_endorsed,5,5,0.21333333333333332,0.0,0.42666666666666664,0.13247058823529412,,,,,untestable (<30 rows),False
g_hyb,MOVE,ALL,all,6,6,0.17777777777777778,0.0,0.35555555555555557,0.1103921568627451,0.7222222222222222,0.5,0.9166666666666666,0.7777777777777778,untestable (<30 rows),False
g_hyb,MOVE,ALL,E_bases,6,6,0.17777777777777778,0.0,0.35555555555555557,0.1103921568627451,0.7222222222222222,0.5,0.9166666666666666,0.7777777777777778,untestable (<30 rows),False
g_hyb,MOVE,ALL,E_bases_endorsed,5,5,0.21333333333333332,0.0,0.42666666666666664,0.13247058823529412,,,,,untestable (<30 rows),False
g_hyb,DROP,DOWN,all,140,140,0.3542857142857143,0.31238095238095237,0.3961904761904762,0.21999579831932772,0.761904761904762,0.7154761904761904,0.8047619047619048,0.7116751700680273,ok,False
g_hyb,DROP,DOWN,E_bases,140,140,0.3542857142857143,0.31238095238095237,0.3961904761904762,0.21999579831932772,0.761904761904762,0.7154761904761904,0.8047619047619048,0.7116751700680273,ok,False
g_hyb,DROP,DOWN,E_bases_endorsed,99,99,0.36632996632996623,0.3177104377104377,0.4148148148148148,0.22747474747474747,,,,,ok,False
g_hyb,DROP,UP,all,51,51,0.2300653594771242,0.1568627450980392,0.3032679738562091,0.14286043829296424,0.65359477124183,0.5457516339869282,0.7549019607843137,0.663526848647956,ok,False
g_hyb,DROP,UP,E_bases,51,51,0.2300653594771242,0.1568627450980392,0.3032679738562091,0.14286043829296424,0.65359477124183,0.5457516339869282,0.7549019607843137,0.663526848647956,ok,False
g_hyb,DROP,UP,E_bases_endorsed,39,39,0.2188034188034188,0.13675213675213677,0.3008547008547009,0.13586726998491705,,,,,ok,False
g_hyb,DROP,ALL,all,191,168,0.32111692844677137,0.2838709677419355,0.35844482173174863,0.1993994456421312,0.7346230158730158,0.6850074404761904,0.7787698412698412,0.7038300922463225,ok,False
g_hyb,DROP,ALL,E_bases,191,168,0.32111692844677137,0.2838709677419355,0.35844482173174863,0.1993994456421312,0.7346230158730158,0.6850074404761904,0.7787698412698412,0.7038300922463225,ok,False
g_hyb,DROP,ALL,E_bases_endorsed,138,124,0.32463768115942027,0.2816654311835928,0.3692380952380951,0.20158567774936056,,,,,ok,False
g_hyb,ADD,DOWN,all,238,178,0.2890756302521008,0.24888888888888888,0.32994350282485874,0.17950321304992584,0.5833333333333334,0.5369733146067416,0.6292134831460674,0.6392745311052178,ok,False
g_hyb,ADD,DOWN,E_bases,238,178,0.2890756302521008,0.24888888888888888,0.32994350282485874,0.17950321304992584,0.5833333333333334,0.5369733146067416,0.6292134831460674,0.6392745311052178,ok,False
g_hyb,ADD,DOWN,E_bases_endorsed,175,132,0.28952380952380957,0.24268326753720015,0.3337062084136474,0.17978151260504202,,,,,ok,False
g_hyb,ADD,UP,all,234,179,0.19373219373219372,0.15699172172856382,0.23248164464023496,0.12029914529914529,0.8054003724394787,0.7653631284916201,0.8463919925512102,0.6134749185033815,ok,False
g_hyb,ADD,UP,E_bases,234,179,0.19373219373219372,0.15699172172856382,0.23248164464023496,0.12029914529914529,0.8054003724394787,0.7653631284916201,0.8463919925512102,0.6134749185033815,ok,False
g_hyb,ADD,UP,E_bases_endorsed,172,133,0.15813953488372096,0.11751277912294861,0.2012047017076957,0.09819767441860465,,,,,ok,False
g_hyb,ADD,ALL,all,472,179,0.24180790960451978,0.20989247311827955,0.27662621023513134,0.15015204386839479,0.6959186840471757,0.6606067659838609,0.731300434512725,0.6268271797510694,ok,False
g_hyb,ADD,ALL,E_bases,472,179,0.24180790960451978,0.20989247311827955,0.27662621023513134,0.15015204386839479,0.6959186840471757,0.6606067659838609,0.731300434512725,0.6268271797510694,ok,False
g_hyb,ADD,ALL,E_bases_endorsed,347,133,0.22439961575408263,0.18786069651741294,0.26122682884041865,0.13934226140023734,,,,,ok,False
g_hyb,SWAP,DOWN,all,63,63,0.4994708994708996,0.4656084656084657,0.5248677248677248,0.3101493930905696,0.7777777777777778,0.7142857142857143,0.8333333333333334,0.7724301841948902,ok,False
g_hyb,SWAP,DOWN,E_bases,63,63,0.4994708994708996,0.4656084656084657,0.5248677248677248,0.3101493930905696,0.7777777777777778,0.7142857142857143,0.8333333333333334,0.7724301841948902,ok,False
g_hyb,SWAP,DOWN,E_bases_endorsed,48,48,0.5,0.45555555555555555,0.5333333333333333,0.3104779411764706,,,,,ok,False
g_hyb,SWAP,UP,all,53,53,0.36226415094339637,0.3018867924528302,0.42264150943396245,0.22495005549389574,0.8553459119496856,0.7892295597484276,0.9182389937106917,0.7761759234653203,ok,False
g_hyb,SWAP,UP,E_bases,53,53,0.36226415094339637,0.3018867924528302,0.42264150943396245,0.22495005549389574,0.8553459119496856,0.7892295597484276,0.9182389937106917,0.7761759234653203,ok,False
g_hyb,SWAP,UP,E_bases_endorsed,44,44,0.3393939393939394,0.26666666666666666,0.41212121212121217,0.21074866310160434,,,,,ok,False
g_hyb,SWAP,ALL,all,116,89,0.4367816091954022,0.3929824561403509,0.4750700280112044,0.27122210953346854,0.8127340823970038,0.7602996254681649,0.8632958801498128,0.771293103448276,ok,False
g_hyb,SWAP,ALL,E_bases,116,89,0.4367816091954022,0.3929824561403509,0.4750700280112044,0.27122210953346854,0.8127340823970038,0.7602996254681649,0.8632958801498128,0.771293103448276,ok,False
g_hyb,SWAP,ALL,E_bases_endorsed,92,73,0.4231884057971013,0.37394478018722593,0.46668539325842684,0.26278132992327363,,,,,ok,False
g_hyb,BIND,DOWN,all,163,163,0.4580777096114519,0.4286298568507158,0.48425357873210634,0.2844460483579935,0.8026584867075666,0.7648261758691207,0.8394938650306748,0.7828627316490746,ok,False
g_hyb,BIND,DOWN,E_bases,163,163,0.4580777096114519,0.4286298568507158,0.48425357873210634,0.2844460483579935,0.8026584867075666,0.7648261758691207,0.8394938650306748,0.7828627316490746,ok,False
g_hyb,BIND,DOWN,E_bases_endorsed,121,121,0.47162534435261705,0.4407713498622589,0.5024793388429751,0.292858531842489,,,,,ok,False
g_hyb,BIND,UP,all,151,151,0.4415011037527594,0.4097130242825607,0.473289183222958,0.2741527074405921,0.7935982339955849,0.7549668874172185,0.8311258278145696,0.7551415638860197,ok,False
g_hyb,BIND,UP,E_bases,151,151,0.4415011037527594,0.4097130242825607,0.473289183222958,0.2741527074405921,0.7935982339955849,0.7549668874172185,0.8311258278145696,0.7551415638860197,ok,False
g_hyb,BIND,UP,E_bases_endorsed,113,113,0.4294985250737463,0.39174041297935097,0.4626548672566365,0.26669963560645493,,,,,ok,False
g_hyb,BIND,ALL,all,314,174,0.4501061571125265,0.42388707926167196,0.4754085568909848,0.2794960659423005,0.7916666666666666,0.75621408045977,0.8247246168582374,0.7734240723890405,ok,False
g_hyb,BIND,ALL,E_bases,314,174,0.4501061571125265,0.42388707926167196,0.4754085568909848,0.2794960659423005,0.7916666666666666,0.75621408045977,0.8247246168582374,0.7734240723890405,ok,False
g_hyb,BIND,ALL,E_bases_endorsed,234,132,0.4512820512820512,0.42068636386652486,0.4797768479776848,0.2802262443438914,,,,,ok,False
g_hyb,MEANING_RENAME,DOWN,all,169,169,0.1609467455621302,0.12307692307692308,0.1988165680473373,0.09994082840236687,0.4694280078895463,0.44970414201183434,0.4871794871794872,0.49007865782657256,ok,False
g_hyb,MEANING_RENAME,DOWN,E_bases,169,169,0.1609467455621302,0.12307692307692308,0.1988165680473373,0.09994082840236687,0.4694280078895463,0.44970414201183434,0.4871794871794872,0.49007865782657256,ok,False
g_hyb,MEANING_RENAME,DOWN,E_bases_endorsed,126,126,0.12275132275132275,0.08465608465608467,0.16507936507936505,0.0762231559290383,,,,,ok,False
g_hyb,MEANING_RENAME,UP,all,149,149,0.1610738255033557,0.12519015659955254,0.2004474272930649,0.10001973943939992,0.4955257270693512,0.4787472035794183,0.5145413870246084,0.4883177570093458,ok,False
g_hyb,MEANING_RENAME,UP,E_bases,149,149,0.1610738255033557,0.12519015659955254,0.2004474272930649,0.10001973943939992,0.4955257270693512,0.4787472035794183,0.5145413870246084,0.4883177570093458,ok,False
g_hyb,MEANING_RENAME,UP,E_bases_endorsed,113,113,0.12271386430678466,0.08023598820058997,0.16519174041297935,0.07619989588755856,,,,,ok,False
g_hyb,MEANING_RENAME,ALL,all,318,184,0.16100628930817612,0.12510234447259422,0.19875776397515527,0.0999778024417314,0.48324275362318836,0.4691915760869565,0.49728260869565216,0.5012037664514748,ok,False
g_hyb,MEANING_RENAME,ALL,E_bases,318,184,0.16100628930817612,0.12510234447259422,0.19875776397515527,0.0999778024417314,0.48324275362318836,0.4691915760869565,0.49728260869565216,0.5012037664514748,ok,False
g_hyb,MEANING_RENAME,ALL,E_bases_endorsed,239,141,0.12273361227336123,0.08505492828806835,0.1637661738906552,0.07621215850356879,,,,,ok,False
g_hyb,SCOPE,DOWN,all,0,0,,,,,,,,,absent (0 rows),
g_hyb,SCOPE,DOWN,E_bases,0,0,,,,,,,,,absent (0 rows),
g_hyb,SCOPE,DOWN,E_bases_endorsed,0,0,,,,,,,,,absent (0 rows),
g_hyb,SCOPE,UP,all,0,0,,,,,,,,,absent (0 rows),
g_hyb,SCOPE,UP,E_bases,0,0,,,,,,,,,absent (0 rows),
g_hyb,SCOPE,UP,E_bases_endorsed,0,0,,,,,,,,,absent (0 rows),
g_hyb,SCOPE,ALL,all,0,0,,,,,,,,,absent (0 rows),
g_hyb,SCOPE,ALL,E_bases,0,0,,,,,,,,,absent (0 rows),
g_hyb,SCOPE,ALL,E_bases_endorsed,0,0,,,,,,,,,absent (0 rows),
g_hyb,UNGLUE,DOWN,all,0,0,,,,,,,,,absent (0 rows),
g_hyb,UNGLUE,DOWN,E_bases,0,0,,,,,,,,,absent (0 rows),
g_hyb,UNGLUE,DOWN,E_bases_endorsed,0,0,,,,,,,,,absent (0 rows),
g_hyb,UNGLUE,UP,all,0,0,,,,,,,,,absent (0 rows),
g_hyb,UNGLUE,UP,E_bases,0,0,,,,,,,,,absent (0 rows),
g_hyb,UNGLUE,UP,E_bases_endorsed,0,0,,,,,,,,,absent (0 rows),
g_hyb,UNGLUE,ALL,all,0,0,,,,,,,,,absent (0 rows),
g_hyb,UNGLUE,ALL,E_bases,0,0,,,,,,,,,absent (0 rows),
g_hyb,UNGLUE,ALL,E_bases_endorsed,0,0,,,,,,,,,absent (0 rows),
g_hyb,ADD[ADD_FOREIGN],ALL,all,357,179,0.24649859943977592,0.21451781641663004,0.2786516853932584,0.15306475531389024,0.7015828677839852,0.6675977653631285,0.7369762569832401,0.6376057064191901,ok,False
g_hyb,ADD[ADD_FOREIGN],ALL,E_bases,357,179,0.24649859943977592,0.21451781641663004,0.2786516853932584,0.15306475531389024,0.7015828677839852,0.6675977653631285,0.7369762569832401,0.6376057064191901,ok,False
g_hyb,ADD[ADD_FOREIGN],ALL,E_bases_endorsed,265,133,0.23144654088050312,0.19649122807017547,0.2656603773584905,0.1437180910099889,,,,,ok,False
g_hyb,ADD[ADD_INTERNAL],ALL,all,115,80,0.2272463768115942,0.17011494252873563,0.28783256075291475,0.14110997442455242,0.6697916666666666,0.59375,0.742734375,0.6110507246376812,ok,False
g_hyb,ADD[ADD_INTERNAL],ALL,E_bases,115,80,0.2272463768115942,0.17011494252873563,0.28783256075291475,0.14110997442455242,0.6697916666666666,0.59375,0.742734375,0.6110507246376812,ok,False
g_hyb,ADD[ADD_INTERNAL],ALL,E_bases_endorsed,82,60,0.20162601626016263,0.13333333333333336,0.2638095238095235,0.12520086083213774,,,,,ok,False
parse_fail,NEG,DOWN,all,283,283,0.09999999999999999,0.09999999999999999,0.09999999999999999,0.09999999999999999,0.5,0.5,0.5,0.5,ok,True
parse_fail,NEG,DOWN,E_bases,183,183,0.09999999999999998,0.09999999999999998,0.09999999999999998,0.09999999999999998,0.5,0.5,0.5,0.5,ok,True
parse_fail,NEG,DOWN,E_bases_endorsed,135,135,0.09999999999999998,0.09999999999999998,0.09999999999999998,0.09999999999999998,,,,,ok,True
parse_fail,NEG,UP,all,300,300,0.09999999999999999,0.09999999999999999,0.09999999999999999,0.09999999999999999,0.5,0.5,0.5,0.5,ok,True
parse_fail,NEG,UP,E_bases,200,200,0.1,0.1,0.1,0.1,0.5,0.5,0.5,0.5,ok,True
parse_fail,NEG,UP,E_bases_endorsed,152,152,0.09999999999999999,0.09999999999999999,0.09999999999999999,0.09999999999999999,,,,,ok,True
parse_fail,NEG,ALL,all,583,300,0.09999999999999998,0.09999999999999998,0.1,0.09999999999999998,0.5,0.5,0.5,0.5,ok,True
parse_fail,NEG,ALL,E_bases,383,200,0.09999999999999999,0.09999999999999999,0.10000000000000002,0.09999999999999999,0.5,0.5,0.5,0.5,ok,True
parse_fail,NEG,ALL,E_bases_endorsed,287,152,0.09999999999999999,0.09999999999999998,0.1,0.09999999999999999,,,,,ok,True
parse_fail,REV,DOWN,all,0,0,,,,,,,,,absent (0 rows),
parse_fail,REV,DOWN,E_bases,0,0,,,,,,,,,absent (0 rows),
parse_fail,REV,DOWN,E_bases_endorsed,0,0,,,,,,,,,absent (0 rows),
parse_fail,REV,UP,all,281,281,0.09999999999999998,0.09999999999999998,0.09999999999999998,0.09999999999999998,0.5,0.5,0.5,0.5,ok,True
parse_fail,REV,UP,E_bases,181,181,0.09999999999999996,0.09999999999999996,0.09999999999999996,0.09999999999999996,0.5,0.5,0.5,0.5,ok,True
parse_fail,REV,UP,E_bases_endorsed,133,133,0.09999999999999998,0.09999999999999998,0.09999999999999998,0.09999999999999998,,,,,ok,True
parse_fail,REV,ALL,all,281,281,0.09999999999999998,0.09999999999999998,0.09999999999999998,0.09999999999999998,0.5,0.5,0.5,0.5,ok,True
parse_fail,REV,ALL,E_bases,181,181,0.09999999999999996,0.09999999999999996,0.09999999999999996,0.09999999999999996,0.5,0.5,0.5,0.5,ok,True
parse_fail,REV,ALL,E_bases_endorsed,133,133,0.09999999999999998,0.09999999999999998,0.09999999999999998,0.09999999999999998,,,,,ok,True
parse_fail,QUANT,DOWN,all,0,0,,,,,,,,,absent (0 rows),
parse_fail,QUANT,DOWN,E_bases,0,0,,,,,,,,,absent (0 rows),
parse_fail,QUANT,DOWN,E_bases_endorsed,0,0,,,,,,,,,absent (0 rows),
parse_fail,QUANT,UP,all,281,281,0.09999999999999998,0.09999999999999998,0.09999999999999998,0.09999999999999998,0.5,0.5,0.5,0.5,ok,True
parse_fail,QUANT,UP,E_bases,181,181,0.09999999999999996,0.09999999999999996,0.09999999999999996,0.09999999999999996,0.5,0.5,0.5,0.5,ok,True
parse_fail,QUANT,UP,E_bases_endorsed,133,133,0.09999999999999998,0.09999999999999998,0.09999999999999998,0.09999999999999998,,,,,ok,True
parse_fail,QUANT,ALL,all,281,281,0.09999999999999998,0.09999999999999998,0.09999999999999998,0.09999999999999998,0.5,0.5,0.5,0.5,ok,True
parse_fail,QUANT,ALL,E_bases,181,181,0.09999999999999996,0.09999999999999996,0.09999999999999996,0.09999999999999996,0.5,0.5,0.5,0.5,ok,True
parse_fail,QUANT,ALL,E_bases_endorsed,133,133,0.09999999999999998,0.09999999999999998,0.09999999999999998,0.09999999999999998,,,,,ok,True
parse_fail,RESTR,DOWN,all,0,0,,,,,,,,,absent (0 rows),
parse_fail,RESTR,DOWN,E_bases,0,0,,,,,,,,,absent (0 rows),
parse_fail,RESTR,DOWN,E_bases_endorsed,0,0,,,,,,,,,absent (0 rows),
parse_fail,RESTR,UP,all,279,279,0.09999999999999998,0.09999999999999998,0.09999999999999998,0.09999999999999998,0.5,0.5,0.5,0.5,ok,True
parse_fail,RESTR,UP,E_bases,179,179,0.09999999999999999,0.09999999999999999,0.09999999999999999,0.09999999999999999,0.5,0.5,0.5,0.5,ok,True
parse_fail,RESTR,UP,E_bases_endorsed,132,132,0.09999999999999998,0.09999999999999998,0.09999999999999998,0.09999999999999998,,,,,ok,True
parse_fail,RESTR,ALL,all,279,279,0.09999999999999998,0.09999999999999998,0.09999999999999998,0.09999999999999998,0.5,0.5,0.5,0.5,ok,True
parse_fail,RESTR,ALL,E_bases,179,179,0.09999999999999999,0.09999999999999999,0.09999999999999999,0.09999999999999999,0.5,0.5,0.5,0.5,ok,True
parse_fail,RESTR,ALL,E_bases_endorsed,132,132,0.09999999999999998,0.09999999999999998,0.09999999999999998,0.09999999999999998,,,,,ok,True
parse_fail,CONN,DOWN,all,241,241,0.1,0.1,0.1,0.1,0.5,0.5,0.5,0.5,ok,True
parse_fail,CONN,DOWN,E_bases,141,141,0.09999999999999999,0.09999999999999999,0.09999999999999999,0.09999999999999999,0.5,0.5,0.5,0.5,ok,True
parse_fail,CONN,DOWN,E_bases_endorsed,99,99,0.09999999999999999,0.09999999999999999,0.09999999999999999,0.09999999999999999,,,,,ok,True
parse_fail,CONN,UP,all,289,289,0.09999999999999999,0.09999999999999999,0.09999999999999999,0.09999999999999999,0.5,0.5,0.5,0.5,ok,True
parse_fail,CONN,UP,E_bases,189,189,0.09999999999999999,0.09999999999999999,0.09999999999999999,0.09999999999999999,0.5,0.5,0.5,0.5,ok,True
parse_fail,CONN,UP,E_bases_endorsed,141,141,0.09999999999999999,0.09999999999999999,0.09999999999999999,0.09999999999999999,,,,,ok,True
parse_fail,CONN,ALL,all,530,289,0.1,0.09999999999999998,0.1,0.1,0.5,0.5,0.5,0.5,ok,True
parse_fail,CONN,ALL,E_bases,330,189,0.09999999999999998,0.09999999999999998,0.10000000000000002,0.09999999999999998,0.5,0.5,0.5,0.5,ok,True
parse_fail,CONN,ALL,E_bases_endorsed,240,141,0.10000000000000002,0.09999999999999998,0.1,0.10000000000000002,,,,,ok,True
parse_fail,MOVE,DOWN,all,0,0,,,,,,,,,absent (0 rows),
parse_fail,MOVE,DOWN,E_bases,0,0,,,,,,,,,absent (0 rows),
parse_fail,MOVE,DOWN,E_bases_endorsed,0,0,,,,,,,,,absent (0 rows),
parse_fail,MOVE,UP,all,6,6,0.09999999999999999,0.09999999999999999,0.09999999999999999,0.09999999999999999,0.5,0.5,0.5,0.5,untestable (<30 rows),True
parse_fail,MOVE,UP,E_bases,6,6,0.09999999999999999,0.09999999999999999,0.09999999999999999,0.09999999999999999,0.5,0.5,0.5,0.5,untestable (<30 rows),True
parse_fail,MOVE,UP,E_bases_endorsed,5,5,0.1,0.1,0.1,0.1,,,,,untestable (<30 rows),True
parse_fail,MOVE,ALL,all,6,6,0.09999999999999999,0.09999999999999999,0.09999999999999999,0.09999999999999999,0.5,0.5,0.5,0.5,untestable (<30 rows),True
parse_fail,MOVE,ALL,E_bases,6,6,0.09999999999999999,0.09999999999999999,0.09999999999999999,0.09999999999999999,0.5,0.5,0.5,0.5,untestable (<30 rows),True
parse_fail,MOVE,ALL,E_bases_endorsed,5,5,0.1,0.1,0.1,0.1,,,,,untestable (<30 rows),True
parse_fail,DROP,DOWN,all,241,241,0.1,0.1,0.1,0.1,0.5,0.5,0.5,0.5,ok,True
parse_fail,DROP,DOWN,E_bases,141,141,0.09999999999999999,0.09999999999999999,0.09999999999999999,0.09999999999999999,0.5,0.5,0.5,0.5,ok,True
parse_fail,DROP,DOWN,E_bases_endorsed,99,99,0.09999999999999999,0.09999999999999999,0.09999999999999999,0.09999999999999999,,,,,ok,True
parse_fail,DROP,UP,all,51,51,0.09999999999999998,0.09999999999999998,0.09999999999999998,0.09999999999999998,0.5,0.5,0.5,0.5,ok,True
parse_fail,DROP,UP,E_bases,51,51,0.09999999999999998,0.09999999999999998,0.09999999999999998,0.09999999999999998,0.5,0.5,0.5,0.5,ok,True
parse_fail,DROP,UP,E_bases_endorsed,39,39,0.10000000000000002,0.10000000000000002,0.10000000000000002,0.10000000000000002,,,,,ok,True
parse_fail,DROP,ALL,all,292,269,0.09999999999999999,0.09999999999999999,0.1,0.09999999999999999,0.5,0.5,0.5,0.5,ok,True
parse_fail,DROP,ALL,E_bases,192,169,0.09999999999999999,0.09999999999999998,0.10000000000000002,0.09999999999999999,0.5,0.5,0.5,0.5,ok,True
parse_fail,DROP,ALL,E_bases_endorsed,138,124,0.09999999999999998,0.09999999999999999,0.10000000000000002,0.09999999999999998,,,,,ok,True
parse_fail,ADD,DOWN,all,340,280,0.09999999999999998,0.09999999999999998,0.10000000000000002,0.09999999999999998,0.5,0.5,0.5,0.5,ok,True
parse_fail,ADD,DOWN,E_bases,240,180,0.10000000000000002,0.09999999999999998,0.1,0.10000000000000002,0.5,0.5,0.5,0.5,ok,True
parse_fail,ADD,DOWN,E_bases_endorsed,175,132,0.09999999999999998,0.09999999999999996,0.1,0.09999999999999998,,,,,ok,True
parse_fail,ADD,UP,all,421,281,0.09999999999999999,0.09999999999999999,0.10000000000000002,0.09999999999999999,0.5,0.5,0.5,0.5,ok,True
parse_fail,ADD,UP,E_bases,236,181,0.1,0.09999999999999998,0.1,0.1,0.5,0.5,0.5,0.5,ok,True
parse_fail,ADD,UP,E_bases_endorsed,172,133,0.09999999999999998,0.09999999999999996,0.1,0.09999999999999998,,,,,ok,True
parse_fail,ADD,ALL,all,761,281,0.09999999999999999,0.09999999999999999,0.10000000000000002,0.09999999999999999,0.5,0.5,0.5,0.5,ok,True
parse_fail,ADD,ALL,E_bases,476,181,0.10000000000000002,0.09999999999999999,0.10000000000000002,0.10000000000000002,0.5,0.5,0.5,0.5,ok,True
parse_fail,ADD,ALL,E_bases_endorsed,347,133,0.09999999999999999,0.09999999999999998,0.10000000000000002,0.09999999999999999,,,,,ok,True
parse_fail,SWAP,DOWN,all,134,134,0.09999999999999998,0.09999999999999998,0.09999999999999998,0.09999999999999998,0.5,0.5,0.5,0.5,ok,True
parse_fail,SWAP,DOWN,E_bases,65,65,0.09999999999999999,0.09999999999999999,0.09999999999999999,0.09999999999999999,0.5,0.5,0.5,0.5,ok,True
parse_fail,SWAP,DOWN,E_bases_endorsed,48,48,0.09999999999999999,0.09999999999999999,0.09999999999999999,0.09999999999999999,,,,,ok,True
parse_fail,SWAP,UP,all,108,108,0.09999999999999999,0.09999999999999999,0.09999999999999999,0.09999999999999999,0.5,0.5,0.5,0.5,ok,True
parse_fail,SWAP,UP,E_bases,55,55,0.09999999999999995,0.09999999999999995,0.09999999999999995,0.09999999999999995,0.5,0.5,0.5,0.5,ok,True
parse_fail,SWAP,UP,E_bases_endorsed,44,44,0.09999999999999996,0.09999999999999996,0.09999999999999996,0.09999999999999996,,,,,ok,True
parse_fail,SWAP,ALL,all,242,177,0.1,0.09999999999999999,0.10000000000000002,0.1,0.5,0.5,0.5,0.5,ok,True
parse_fail,SWAP,ALL,E_bases,120,91,0.10000000000000002,0.09999999999999998,0.1,0.10000000000000002,0.5,0.5,0.5,0.5,ok,True
parse_fail,SWAP,ALL,E_bases_endorsed,92,73,0.09999999999999998,0.09999999999999998,0.1,0.09999999999999998,,,,,ok,True
parse_fail,BIND,DOWN,all,250,250,0.1,0.1,0.1,0.1,0.5,0.5,0.5,0.5,ok,True
parse_fail,BIND,DOWN,E_bases,165,165,0.09999999999999998,0.09999999999999998,0.09999999999999998,0.09999999999999998,0.5,0.5,0.5,0.5,ok,True
parse_fail,BIND,DOWN,E_bases_endorsed,121,121,0.1,0.1,0.1,0.1,,,,,ok,True
parse_fail,BIND,UP,all,231,231,0.1,0.1,0.1,0.1,0.5,0.5,0.5,0.5,ok,True
parse_fail,BIND,UP,E_bases,153,153,0.09999999999999999,0.09999999999999999,0.09999999999999999,0.09999999999999999,0.5,0.5,0.5,0.5,ok,True
parse_fail,BIND,UP,E_bases_endorsed,113,113,0.1,0.1,0.1,0.1,,,,,ok,True
parse_fail,BIND,ALL,all,481,271,0.10000000000000002,0.09999999999999999,0.1,0.10000000000000002,0.5,0.5,0.5,0.5,ok,True
parse_fail,BIND,ALL,E_bases,318,176,0.09999999999999999,0.09999999999999998,0.1,0.09999999999999999,0.5,0.5,0.5,0.5,ok,True
parse_fail,BIND,ALL,E_bases_endorsed,234,132,0.1,0.09999999999999996,0.1,0.1,,,,,ok,True
parse_fail,MEANING_RENAME,DOWN,all,264,264,0.09999999999999999,0.09999999999999999,0.09999999999999999,0.09999999999999999,0.5,0.5,0.5,0.5,ok,True
parse_fail,MEANING_RENAME,DOWN,E_bases,171,171,0.09999999999999999,0.09999999999999999,0.09999999999999999,0.09999999999999999,0.5,0.5,0.5,0.5,ok,True
parse_fail,MEANING_RENAME,DOWN,E_bases_endorsed,126,126,0.09999999999999999,0.09999999999999999,0.09999999999999999,0.09999999999999999,,,,,ok,True
parse_fail,MEANING_RENAME,UP,all,234,234,0.1,0.1,0.1,0.1,0.5,0.5,0.5,0.5,ok,True
parse_fail,MEANING_RENAME,UP,E_bases,151,151,0.09999999999999998,0.09999999999999998,0.09999999999999998,0.09999999999999998,0.5,0.5,0.5,0.5,ok,True
parse_fail,MEANING_RENAME,UP,E_bases_endorsed,113,113,0.1,0.1,0.1,0.1,,,,,ok,True
parse_fail,MEANING_RENAME,ALL,all,498,281,0.1,0.09999999999999998,0.1,0.1,0.5,0.5,0.5,0.5,ok,True
parse_fail,MEANING_RENAME,ALL,E_bases,322,186,0.09999999999999999,0.09999999999999998,0.10000000000000002,0.09999999999999999,0.5,0.5,0.5,0.5,ok,True
parse_fail,MEANING_RENAME,ALL,E_bases_endorsed,239,141,0.09999999999999999,0.09999999999999996,0.1,0.09999999999999999,,,,,ok,True
parse_fail,SCOPE,DOWN,all,0,0,,,,,,,,,absent (0 rows),
parse_fail,SCOPE,DOWN,E_bases,0,0,,,,,,,,,absent (0 rows),
parse_fail,SCOPE,DOWN,E_bases_endorsed,0,0,,,,,,,,,absent (0 rows),
parse_fail,SCOPE,UP,all,0,0,,,,,,,,,absent (0 rows),
parse_fail,SCOPE,UP,E_bases,0,0,,,,,,,,,absent (0 rows),
parse_fail,SCOPE,UP,E_bases_endorsed,0,0,,,,,,,,,absent (0 rows),
parse_fail,SCOPE,ALL,all,0,0,,,,,,,,,absent (0 rows),
parse_fail,SCOPE,ALL,E_bases,0,0,,,,,,,,,absent (0 rows),
parse_fail,SCOPE,ALL,E_bases_endorsed,0,0,,,,,,,,,absent (0 rows),
parse_fail,UNGLUE,DOWN,all,0,0,,,,,,,,,absent (0 rows),
parse_fail,UNGLUE,DOWN,E_bases,0,0,,,,,,,,,absent (0 rows),
parse_fail,UNGLUE,DOWN,E_bases_endorsed,0,0,,,,,,,,,absent (0 rows),
parse_fail,UNGLUE,UP,all,0,0,,,,,,,,,absent (0 rows),
parse_fail,UNGLUE,UP,E_bases,0,0,,,,,,,,,absent (0 rows),
parse_fail,UNGLUE,UP,E_bases_endorsed,0,0,,,,,,,,,absent (0 rows),
parse_fail,UNGLUE,ALL,all,0,0,,,,,,,,,absent (0 rows),
parse_fail,UNGLUE,ALL,E_bases,0,0,,,,,,,,,absent (0 rows),
parse_fail,UNGLUE,ALL,E_bases_endorsed,0,0,,,,,,,,,absent (0 rows),
parse_fail,ADD[ADD_FOREIGN],ALL,all,561,281,0.09999999999999999,0.09999999999999998,0.1,0.09999999999999999,0.5,0.5,0.5,0.5,ok,True
parse_fail,ADD[ADD_FOREIGN],ALL,E_bases,361,181,0.09999999999999998,0.09999999999999996,0.1,0.09999999999999998,0.5,0.5,0.5,0.5,ok,True
parse_fail,ADD[ADD_FOREIGN],ALL,E_bases_endorsed,265,133,0.1,0.09999999999999996,0.09999999999999998,0.1,,,,,ok,True
parse_fail,ADD[ADD_INTERNAL],ALL,all,200,165,0.1,0.09999999999999998,0.1,0.1,0.5,0.5,0.5,0.5,ok,True
parse_fail,ADD[ADD_INTERNAL],ALL,E_bases,115,80,0.1,0.09999999999999999,0.10000000000000002,0.1,0.5,0.5,0.5,0.5,ok,True
parse_fail,ADD[ADD_INTERNAL],ALL,E_bases_endorsed,82,60,0.09999999999999999,0.09999999999999996,0.1,0.09999999999999999,,,,,ok,True
pilot_joint_conflict,NEG,DOWN,all,283,283,0.09476135040745054,0.09476135040745054,0.09476135040745054,0.09999999999999999,0.5,0.5,0.5,0.5,ok,True
pilot_joint_conflict,NEG,DOWN,E_bases,183,183,0.09476135040745054,0.09476135040745054,0.09476135040745054,0.09999999999999998,0.5,0.5,0.5,0.5,ok,True
pilot_joint_conflict,NEG,DOWN,E_bases_endorsed,135,135,0.09476135040745055,0.09476135040745055,0.09476135040745055,0.09999999999999998,,,,,ok,True
pilot_joint_conflict,NEG,UP,all,300,300,0.42668218859138546,0.3784027939464494,0.4779790454016298,0.43,0.6833333333333333,0.6566666666666666,0.7116666666666667,0.6833333333333333,ok,True
pilot_joint_conflict,NEG,UP,E_bases,200,200,0.40254249126891734,0.3437019790454017,0.46138300349243316,0.406,0.67,0.6375,0.7025,0.67,ok,True
pilot_joint_conflict,NEG,UP,E_bases_endorsed,152,152,0.3627596348262974,0.3030555725752099,0.4282703265731267,0.36644736842105263,,,,,ok,True
pilot_joint_conflict,NEG,ALL,all,583,300,0.265561095613592,0.2404090500216437,0.29195741987272283,0.269811320754717,0.5958333333333333,0.5816666666666667,0.6108333333333333,0.5943396226415094,ok,True
pilot_joint_conflict,NEG,ALL,E_bases,383,200,0.2554825727894176,0.22540641154686425,0.28685443254910564,0.2597911227154048,0.59125,0.57375,0.61,0.5887728459530026,ok,True
pilot_joint_conflict,NEG,ALL,E_bases_endorsed,287,152,0.2366977240369443,0.20363582836921956,0.2714087218894282,0.24111498257839728,,,,,ok,True
pilot_joint_conflict,REV,DOWN,all,0,0,,,,,,,,,absent (0 rows),
pilot_joint_conflict,REV,DOWN,E_bases,0,0,,,,,,,,,absent (0 rows),
pilot_joint_conflict,REV,DOWN,E_bases_endorsed,0,0,,,,,,,,,absent (0 rows),
pilot_joint_conflict,REV,UP,all,281,281,0.09476135040745054,0.09476135040745054,0.09476135040745054,0.09999999999999998,0.5,0.5,0.5,0.5,ok,True
pilot_joint_conflict,REV,UP,E_bases,181,181,0.09476135040745053,0.09476135040745053,0.09476135040745053,0.09999999999999996,0.5,0.5,0.5,0.5,ok,True
pilot_joint_conflict,REV,UP,E_bases_endorsed,133,133,0.09476135040745054,0.09476135040745054,0.09476135040745054,0.09999999999999998,,,,,ok,True
pilot_joint_conflict,REV,ALL,all,281,281,0.09476135040745054,0.09476135040745054,0.09476135040745054,0.09999999999999998,0.5,0.5,0.5,0.5,ok,True
pilot_joint_conflict,REV,ALL,E_bases,181,181,0.09476135040745053,0.09476135040745053,0.09476135040745053,0.09999999999999996,0.5,0.5,0.5,0.5,ok,True
pilot_joint_conflict,REV,ALL,E_bases_endorsed,133,133,0.09476135040745054,0.09476135040745054,0.09476135040745054,0.09999999999999998,,,,,ok,True
pilot_joint_conflict,QUANT,DOWN,all,0,0,,,,,,,,,absent (0 rows),
pilot_joint_conflict,QUANT,DOWN,E_bases,0,0,,,,,,,,,absent (0 rows),
pilot_joint_conflict,QUANT,DOWN,E_bases_endorsed,0,0,,,,,,,,,absent (0 rows),
pilot_joint_conflict,QUANT,UP,all,281,281,0.11086879968845677,0.09798284026365177,0.12375475911326174,0.11601423487544482,0.5088967971530249,0.501779359430605,0.5160142348754448,0.5088967971530249,ok,True
pilot_joint_conflict,QUANT,UP,E_bases,181,181,0.09976266891348672,0.09476135040745053,0.10976530592555908,0.10497237569060772,0.5027624309392266,0.5,0.5082872928176796,0.5027624309392266,ok,True
pilot_joint_conflict,QUANT,UP,E_bases_endorsed,133,133,0.09476135040745054,0.09476135040745054,0.09476135040745054,0.09999999999999998,,,,,ok,True
pilot_joint_conflict,QUANT,ALL,all,281,281,0.11086879968845677,0.09798284026365177,0.12375475911326174,0.11601423487544482,0.5088967971530249,0.501779359430605,0.5160142348754448,0.5088967971530249,ok,True
pilot_joint_conflict,QUANT,ALL,E_bases,181,181,0.09976266891348672,0.09476135040745053,0.10976530592555908,0.10497237569060772,0.5027624309392266,0.5,0.5082872928176796,0.5027624309392266,ok,True
pilot_joint_conflict,QUANT,ALL,E_bases_endorsed,133,133,0.09476135040745054,0.09476135040745054,0.09476135040745054,0.09999999999999998,,,,,ok,True
pilot_joint_conflict,RESTR,DOWN,all,0,0,,,,,,,,,absent (0 rows),
pilot_joint_conflict,RESTR,DOWN,E_bases,0,0,,,,,,,,,absent (0 rows),
pilot_joint_conflict,RESTR,DOWN,E_bases_endorsed,0,0,,,,,,,,,absent (0 rows),
pilot_joint_conflict,RESTR,UP,all,279,279,0.7371887791505504,0.6885200345488003,0.782694055353186,0.7387096774193548,0.8548387096774194,0.8279569892473119,0.8799731182795697,0.8548387096774194,ok,True
pilot_joint_conflict,RESTR,UP,E_bases,179,179,0.7673688386521942,0.7016252495756402,0.8229980294092781,0.7687150837988826,0.8715083798882681,0.835195530726257,0.9022346368715084,0.8715083798882682,ok,True
pilot_joint_conflict,RESTR,UP,E_bases_endorsed,132,132,0.7668324690443434,0.6982537834691502,0.8285532860620173,0.7681818181818182,,,,,ok,True
pilot_joint_conflict,RESTR,ALL,all,279,279,0.7371887791505504,0.6885200345488003,0.782694055353186,0.7387096774193548,0.8548387096774194,0.8279569892473119,0.8799731182795697,0.8548387096774194,ok,True
pilot_joint_conflict,RESTR,ALL,E_bases,179,179,0.7673688386521942,0.7016252495756402,0.8229980294092781,0.7687150837988826,0.8715083798882681,0.835195530726257,0.9022346368715084,0.8715083798882682,ok,True
pilot_joint_conflict,RESTR,ALL,E_bases_endorsed,132,132,0.7668324690443434,0.6982537834691502,0.8285532860620173,0.7681818181818182,,,,,ok,True
pilot_joint_conflict,CONN,DOWN,all,241,241,0.09476135040745051,0.09476135040745051,0.09476135040745051,0.1,0.5,0.5,0.5,0.5,ok,True
pilot_joint_conflict,CONN,DOWN,E_bases,141,141,0.09476135040745054,0.09476135040745054,0.09476135040745054,0.09999999999999999,0.5,0.5,0.5,0.5,ok,True
pilot_joint_conflict,CONN,DOWN,E_bases_endorsed,99,99,0.09476135040745053,0.09476135040745053,0.09476135040745053,0.09999999999999999,,,,,ok,True
pilot_joint_conflict,CONN,UP,all,289,289,0.09476135040745054,0.09476135040745054,0.09476135040745054,0.09999999999999999,0.5,0.5,0.5,0.5,ok,True
pilot_joint_conflict,CONN,UP,E_bases,189,189,0.09476135040745053,0.09476135040745053,0.09476135040745053,0.09999999999999999,0.5,0.5,0.5,0.5,ok,True
pilot_joint_conflict,CONN,UP,E_bases_endorsed,141,141,0.09476135040745054,0.09476135040745054,0.09476135040745054,0.09999999999999999,,,,,ok,True
pilot_joint_conflict,CONN,ALL,all,530,289,0.09476135040745053,0.09476135040745053,0.09476135040745054,0.1,0.5,0.5,0.5,0.5,ok,True
pilot_joint_conflict,CONN,ALL,E_bases,330,189,0.09476135040745053,0.09476135040745051,0.09476135040745054,0.09999999999999998,0.5,0.5,0.5,0.5,ok,True
pilot_joint_conflict,CONN,ALL,E_bases_endorsed,240,141,0.09476135040745051,0.09476135040745053,0.09476135040745055,0.10000000000000002,,,,,ok,True
pilot_joint_conflict,MOVE,DOWN,all,0,0,,,,,,,,,absent (0 rows),
pilot_joint_conflict,MOVE,DOWN,E_bases,0,0,,,,,,,,,absent (0 rows),
pilot_joint_conflict,MOVE,DOWN,E_bases_endorsed,0,0,,,,,,,,,absent (0 rows),
pilot_joint_conflict,MOVE,UP,all,6,6,0.09476135040745054,0.09476135040745054,0.09476135040745054,0.09999999999999999,0.5,0.5,0.5,0.5,untestable (<30 rows),True
pilot_joint_conflict,MOVE,UP,E_bases,6,6,0.09476135040745054,0.09476135040745054,0.09476135040745054,0.09999999999999999,0.5,0.5,0.5,0.5,untestable (<30 rows),True
pilot_joint_conflict,MOVE,UP,E_bases_endorsed,5,5,0.09476135040745054,0.09476135040745054,0.09476135040745054,0.1,,,,,untestable (<30 rows),True
pilot_joint_conflict,MOVE,ALL,all,6,6,0.09476135040745054,0.09476135040745054,0.09476135040745054,0.09999999999999999,0.5,0.5,0.5,0.5,untestable (<30 rows),True
pilot_joint_conflict,MOVE,ALL,E_bases,6,6,0.09476135040745054,0.09476135040745054,0.09476135040745054,0.09999999999999999,0.5,0.5,0.5,0.5,untestable (<30 rows),True
pilot_joint_conflict,MOVE,ALL,E_bases_endorsed,5,5,0.09476135040745054,0.09476135040745054,0.09476135040745054,0.1,,,,,untestable (<30 rows),True
pilot_joint_conflict,DROP,DOWN,all,241,241,0.09476135040745051,0.09476135040745051,0.09476135040745051,0.1,0.5,0.5,0.5,0.5,ok,True
pilot_joint_conflict,DROP,DOWN,E_bases,141,141,0.09476135040745054,0.09476135040745054,0.09476135040745054,0.09999999999999999,0.5,0.5,0.5,0.5,ok,True
pilot_joint_conflict,DROP,DOWN,E_bases_endorsed,99,99,0.09476135040745053,0.09476135040745053,0.09476135040745053,0.09999999999999999,,,,,ok,True
pilot_joint_conflict,DROP,UP,all,51,51,0.09476135040745055,0.09476135040745055,0.09476135040745055,0.09999999999999998,0.5,0.5,0.5,0.5,ok,True
pilot_joint_conflict,DROP,UP,E_bases,51,51,0.09476135040745055,0.09476135040745055,0.09476135040745055,0.09999999999999998,0.5,0.5,0.5,0.5,ok,True
pilot_joint_conflict,DROP,UP,E_bases_endorsed,39,39,0.09476135040745057,0.09476135040745057,0.09476135040745057,0.10000000000000002,,,,,ok,True
pilot_joint_conflict,DROP,ALL,all,292,269,0.09476135040745054,0.09476135040745051,0.09476135040745054,0.09999999999999999,0.5,0.5,0.5,0.5,ok,True
pilot_joint_conflict,DROP,ALL,E_bases,192,169,0.09476135040745053,0.09476135040745051,0.09476135040745054,0.09999999999999999,0.5,0.5,0.5,0.5,ok,True
pilot_joint_conflict,DROP,ALL,E_bases_endorsed,138,124,0.09476135040745054,0.09476135040745051,0.09476135040745054,0.09999999999999998,,,,,ok,True
pilot_joint_conflict,ADD,DOWN,all,340,280,0.09476135040745054,0.09476135040745053,0.09476135040745055,0.09999999999999998,0.5,0.5,0.5,0.5,ok,True
pilot_joint_conflict,ADD,DOWN,E_bases,240,180,0.09476135040745051,0.09476135040745053,0.09476135040745055,0.10000000000000002,0.5,0.5,0.5,0.5,ok,True
pilot_joint_conflict,ADD,DOWN,E_bases_endorsed,175,132,0.09476135040745054,0.09476135040745053,0.09476135040745055,0.09999999999999998,,,,,ok,True
pilot_joint_conflict,ADD,UP,all,421,281,0.09476135040745053,0.09476135040745053,0.09476135040745055,0.09999999999999999,0.5,0.5,0.5,0.5,ok,True
pilot_joint_conflict,ADD,UP,E_bases,236,181,0.09476135040745053,0.09476135040745053,0.09476135040745055,0.1,0.5,0.5,0.5,0.5,ok,True
pilot_joint_conflict,ADD,UP,E_bases_endorsed,172,133,0.09476135040745054,0.09476135040745053,0.09476135040745055,0.09999999999999998,,,,,ok,True
pilot_joint_conflict,ADD,ALL,all,761,281,0.09476135040745053,0.09476135040745053,0.09476135040745055,0.09999999999999999,0.5,0.5,0.5,0.5,ok,True
pilot_joint_conflict,ADD,ALL,E_bases,476,181,0.09476135040745051,0.09476135040745051,0.09476135040745055,0.10000000000000002,0.5,0.5,0.5,0.5,ok,True
pilot_joint_conflict,ADD,ALL,E_bases_endorsed,347,133,0.09476135040745054,0.09476135040745053,0.09476135040745055,0.09999999999999999,,,,,ok,True
pilot_joint_conflict,SWAP,DOWN,all,134,134,0.09476135040745055,0.09476135040745055,0.09476135040745055,0.09999999999999998,0.5,0.5,0.5,0.5,ok,True
pilot_joint_conflict,SWAP,DOWN,E_bases,65,65,0.09476135040745054,0.09476135040745054,0.09476135040745054,0.09999999999999999,0.5,0.5,0.5,0.5,ok,True
pilot_joint_conflict,SWAP,DOWN,E_bases_endorsed,48,48,0.09476135040745054,0.09476135040745054,0.09476135040745054,0.09999999999999999,,,,,ok,True
pilot_joint_conflict,SWAP,UP,all,108,108,0.09476135040745053,0.09476135040745053,0.09476135040745053,0.09999999999999999,0.5,0.5,0.5,0.5,ok,True
pilot_joint_conflict,SWAP,UP,E_bases,55,55,0.09476135040745057,0.09476135040745057,0.09476135040745057,0.09999999999999995,0.5,0.5,0.5,0.5,ok,True
pilot_joint_conflict,SWAP,UP,E_bases_endorsed,44,44,0.09476135040745054,0.09476135040745054,0.09476135040745054,0.09999999999999996,,,,,ok,True
pilot_joint_conflict,SWAP,ALL,all,242,177,0.09476135040745051,0.09476135040745051,0.09476135040745054,0.1,0.5,0.5,0.5,0.5,ok,True
pilot_joint_conflict,SWAP,ALL,E_bases,120,91,0.09476135040745051,0.09476135040745053,0.09476135040745055,0.10000000000000002,0.5,0.5,0.5,0.5,ok,True
pilot_joint_conflict,SWAP,ALL,E_bases_endorsed,92,73,0.09476135040745053,0.09476135040745053,0.09476135040745055,0.09999999999999998,,,,,ok,True
pilot_joint_conflict,BIND,DOWN,all,250,250,0.09476135040745053,0.09476135040745053,0.09476135040745053,0.1,0.5,0.5,0.5,0.5,ok,True
pilot_joint_conflict,BIND,DOWN,E_bases,165,165,0.09476135040745054,0.09476135040745054,0.09476135040745054,0.09999999999999998,0.5,0.5,0.5,0.5,ok,True
pilot_joint_conflict,BIND,DOWN,E_bases_endorsed,121,121,0.09476135040745051,0.09476135040745051,0.09476135040745051,0.1,,,,,ok,True
pilot_joint_conflict,BIND,UP,all,231,231,0.09476135040745051,0.09476135040745051,0.09476135040745051,0.1,0.5,0.5,0.5,0.5,ok,True
pilot_joint_conflict,BIND,UP,E_bases,153,153,0.09476135040745053,0.09476135040745053,0.09476135040745053,0.09999999999999999,0.5,0.5,0.5,0.5,ok,True
pilot_joint_conflict,BIND,UP,E_bases_endorsed,113,113,0.09476135040745051,0.09476135040745051,0.09476135040745051,0.1,,,,,ok,True
pilot_joint_conflict,BIND,ALL,all,481,271,0.0947613504074505,0.09476135040745053,0.09476135040745055,0.10000000000000002,0.5,0.5,0.5,0.5,ok,True
pilot_joint_conflict,BIND,ALL,E_bases,318,176,0.09476135040745054,0.09476135040745051,0.09476135040745054,0.09999999999999999,0.5,0.5,0.5,0.5,ok,True
pilot_joint_conflict,BIND,ALL,E_bases_endorsed,234,132,0.09476135040745051,0.09476135040745053,0.09476135040745055,0.1,,,,,ok,True
pilot_joint_conflict,MEANING_RENAME,DOWN,all,264,264,0.09476135040745051,0.09476135040745051,0.09476135040745051,0.09999999999999999,0.5,0.5,0.5,0.5,ok,True
pilot_joint_conflict,MEANING_RENAME,DOWN,E_bases,171,171,0.09476135040745053,0.09476135040745053,0.09476135040745053,0.09999999999999999,0.5,0.5,0.5,0.5,ok,True
pilot_joint_conflict,MEANING_RENAME,DOWN,E_bases_endorsed,126,126,0.09476135040745053,0.09476135040745053,0.09476135040745053,0.09999999999999999,,,,,ok,True
pilot_joint_conflict,MEANING_RENAME,UP,all,234,234,0.09476135040745051,0.09476135040745051,0.09476135040745051,0.1,0.5,0.5,0.5,0.5,ok,True
pilot_joint_conflict,MEANING_RENAME,UP,E_bases,151,151,0.09476135040745054,0.09476135040745054,0.09476135040745054,0.09999999999999998,0.5,0.5,0.5,0.5,ok,True
pilot_joint_conflict,MEANING_RENAME,UP,E_bases_endorsed,113,113,0.09476135040745051,0.09476135040745051,0.09476135040745051,0.1,,,,,ok,True
pilot_joint_conflict,MEANING_RENAME,ALL,all,498,281,0.09476135040745051,0.09476135040745053,0.09476135040745055,0.1,0.5,0.5,0.5,0.5,ok,True
pilot_joint_conflict,MEANING_RENAME,ALL,E_bases,322,186,0.09476135040745053,0.09476135040745051,0.09476135040745054,0.09999999999999999,0.5,0.5,0.5,0.5,ok,True
pilot_joint_conflict,MEANING_RENAME,ALL,E_bases_endorsed,239,141,0.09476135040745053,0.09476135040745053,0.09476135040745055,0.09999999999999999,,,,,ok,True
pilot_joint_conflict,SCOPE,DOWN,all,0,0,,,,,,,,,absent (0 rows),
pilot_joint_conflict,SCOPE,DOWN,E_bases,0,0,,,,,,,,,absent (0 rows),
pilot_joint_conflict,SCOPE,DOWN,E_bases_endorsed,0,0,,,,,,,,,absent (0 rows),
pilot_joint_conflict,SCOPE,UP,all,0,0,,,,,,,,,absent (0 rows),
pilot_joint_conflict,SCOPE,UP,E_bases,0,0,,,,,,,,,absent (0 rows),
pilot_joint_conflict,SCOPE,UP,E_bases_endorsed,0,0,,,,,,,,,absent (0 rows),
pilot_joint_conflict,SCOPE,ALL,all,0,0,,,,,,,,,absent (0 rows),
pilot_joint_conflict,SCOPE,ALL,E_bases,0,0,,,,,,,,,absent (0 rows),
pilot_joint_conflict,SCOPE,ALL,E_bases_endorsed,0,0,,,,,,,,,absent (0 rows),
pilot_joint_conflict,UNGLUE,DOWN,all,0,0,,,,,,,,,absent (0 rows),
pilot_joint_conflict,UNGLUE,DOWN,E_bases,0,0,,,,,,,,,absent (0 rows),
pilot_joint_conflict,UNGLUE,DOWN,E_bases_endorsed,0,0,,,,,,,,,absent (0 rows),
pilot_joint_conflict,UNGLUE,UP,all,0,0,,,,,,,,,absent (0 rows),
pilot_joint_conflict,UNGLUE,UP,E_bases,0,0,,,,,,,,,absent (0 rows),
pilot_joint_conflict,UNGLUE,UP,E_bases_endorsed,0,0,,,,,,,,,absent (0 rows),
pilot_joint_conflict,UNGLUE,ALL,all,0,0,,,,,,,,,absent (0 rows),
pilot_joint_conflict,UNGLUE,ALL,E_bases,0,0,,,,,,,,,absent (0 rows),
pilot_joint_conflict,UNGLUE,ALL,E_bases_endorsed,0,0,,,,,,,,,absent (0 rows),
pilot_joint_conflict,ADD[ADD_FOREIGN],ALL,all,561,281,0.09476135040745053,0.09476135040745053,0.09476135040745054,0.09999999999999999,0.5,0.5,0.5,0.5,ok,True
pilot_joint_conflict,ADD[ADD_FOREIGN],ALL,E_bases,361,181,0.09476135040745051,0.09476135040745053,0.09476135040745055,0.09999999999999998,0.5,0.5,0.5,0.5,ok,True
pilot_joint_conflict,ADD[ADD_FOREIGN],ALL,E_bases_endorsed,265,133,0.09476135040745053,0.09476135040745054,0.09476135040745055,0.1,,,,,ok,True
pilot_joint_conflict,ADD[ADD_INTERNAL],ALL,all,200,165,0.09476135040745053,0.09476135040745051,0.09476135040745055,0.1,0.5,0.5,0.5,0.5,ok,True
pilot_joint_conflict,ADD[ADD_INTERNAL],ALL,E_bases,115,80,0.09476135040745053,0.09476135040745053,0.09476135040745055,0.1,0.5,0.5,0.5,0.5,ok,True
pilot_joint_conflict,ADD[ADD_INTERNAL],ALL,E_bases_endorsed,82,60,0.09476135040745054,0.09476135040745054,0.09476135040745057,0.09999999999999999,,,,,ok,True
pilot_arity_incons,NEG,DOWN,all,283,283,0.09791183294663575,0.09791183294663575,0.09791183294663575,0.09999999999999999,0.5,0.5,0.5,0.5,ok,True
pilot_arity_incons,NEG,DOWN,E_bases,183,183,0.09791183294663573,0.09791183294663573,0.09791183294663573,0.09999999999999998,0.5,0.5,0.5,0.5,ok,True
pilot_arity_incons,NEG,DOWN,E_bases_endorsed,135,135,0.09791183294663575,0.09791183294663575,0.09791183294663575,0.09999999999999998,,,,,ok,True
pilot_arity_incons,NEG,UP,all,300,300,0.09791183294663573,0.09791183294663573,0.09791183294663573,0.09999999999999999,0.5,0.5,0.5,0.5,ok,True
pilot_arity_incons,NEG,UP,E_bases,200,200,0.09791183294663572,0.09791183294663572,0.09791183294663572,0.1,0.5,0.5,0.5,0.5,ok,True
pilot_arity_incons,NEG,UP,E_bases_endorsed,152,152,0.09791183294663573,0.09791183294663573,0.09791183294663573,0.09999999999999999,,,,,ok,True
pilot_arity_incons,NEG,ALL,all,583,300,0.09791183294663573,0.09791183294663575,0.09791183294663575,0.09999999999999998,0.5,0.5,0.5,0.5,ok,True
pilot_arity_incons,NEG,ALL,E_bases,383,200,0.09791183294663575,0.09791183294663572,0.09791183294663575,0.09999999999999999,0.5,0.5,0.5,0.5,ok,True
pilot_arity_incons,NEG,ALL,E_bases_endorsed,287,152,0.09791183294663575,0.09791183294663573,0.09791183294663575,0.09999999999999999,,,,,ok,True
pilot_arity_incons,REV,DOWN,all,0,0,,,,,,,,,absent (0 rows),
pilot_arity_incons,REV,DOWN,E_bases,0,0,,,,,,,,,absent (0 rows),
pilot_arity_incons,REV,DOWN,E_bases_endorsed,0,0,,,,,,,,,absent (0 rows),
pilot_arity_incons,REV,UP,all,281,281,0.09791183294663575,0.09791183294663575,0.09791183294663575,0.09999999999999998,0.5,0.5,0.5,0.5,ok,True
pilot_arity_incons,REV,UP,E_bases,181,181,0.09791183294663573,0.09791183294663573,0.09791183294663573,0.09999999999999996,0.5,0.5,0.5,0.5,ok,True
pilot_arity_incons,REV,UP,E_bases_endorsed,133,133,0.09791183294663575,0.09791183294663575,0.09791183294663575,0.09999999999999998,,,,,ok,True
pilot_arity_incons,REV,ALL,all,281,281,0.09791183294663575,0.09791183294663575,0.09791183294663575,0.09999999999999998,0.5,0.5,0.5,0.5,ok,True
pilot_arity_incons,REV,ALL,E_bases,181,181,0.09791183294663573,0.09791183294663573,0.09791183294663573,0.09999999999999996,0.5,0.5,0.5,0.5,ok,True
pilot_arity_incons,REV,ALL,E_bases_endorsed,133,133,0.09791183294663575,0.09791183294663575,0.09791183294663575,0.09999999999999998,,,,,ok,True
pilot_arity_incons,QUANT,DOWN,all,0,0,,,,,,,,,absent (0 rows),
pilot_arity_incons,QUANT,DOWN,E_bases,0,0,,,,,,,,,absent (0 rows),
pilot_arity_incons,QUANT,DOWN,E_bases_endorsed,0,0,,,,,,,,,absent (0 rows),
pilot_arity_incons,QUANT,UP,all,281,281,0.09791183294663575,0.09791183294663575,0.09791183294663575,0.09999999999999998,0.5,0.5,0.5,0.5,ok,True
pilot_arity_incons,QUANT,UP,E_bases,181,181,0.09791183294663573,0.09791183294663573,0.09791183294663573,0.09999999999999996,0.5,0.5,0.5,0.5,ok,True
pilot_arity_incons,QUANT,UP,E_bases_endorsed,133,133,0.09791183294663575,0.09791183294663575,0.09791183294663575,0.09999999999999998,,,,,ok,True
pilot_arity_incons,QUANT,ALL,all,281,281,0.09791183294663575,0.09791183294663575,0.09791183294663575,0.09999999999999998,0.5,0.5,0.5,0.5,ok,True
pilot_arity_incons,QUANT,ALL,E_bases,181,181,0.09791183294663573,0.09791183294663573,0.09791183294663573,0.09999999999999996,0.5,0.5,0.5,0.5,ok,True
pilot_arity_incons,QUANT,ALL,E_bases_endorsed,133,133,0.09791183294663575,0.09791183294663575,0.09791183294663575,0.09999999999999998,,,,,ok,True
pilot_arity_incons,RESTR,DOWN,all,0,0,,,,,,,,,absent (0 rows),
pilot_arity_incons,RESTR,DOWN,E_bases,0,0,,,,,,,,,absent (0 rows),
pilot_arity_incons,RESTR,DOWN,E_bases_endorsed,0,0,,,,,,,,,absent (0 rows),
pilot_arity_incons,RESTR,UP,all,279,279,0.09791183294663573,0.09791183294663573,0.09791183294663573,0.09999999999999998,0.5,0.5,0.5,0.5,ok,True
pilot_arity_incons,RESTR,UP,E_bases,179,179,0.09791183294663573,0.09791183294663573,0.09791183294663573,0.09999999999999999,0.5,0.5,0.5,0.5,ok,True
pilot_arity_incons,RESTR,UP,E_bases_endorsed,132,132,0.09791183294663575,0.09791183294663575,0.09791183294663575,0.09999999999999998,,,,,ok,True
pilot_arity_incons,RESTR,ALL,all,279,279,0.09791183294663573,0.09791183294663573,0.09791183294663573,0.09999999999999998,0.5,0.5,0.5,0.5,ok,True
pilot_arity_incons,RESTR,ALL,E_bases,179,179,0.09791183294663573,0.09791183294663573,0.09791183294663573,0.09999999999999999,0.5,0.5,0.5,0.5,ok,True
pilot_arity_incons,RESTR,ALL,E_bases_endorsed,132,132,0.09791183294663575,0.09791183294663575,0.09791183294663575,0.09999999999999998,,,,,ok,True
pilot_arity_incons,CONN,DOWN,all,241,241,0.09791183294663573,0.09791183294663573,0.09791183294663573,0.1,0.5,0.5,0.5,0.5,ok,True
pilot_arity_incons,CONN,DOWN,E_bases,141,141,0.09791183294663575,0.09791183294663575,0.09791183294663575,0.09999999999999999,0.5,0.5,0.5,0.5,ok,True
pilot_arity_incons,CONN,DOWN,E_bases_endorsed,99,99,0.09791183294663573,0.09791183294663573,0.09791183294663573,0.09999999999999999,,,,,ok,True
pilot_arity_incons,CONN,UP,all,289,289,0.09791183294663573,0.09791183294663573,0.09791183294663573,0.09999999999999999,0.5,0.5,0.5,0.5,ok,True
pilot_arity_incons,CONN,UP,E_bases,189,189,0.09791183294663575,0.09791183294663575,0.09791183294663575,0.09999999999999999,0.5,0.5,0.5,0.5,ok,True
pilot_arity_incons,CONN,UP,E_bases_endorsed,141,141,0.09791183294663575,0.09791183294663575,0.09791183294663575,0.09999999999999999,,,,,ok,True
pilot_arity_incons,CONN,ALL,all,530,289,0.09791183294663573,0.09791183294663572,0.09791183294663573,0.1,0.5,0.5,0.5,0.5,ok,True
pilot_arity_incons,CONN,ALL,E_bases,330,189,0.09791183294663573,0.09791183294663572,0.09791183294663576,0.09999999999999998,0.5,0.5,0.5,0.5,ok,True
pilot_arity_incons,CONN,ALL,E_bases_endorsed,240,141,0.09791183294663573,0.09791183294663573,0.09791183294663575,0.10000000000000002,,,,,ok,True
pilot_arity_incons,MOVE,DOWN,all,0,0,,,,,,,,,absent (0 rows),
pilot_arity_incons,MOVE,DOWN,E_bases,0,0,,,,,,,,,absent (0 rows),
pilot_arity_incons,MOVE,DOWN,E_bases_endorsed,0,0,,,,,,,,,absent (0 rows),
pilot_arity_incons,MOVE,UP,all,6,6,0.09791183294663573,0.09791183294663573,0.09791183294663573,0.09999999999999999,0.5,0.5,0.5,0.5,untestable (<30 rows),True
pilot_arity_incons,MOVE,UP,E_bases,6,6,0.09791183294663573,0.09791183294663573,0.09791183294663573,0.09999999999999999,0.5,0.5,0.5,0.5,untestable (<30 rows),True
pilot_arity_incons,MOVE,UP,E_bases_endorsed,5,5,0.09791183294663573,0.09791183294663573,0.09791183294663573,0.1,,,,,untestable (<30 rows),True
pilot_arity_incons,MOVE,ALL,all,6,6,0.09791183294663573,0.09791183294663573,0.09791183294663573,0.09999999999999999,0.5,0.5,0.5,0.5,untestable (<30 rows),True
pilot_arity_incons,MOVE,ALL,E_bases,6,6,0.09791183294663573,0.09791183294663573,0.09791183294663573,0.09999999999999999,0.5,0.5,0.5,0.5,untestable (<30 rows),True
pilot_arity_incons,MOVE,ALL,E_bases_endorsed,5,5,0.09791183294663573,0.09791183294663573,0.09791183294663573,0.1,,,,,untestable (<30 rows),True
pilot_arity_incons,DROP,DOWN,all,241,241,0.09791183294663573,0.09791183294663573,0.09791183294663573,0.1,0.5,0.5,0.5,0.5,ok,True
pilot_arity_incons,DROP,DOWN,E_bases,141,141,0.09791183294663575,0.09791183294663575,0.09791183294663575,0.09999999999999999,0.5,0.5,0.5,0.5,ok,True
pilot_arity_incons,DROP,DOWN,E_bases_endorsed,99,99,0.09791183294663573,0.09791183294663573,0.09791183294663573,0.09999999999999999,,,,,ok,True
pilot_arity_incons,DROP,UP,all,51,51,0.09791183294663575,0.09791183294663575,0.09791183294663575,0.09999999999999998,0.5,0.5,0.5,0.5,ok,True
pilot_arity_incons,DROP,UP,E_bases,51,51,0.09791183294663575,0.09791183294663575,0.09791183294663575,0.09999999999999998,0.5,0.5,0.5,0.5,ok,True
pilot_arity_incons,DROP,UP,E_bases_endorsed,39,39,0.09791183294663569,0.09791183294663569,0.09791183294663569,0.10000000000000002,,,,,ok,True
pilot_arity_incons,DROP,ALL,all,292,269,0.09791183294663573,0.09791183294663573,0.09791183294663575,0.09999999999999999,0.5,0.5,0.5,0.5,ok,True
pilot_arity_incons,DROP,ALL,E_bases,192,169,0.09791183294663573,0.09791183294663572,0.09791183294663575,0.09999999999999999,0.5,0.5,0.5,0.5,ok,True
pilot_arity_incons,DROP,ALL,E_bases_endorsed,138,124,0.09791183294663573,0.09791183294663573,0.09791183294663575,0.09999999999999998,,,,,ok,True
pilot_arity_incons,ADD,DOWN,all,340,280,0.09791183294663573,0.0979118329466357,0.09791183294663573,0.09999999999999998,0.5,0.5,0.5,0.5,ok,True
pilot_arity_incons,ADD,DOWN,E_bases,240,180,0.09791183294663573,0.09791183294663572,0.09791183294663575,0.10000000000000002,0.5,0.5,0.5,0.5,ok,True
pilot_arity_incons,ADD,DOWN,E_bases_endorsed,175,132,0.09791183294663575,0.09791183294663572,0.09791183294663575,0.09999999999999998,,,,,ok,True
pilot_arity_incons,ADD,UP,all,421,281,0.10219728742194863,0.09791183294663573,0.10880661757288408,0.10427553444180523,0.50355871886121,0.5,0.5088967971530249,0.502375296912114,ok,True
pilot_arity_incons,ADD,UP,E_bases,236,181,0.10173424043414998,0.09791183294663572,0.10988778514670555,0.1038135593220339,0.5027624309392266,0.5,0.5082872928176796,0.5021186440677966,ok,True
pilot_arity_incons,ADD,UP,E_bases_endorsed,172,133,0.10315653159229483,0.09791183294663572,0.114117009600289,0.10523255813953487,,,,,ok,True
pilot_arity_incons,ADD,ALL,all,761,281,0.10028262970630293,0.09791183294663572,0.10390975958927778,0.10236530880420498,0.501779359430605,0.5,0.5044483985765125,0.5013140604467805,ok,True
pilot_arity_incons,ADD,ALL,E_bases,476,181,0.09980697615473103,0.09791183294663572,0.10383363710672348,0.10189075630252102,0.5013812154696132,0.5,0.5041436464088398,0.5010504201680672,ok,True
pilot_arity_incons,ADD,ALL,E_bases_endorsed,347,133,0.10051151066148692,0.09791183294663572,0.10594288891140119,0.1025936599423631,,,,,ok,True
pilot_arity_incons,SWAP,DOWN,all,134,134,0.09791183294663575,0.09791183294663575,0.09791183294663575,0.09999999999999998,0.5,0.5,0.5,0.5,ok,True
pilot_arity_incons,SWAP,DOWN,E_bases,65,65,0.09791183294663573,0.09791183294663573,0.09791183294663573,0.09999999999999999,0.5,0.5,0.5,0.5,ok,True
pilot_arity_incons,SWAP,DOWN,E_bases_endorsed,48,48,0.09791183294663573,0.09791183294663573,0.09791183294663573,0.09999999999999999,,,,,ok,True
pilot_arity_incons,SWAP,UP,all,108,108,0.09791183294663573,0.09791183294663573,0.09791183294663573,0.09999999999999999,0.5,0.5,0.5,0.5,ok,True
pilot_arity_incons,SWAP,UP,E_bases,55,55,0.09791183294663576,0.09791183294663576,0.09791183294663576,0.09999999999999995,0.5,0.5,0.5,0.5,ok,True
pilot_arity_incons,SWAP,UP,E_bases_endorsed,44,44,0.09791183294663575,0.09791183294663575,0.09791183294663575,0.09999999999999996,,,,,ok,True
pilot_arity_incons,SWAP,ALL,all,242,177,0.09791183294663573,0.09791183294663572,0.09791183294663575,0.1,0.5,0.5,0.5,0.5,ok,True
pilot_arity_incons,SWAP,ALL,E_bases,120,91,0.09791183294663573,0.09791183294663572,0.09791183294663575,0.10000000000000002,0.5,0.5,0.5,0.5,ok,True
pilot_arity_incons,SWAP,ALL,E_bases_endorsed,92,73,0.09791183294663573,0.09791183294663572,0.09791183294663575,0.09999999999999998,,,,,ok,True
pilot_arity_incons,BIND,DOWN,all,250,250,0.09791183294663575,0.09791183294663575,0.09791183294663575,0.1,0.5,0.5,0.5,0.5,ok,True
pilot_arity_incons,BIND,DOWN,E_bases,165,165,0.09791183294663573,0.09791183294663573,0.09791183294663573,0.09999999999999998,0.5,0.5,0.5,0.5,ok,True
pilot_arity_incons,BIND,DOWN,E_bases_endorsed,121,121,0.09791183294663573,0.09791183294663573,0.09791183294663573,0.1,,,,,ok,True
pilot_arity_incons,BIND,UP,all,231,231,0.09791183294663573,0.09791183294663573,0.09791183294663573,0.1,0.5,0.5,0.5,0.5,ok,True
pilot_arity_incons,BIND,UP,E_bases,153,153,0.09791183294663573,0.09791183294663573,0.09791183294663573,0.09999999999999999,0.5,0.5,0.5,0.5,ok,True
pilot_arity_incons,BIND,UP,E_bases_endorsed,113,113,0.09791183294663573,0.09791183294663573,0.09791183294663573,0.1,,,,,ok,True
pilot_arity_incons,BIND,ALL,all,481,271,0.09791183294663573,0.09791183294663573,0.09791183294663575,0.10000000000000002,0.5,0.5,0.5,0.5,ok,True
pilot_arity_incons,BIND,ALL,E_bases,318,176,0.09791183294663573,0.09791183294663572,0.09791183294663575,0.09999999999999999,0.5,0.5,0.5,0.5,ok,True
pilot_arity_incons,BIND,ALL,E_bases_endorsed,234,132,0.09791183294663572,0.09791183294663572,0.09791183294663575,0.1,,,,,ok,True
pilot_arity_incons,MEANING_RENAME,DOWN,all,264,264,0.09791183294663573,0.09791183294663573,0.09791183294663573,0.09999999999999999,0.5,0.5,0.5,0.5,ok,True
pilot_arity_incons,MEANING_RENAME,DOWN,E_bases,171,171,0.09791183294663575,0.09791183294663575,0.09791183294663575,0.09999999999999999,0.5,0.5,0.5,0.5,ok,True
pilot_arity_incons,MEANING_RENAME,DOWN,E_bases_endorsed,126,126,0.09791183294663575,0.09791183294663575,0.09791183294663575,0.09999999999999999,,,,,ok,True
pilot_arity_incons,MEANING_RENAME,UP,all,234,234,0.09791183294663572,0.09791183294663572,0.09791183294663572,0.1,0.5,0.5,0.5,0.5,ok,True
pilot_arity_incons,MEANING_RENAME,UP,E_bases,151,151,0.09791183294663575,0.09791183294663575,0.09791183294663575,0.09999999999999998,0.5,0.5,0.5,0.5,ok,True
pilot_arity_incons,MEANING_RENAME,UP,E_bases_endorsed,113,113,0.09791183294663573,0.09791183294663573,0.09791183294663573,0.1,,,,,ok,True
pilot_arity_incons,MEANING_RENAME,ALL,all,498,281,0.09791183294663575,0.09791183294663572,0.09791183294663575,0.1,0.5,0.5,0.5,0.5,ok,True
pilot_arity_incons,MEANING_RENAME,ALL,E_bases,322,186,0.09791183294663573,0.09791183294663572,0.09791183294663575,0.09999999999999999,0.5,0.5,0.5,0.5,ok,True
pilot_arity_incons,MEANING_RENAME,ALL,E_bases_endorsed,239,141,0.09791183294663573,0.09791183294663573,0.09791183294663575,0.09999999999999999,,,,,ok,True
pilot_arity_incons,SCOPE,DOWN,all,0,0,,,,,,,,,absent (0 rows),
pilot_arity_incons,SCOPE,DOWN,E_bases,0,0,,,,,,,,,absent (0 rows),
pilot_arity_incons,SCOPE,DOWN,E_bases_endorsed,0,0,,,,,,,,,absent (0 rows),
pilot_arity_incons,SCOPE,UP,all,0,0,,,,,,,,,absent (0 rows),
pilot_arity_incons,SCOPE,UP,E_bases,0,0,,,,,,,,,absent (0 rows),
pilot_arity_incons,SCOPE,UP,E_bases_endorsed,0,0,,,,,,,,,absent (0 rows),
pilot_arity_incons,SCOPE,ALL,all,0,0,,,,,,,,,absent (0 rows),
pilot_arity_incons,SCOPE,ALL,E_bases,0,0,,,,,,,,,absent (0 rows),
pilot_arity_incons,SCOPE,ALL,E_bases_endorsed,0,0,,,,,,,,,absent (0 rows),
pilot_arity_incons,UNGLUE,DOWN,all,0,0,,,,,,,,,absent (0 rows),
pilot_arity_incons,UNGLUE,DOWN,E_bases,0,0,,,,,,,,,absent (0 rows),
pilot_arity_incons,UNGLUE,DOWN,E_bases_endorsed,0,0,,,,,,,,,absent (0 rows),
pilot_arity_incons,UNGLUE,UP,all,0,0,,,,,,,,,absent (0 rows),
pilot_arity_incons,UNGLUE,UP,E_bases,0,0,,,,,,,,,absent (0 rows),
pilot_arity_incons,UNGLUE,UP,E_bases_endorsed,0,0,,,,,,,,,absent (0 rows),
pilot_arity_incons,UNGLUE,ALL,all,0,0,,,,,,,,,absent (0 rows),
pilot_arity_incons,UNGLUE,ALL,E_bases,0,0,,,,,,,,,absent (0 rows),
pilot_arity_incons,UNGLUE,ALL,E_bases_endorsed,0,0,,,,,,,,,absent (0 rows),
pilot_arity_incons,ADD[ADD_FOREIGN],ALL,all,561,281,0.1011278335421914,0.09791183294663575,0.1059518344355249,0.10320855614973261,0.501779359430605,0.5,0.5044483985765125,0.5017825311942959,ok,True
pilot_arity_incons,ADD[ADD_FOREIGN],ALL,E_bases,361,181,0.10041069213514921,0.09791183294663573,0.10545017417549393,0.10249307479224377,0.5013812154696132,0.5,0.5041436464088398,0.5013850415512465,ok,True
pilot_arity_incons,ADD[ADD_FOREIGN],ALL,E_bases_endorsed,265,133,0.10131593923740313,0.09791183294663575,0.10816283484496944,0.10339622641509433,,,,,ok,True
pilot_arity_incons,ADD[ADD_INTERNAL],ALL,all,200,165,0.09791183294663572,0.09791183294663572,0.09791183294663576,0.1,0.5,0.5,0.5,0.5,ok,True
pilot_arity_incons,ADD[ADD_INTERNAL],ALL,E_bases,115,80,0.09791183294663573,0.09791183294663572,0.09791183294663575,0.1,0.5,0.5,0.5,0.5,ok,True
pilot_arity_incons,ADD[ADD_INTERNAL],ALL,E_bases_endorsed,82,60,0.09791183294663573,0.09791183294663572,0.09791183294663575,0.09999999999999999,,,,,ok,True
pilot_shape_incons,NEG,DOWN,all,283,283,0.09377395112725824,0.08732394366197183,0.10344896232518787,0.09171059491397789,0.4976442873969375,0.4929328621908127,0.5,0.49755985325345864,ok,True
pilot_shape_incons,NEG,DOWN,E_bases,183,183,0.09729854537058413,0.08732394366197181,0.11226044793350262,0.095243214189734,0.4963570127504554,0.48998178506375223,0.5,0.4961534939096987,ok,True
pilot_shape_incons,NEG,DOWN,E_bases_endorsed,135,135,0.10084507042253522,0.08732394366197185,0.12112676056338027,0.09879781420765028,,,,,ok,True
pilot_shape_incons,NEG,UP,all,300,300,0.1055774647887324,0.09340845070422533,0.12078873239436617,0.1035409836065574,0.5011111111111111,0.5,0.5033333333333333,0.5019354838709678,ok,True
pilot_shape_incons,NEG,UP,E_bases,200,200,0.11470422535211267,0.0964507042253521,0.13752112676056336,0.11268852459016397,0.5016666666666666,0.5,0.505,0.5026760563380281,ok,True
pilot_shape_incons,NEG,UP,E_bases_endorsed,152,152,0.12335063009636765,0.09933283914010377,0.15337286879169754,0.12135461604831753,,,,,ok,True
pilot_shape_incons,NEG,ALL,all,583,300,0.09984780035271662,0.09044407056674518,0.1122860238353196,0.09779827348648878,0.49944444444444436,0.4975,0.5008333333333334,0.4987965473358048,ok,True
pilot_shape_incons,NEG,ALL,E_bases,383,200,0.10638767329827527,0.09210235233389868,0.12335063009636765,0.10435303685314389,0.49916666666666665,0.49625,0.50125,0.49811992056779314,ok,True
pilot_shape_incons,NEG,ALL,E_bases_endorsed,287,152,0.11276439122540116,0.0937062937062937,0.13569899965161994,0.11074427371908384,,,,,ok,True
pilot_shape_incons,REV,DOWN,all,0,0,,,,,,,,,absent (0 rows),
pilot_shape_incons,REV,DOWN,E_bases,0,0,,,,,,,,,absent (0 rows),
pilot_shape_incons,REV,DOWN,E_bases_endorsed,0,0,,,,,,,,,absent (0 rows),
pilot_shape_incons,REV,UP,all,281,281,0.09381985865370157,0.08732394366197183,0.10356373114129618,0.09175660696575465,0.4976275207591933,0.4934756820877817,0.5,0.49755631790082583,ok,True
pilot_shape_incons,REV,UP,E_bases,181,181,0.09740876196404946,0.08732394366197183,0.11253598941716594,0.09535368173172724,0.49631675874769804,0.4898710865561694,0.5,0.4961439988390534,ok,True
pilot_shape_incons,REV,UP,E_bases_endorsed,133,133,0.10104839563697979,0.08732394366197183,0.12163507359949169,0.09900160236657218,,,,,ok,True
pilot_shape_incons,REV,ALL,all,281,281,0.09381985865370157,0.08732394366197183,0.10356373114129618,0.09175660696575465,0.4976275207591933,0.4934756820877817,0.5,0.49755631790082583,ok,True
pilot_shape_incons,REV,ALL,E_bases,181,181,0.09740876196404946,0.08732394366197183,0.11253598941716594,0.09535368173172724,0.49631675874769804,0.4898710865561694,0.5,0.4961439988390534,ok,True
pilot_shape_incons,REV,ALL,E_bases_endorsed,133,133,0.10104839563697979,0.08732394366197183,0.12163507359949169,0.09900160236657218,,,,,ok,True
pilot_shape_incons,QUANT,DOWN,all,0,0,,,,,,,,,absent (0 rows),
pilot_shape_incons,QUANT,DOWN,E_bases,0,0,,,,,,,,,absent (0 rows),
pilot_shape_incons,QUANT,DOWN,E_bases_endorsed,0,0,,,,,,,,,absent (0 rows),
pilot_shape_incons,QUANT,UP,all,281,281,0.09381985865370157,0.08732394366197183,0.10356373114129618,0.09175660696575465,0.4976275207591933,0.4934756820877817,0.5,0.4975491034765946,ok,True
pilot_shape_incons,QUANT,UP,E_bases,181,181,0.09740876196404946,0.08732394366197183,0.11253598941716594,0.09535368173172724,0.49631675874769804,0.4898710865561694,0.5,0.49612636563785156,ok,True
pilot_shape_incons,QUANT,UP,E_bases_endorsed,133,133,0.10104839563697979,0.08732394366197183,0.12163507359949169,0.09900160236657218,,,,,ok,True
pilot_shape_incons,QUANT,ALL,all,281,281,0.09381985865370157,0.08732394366197183,0.10356373114129618,0.09175660696575465,0.4976275207591933,0.4934756820877817,0.5,0.4975491034765946,ok,True
pilot_shape_incons,QUANT,ALL,E_bases,181,181,0.09740876196404946,0.08732394366197183,0.11253598941716594,0.09535368173172724,0.49631675874769804,0.4898710865561694,0.5,0.49612636563785156,ok,True
pilot_shape_incons,QUANT,ALL,E_bases_endorsed,133,133,0.10104839563697979,0.08732394366197183,0.12163507359949169,0.09900160236657218,,,,,ok,True
pilot_shape_incons,RESTR,DOWN,all,0,0,,,,,,,,,absent (0 rows),
pilot_shape_incons,RESTR,DOWN,E_bases,0,0,,,,,,,,,absent (0 rows),
pilot_shape_incons,RESTR,DOWN,E_bases_endorsed,0,0,,,,,,,,,absent (0 rows),
pilot_shape_incons,RESTR,UP,all,279,279,0.09386642435256702,0.08732394366197183,0.1036801453884598,0.0918032786885246,0.49761051373954596,0.492831541218638,0.5,0.49754558204768584,ok,True
pilot_shape_incons,RESTR,UP,E_bases,179,179,0.0975214414981509,0.08732394366197183,0.11281768825241952,0.09546661782214493,0.49627560521415276,0.48975791433891985,0.5,0.496116895209074,ok,True
pilot_shape_incons,RESTR,UP,E_bases_endorsed,132,132,0.10115236875800257,0.08732394366197184,0.12189500640204866,0.09910581222056633,,,,,ok,True
pilot_shape_incons,RESTR,ALL,all,279,279,0.09386642435256702,0.08732394366197183,0.1036801453884598,0.0918032786885246,0.49761051373954596,0.492831541218638,0.5,0.49754558204768584,ok,True
pilot_shape_incons,RESTR,ALL,E_bases,179,179,0.0975214414981509,0.08732394366197183,0.11281768825241952,0.09546661782214493,0.49627560521415276,0.48975791433891985,0.5,0.496116895209074,ok,True
pilot_shape_incons,RESTR,ALL,E_bases_endorsed,132,132,0.10115236875800257,0.08732394366197184,0.12189500640204866,0.09910581222056633,,,,,ok,True
pilot_shape_incons,CONN,DOWN,all,241,241,0.0873239436619718,0.0873239436619718,0.0873239436619718,0.08524590163934431,0.4951590594744122,0.48824343015214383,0.5,0.4951590594744122,ok,True
pilot_shape_incons,CONN,DOWN,E_bases,141,141,0.08732394366197184,0.08732394366197184,0.08732394366197184,0.08524590163934428,0.49172576832151305,0.4799054373522459,0.5,0.491725768321513,ok,True
pilot_shape_incons,CONN,DOWN,E_bases_endorsed,99,99,0.08732394366197181,0.08732394366197181,0.08732394366197181,0.08524590163934431,,,,,ok,True
pilot_shape_incons,CONN,UP,all,289,289,0.09995613821336322,0.09048199229981968,0.11258833276475462,0.09790685801803849,0.4994232987312571,0.4982698961937716,0.5,0.49933581779200803,ok,True
pilot_shape_incons,CONN,UP,E_bases,189,189,0.10663983903420521,0.09215291750503014,0.1259557344064386,0.10460577673692431,0.4991181657848325,0.4973544973544973,0.5,0.49891235169511655,ok,True
pilot_shape_incons,CONN,UP,E_bases_endorsed,141,141,0.11321546299071021,0.09379682349415643,0.1392688043152523,0.11119637251482388,,,,,ok,True
pilot_shape_incons,CONN,ALL,all,530,289,0.09421206484188145,0.08902352663466834,0.10131131617289946,0.09214970615527376,0.4976931949250288,0.49480968858131485,0.5,0.49618898747275486,ok,True
pilot_shape_incons,CONN,ALL,E_bases,330,189,0.0983866837387964,0.08999239259401735,0.11014443263353701,0.09633383010432194,0.49647266313932986,0.49206349206349204,0.5,0.49439094717371196,ok,True
pilot_shape_incons,CONN,ALL,E_bases_endorsed,240,141,0.10253521126760562,0.0910340089316386,0.119368480355819,0.10049180327868855,,,,,ok,True
pilot_shape_incons,MOVE,DOWN,all,0,0,,,,,,,,,absent (0 rows),
pilot_shape_incons,MOVE,DOWN,E_bases,0,0,,,,,,,,,absent (0 rows),
pilot_shape_incons,MOVE,DOWN,E_bases_endorsed,0,0,,,,,,,,,absent (0 rows),
pilot_shape_incons,MOVE,UP,all,6,6,0.08732394366197183,0.08732394366197183,0.08732394366197183,0.08524590163934427,0.4166666666666667,0.25,0.5,0.4166666666666667,untestable (<30 rows),True
pilot_shape_incons,MOVE,UP,E_bases,6,6,0.08732394366197183,0.08732394366197183,0.08732394366197183,0.08524590163934427,0.4166666666666667,0.25,0.5,0.4166666666666667,untestable (<30 rows),True
pilot_shape_incons,MOVE,UP,E_bases_endorsed,5,5,0.08732394366197183,0.08732394366197183,0.08732394366197183,0.08524590163934427,,,,,untestable (<30 rows),True
pilot_shape_incons,MOVE,ALL,all,6,6,0.08732394366197183,0.08732394366197183,0.08732394366197183,0.08524590163934427,0.4166666666666667,0.25,0.5,0.4166666666666667,untestable (<30 rows),True
pilot_shape_incons,MOVE,ALL,E_bases,6,6,0.08732394366197183,0.08732394366197183,0.08732394366197183,0.08524590163934427,0.4166666666666667,0.25,0.5,0.4166666666666667,untestable (<30 rows),True
pilot_shape_incons,MOVE,ALL,E_bases_endorsed,5,5,0.08732394366197183,0.08732394366197183,0.08732394366197183,0.08524590163934427,,,,,untestable (<30 rows),True
pilot_shape_incons,DROP,DOWN,all,241,241,0.0873239436619718,0.0873239436619718,0.0873239436619718,0.08524590163934431,0.4951590594744122,0.48824343015214383,0.5,0.4951590594744122,ok,True
pilot_shape_incons,DROP,DOWN,E_bases,141,141,0.08732394366197184,0.08732394366197184,0.08732394366197184,0.08524590163934428,0.49172576832151305,0.4799054373522459,0.5,0.491725768321513,ok,True
pilot_shape_incons,DROP,DOWN,E_bases_endorsed,99,99,0.08732394366197181,0.08732394366197181,0.08732394366197181,0.08524590163934431,,,,,ok,True
pilot_shape_incons,DROP,UP,all,51,51,0.08732394366197184,0.08732394366197184,0.08732394366197184,0.08524590163934427,0.4803921568627451,0.45098039215686275,0.5,0.4803921568627451,ok,True
pilot_shape_incons,DROP,UP,E_bases,51,51,0.08732394366197184,0.08732394366197184,0.08732394366197184,0.08524590163934427,0.4803921568627451,0.45098039215686275,0.5,0.4803921568627451,ok,True
pilot_shape_incons,DROP,UP,E_bases_endorsed,39,39,0.08732394366197181,0.08732394366197181,0.08732394366197181,0.08524590163934424,,,,,ok,True
pilot_shape_incons,DROP,ALL,all,292,269,0.08732394366197183,0.08732394366197181,0.08732394366197183,0.08524590163934428,0.49194547707558856,0.4838754646840148,0.49814126394052044,0.4919454770755886,ok,True
pilot_shape_incons,DROP,ALL,E_bases,192,169,0.08732394366197183,0.08732394366197181,0.08732394366197184,0.0852459016393443,0.4871794871794872,0.47534516765285995,0.4970414201183432,0.48717948717948717,ok,True
pilot_shape_incons,DROP,ALL,E_bases_endorsed,138,124,0.08732394366197184,0.08732394366197178,0.08732394366197181,0.08524590163934428,,,,,ok,True
pilot_shape_incons,ADD,DOWN,all,340,280,0.10611433305716653,0.0928054815378759,0.12201630837657522,0.10407907425265192,0.5056547619047619,0.49761904761904757,0.5145833333333333,0.504277270474977,ok,True
pilot_shape_incons,ADD,DOWN,E_bases,240,180,0.10633802816901407,0.09125705159337988,0.1244245963586396,0.10430327868852461,0.5032407407407408,0.49351851851851847,0.5138888888888888,0.5010004708097928,ok,True
pilot_shape_incons,ADD,DOWN,E_bases_endorsed,175,132,0.10818511066398388,0.09236635281301066,0.1305275439619968,0.10615456674473074,,,,,ok,True
pilot_shape_incons,ADD,UP,all,421,281,0.10249907999063262,0.09184048896129736,0.1139067414193901,0.10045558973560223,0.5047449584816133,0.498220640569395,0.5118623962040332,0.5023039238077837,ok,True
pilot_shape_incons,ADD,UP,E_bases,236,181,0.10666030078777748,0.09120726014942883,0.1251982642744433,0.1046262850791887,0.5046040515653775,0.4953959484346224,0.5156537753222836,0.5011947240983815,ok,True
pilot_shape_incons,ADD,UP,E_bases_endorsed,172,133,0.10854896822797247,0.09245133723690457,0.1310515368380835,0.10651925276401071,,,,,ok,True
pilot_shape_incons,ADD,ALL,all,761,281,0.10411430475097626,0.09445422535211268,0.11622133858560331,0.10207449214795031,0.5047449584816133,0.498220640569395,0.5115732502965599,0.5031888077428485,ok,True
pilot_shape_incons,ADD,ALL,E_bases,476,181,0.10649781039176232,0.09300450002922096,0.12319599562987009,0.10446342471414799,0.503683241252302,0.4949355432780847,0.5133517495395948,0.5011057054400707,ok,True
pilot_shape_incons,ADD,ALL,E_bases_endorsed,347,133,0.1083654665746641,0.0924799424381092,0.12941616457002178,0.10633533330183781,,,,,ok,True
pilot_shape_incons,SWAP,DOWN,all,134,134,0.18948917384906447,0.14181206642842123,0.24397729661551393,0.18764374847076098,0.5509950248756219,0.5248756218905473,0.582089552238806,0.5509950248756219,ok,True
pilot_shape_incons,SWAP,DOWN,E_bases,65,65,0.14348862405200427,0.10136511375947996,0.1996533044420368,0.14153846153846159,0.5205128205128206,0.4897435897435897,0.5538461538461539,0.520352564102564,ok,True
pilot_shape_incons,SWAP,DOWN,E_bases_endorsed,48,48,0.16338028169014082,0.10633802816901407,0.25845070422535205,0.1614754098360656,,,,,ok,True
pilot_shape_incons,SWAP,UP,all,108,108,0.1633802816901408,0.12112676056338023,0.21408450704225346,0.16147540983606556,0.5277777777777778,0.5046296296296297,0.5555555555555556,0.5302287581699346,ok,True
pilot_shape_incons,SWAP,UP,E_bases,55,55,0.13710627400768247,0.08732394366197187,0.20348271446862987,0.13514157973174368,0.5,0.4727272727272727,0.5272727272727272,0.5034632034632035,ok,True
pilot_shape_incons,SWAP,UP,E_bases_endorsed,44,44,0.1495518565941101,0.08732394366197181,0.23252240717029443,0.14761549925484352,,,,,ok,True
pilot_shape_incons,SWAP,ALL,all,242,177,0.17783727156326382,0.14370438849312087,0.21878013845786579,0.17596531635279775,0.5371939736346516,0.5178907721280603,0.5583921845574387,0.5418217260322523,ok,True
pilot_shape_incons,SWAP,ALL,E_bases,120,91,0.14056338028169008,0.10305973773676541,0.1825597060624617,0.1386065573770492,0.5146520146520146,0.49175824175824173,0.5421245421245422,0.5134803921568627,ok,True
pilot_shape_incons,SWAP,ALL,E_bases_endorsed,92,73,0.15676668707899566,0.10830500242836327,0.2076919347409759,0.15484675694939418,,,,,ok,True
pilot_shape_incons,BIND,DOWN,all,250,250,0.18224225352112672,0.14938591549295774,0.21874929577464783,0.18038032786885247,0.5453333333333332,0.528,0.5653333333333332,0.5453512786002691,ok,True
pilot_shape_incons,BIND,DOWN,E_bases,165,165,0.15370038412291928,0.12037387964148522,0.1924199743918053,0.15177347242921016,0.5262626262626263,0.507070707070707,0.5454545454545454,0.5261798310978639,ok,True
pilot_shape_incons,BIND,DOWN,E_bases_endorsed,121,121,0.17029449423815615,0.12503783028751014,0.22309393551390985,0.1684053651266766,,,,,ok,True
pilot_shape_incons,BIND,UP,all,231,231,0.17819645143588797,0.14658862264496061,0.2137552588256813,0.17632531403023202,0.5425685425685426,0.5245310245310245,0.5627705627705628,0.5416706750040083,ok,True
pilot_shape_incons,BIND,UP,E_bases,153,153,0.14101077050538524,0.11118475559237777,0.17680198840099415,0.13905496624879463,0.5185185185185185,0.5032679738562091,0.537037037037037,0.5170216234642006,ok,True
pilot_shape_incons,BIND,UP,E_bases_endorsed,113,113,0.16001495699862886,0.11963106070048606,0.2084756325564003,0.15810242274771508,,,,,ok,True
pilot_shape_incons,BIND,ALL,all,481,271,0.1802992591724986,0.15634712476539908,0.2071751060548143,0.17843290958045055,0.5445879458794587,0.530750307503075,0.559040590405904,0.5440662033861026,ok,True
pilot_shape_incons,BIND,ALL,E_bases,318,176,0.1475950039861812,0.12176454956152007,0.17686453854899467,0.1456541911537272,0.524621212121212,0.5104166666666666,0.540246212121212,0.522281326067885,ok,True
pilot_shape_incons,BIND,ALL,E_bases_endorsed,234,132,0.1653304442036836,0.13116427824589455,0.20444436456804935,0.16343001261034046,,,,,ok,True
pilot_shape_incons,MEANING_RENAME,DOWN,all,264,264,0.11498079385403326,0.09769526248399486,0.13235275288092138,0.1129657228017884,0.5088383838383838,0.4993686868686869,0.5189393939393939,0.5087818724327676,ok,True
pilot_shape_incons,MEANING_RENAME,DOWN,E_bases,171,171,0.11934766493699034,0.09799851742031133,0.14603409933283912,0.11734253666954275,0.5077972709551658,0.4961013645224171,0.5214424951267057,0.5076616325439177,ok,True
pilot_shape_incons,MEANING_RENAME,DOWN,E_bases_endorsed,126,126,0.1235412474849094,0.09456740442655931,0.15251509054325949,0.12154566744730683,,,,,ok,True
pilot_shape_incons,MEANING_RENAME,UP,all,234,234,0.09902491874322857,0.0873239436619718,0.11462621885157093,0.09697351828499373,0.49501424501424507,0.4821937321937322,0.5064102564102564,0.49614632679148807,ok,True
pilot_shape_incons,MEANING_RENAME,UP,E_bases,151,151,0.10545658054285978,0.08732394366197184,0.12963342971737704,0.10341982412333084,0.4922737306843268,0.4735099337748344,0.5110375275938189,0.4937674930792408,ok,True
pilot_shape_incons,MEANING_RENAME,UP,E_bases_endorsed,113,113,0.10347750218122895,0.08732394366197181,0.12770783996011464,0.10143623966342671,,,,,ok,True
pilot_shape_incons,MEANING_RENAME,ALL,all,498,281,0.10748345494654674,0.09637826961770622,0.1210590855192758,0.10545131345052343,0.5011862396204032,0.4916963226571767,0.5100830367734281,0.5025143308275839,ok,True
pilot_shape_incons,MEANING_RENAME,ALL,E_bases,322,186,0.11283352287638876,0.09601609657947682,0.1332447515280361,0.11081356277364832,0.4991039426523298,0.4852150537634409,0.5120967741935484,0.5009072510293809,ok,True
pilot_shape_incons,MEANING_RENAME,ALL,E_bases_endorsed,239,141,0.11405504154634917,0.09522590085970367,0.13393867946975058,0.11203786267919615,,,,,ok,True
pilot_shape_incons,SCOPE,DOWN,all,0,0,,,,,,,,,absent (0 rows),
pilot_shape_incons,SCOPE,DOWN,E_bases,0,0,,,,,,,,,absent (0 rows),
pilot_shape_incons,SCOPE,DOWN,E_bases_endorsed,0,0,,,,,,,,,absent (0 rows),
pilot_shape_incons,SCOPE,UP,all,0,0,,,,,,,,,absent (0 rows),
pilot_shape_incons,SCOPE,UP,E_bases,0,0,,,,,,,,,absent (0 rows),
pilot_shape_incons,SCOPE,UP,E_bases_endorsed,0,0,,,,,,,,,absent (0 rows),
pilot_shape_incons,SCOPE,ALL,all,0,0,,,,,,,,,absent (0 rows),
pilot_shape_incons,SCOPE,ALL,E_bases,0,0,,,,,,,,,absent (0 rows),
pilot_shape_incons,SCOPE,ALL,E_bases_endorsed,0,0,,,,,,,,,absent (0 rows),
pilot_shape_incons,UNGLUE,DOWN,all,0,0,,,,,,,,,absent (0 rows),
pilot_shape_incons,UNGLUE,DOWN,E_bases,0,0,,,,,,,,,absent (0 rows),
pilot_shape_incons,UNGLUE,DOWN,E_bases_endorsed,0,0,,,,,,,,,absent (0 rows),
pilot_shape_incons,UNGLUE,UP,all,0,0,,,,,,,,,absent (0 rows),
pilot_shape_incons,UNGLUE,UP,E_bases,0,0,,,,,,,,,absent (0 rows),
pilot_shape_incons,UNGLUE,UP,E_bases_endorsed,0,0,,,,,,,,,absent (0 rows),
pilot_shape_incons,UNGLUE,ALL,all,0,0,,,,,,,,,absent (0 rows),
pilot_shape_incons,UNGLUE,ALL,E_bases,0,0,,,,,,,,,absent (0 rows),
pilot_shape_incons,UNGLUE,ALL,E_bases_endorsed,0,0,,,,,,,,,absent (0 rows),
pilot_shape_incons,ADD[ADD_FOREIGN],ALL,all,561,281,0.11010017323190478,0.09706781614956643,0.12643863179074444,0.10807398965547474,0.5065243179122182,0.5,0.5139457295373665,0.506468102975456,ok,True
pilot_shape_incons,ADD[ADD_FOREIGN],ALL,E_bases,361,181,0.1126058288790917,0.09488755738853007,0.13522683059684068,0.11058535034739571,0.5046040515653775,0.4958563535911602,0.5142725598526703,0.5044519192718638,ok,True
pilot_shape_incons,ADD[ADD_FOREIGN],ALL,E_bases_endorsed,265,133,0.1148764283816104,0.0941861696494758,0.14242891310124897,0.1128611197030622,,,,,ok,True
pilot_shape_incons,ADD[ADD_INTERNAL],ALL,all,200,165,0.08732394366197183,0.0873239436619718,0.08732394366197184,0.0852459016393443,0.49393939393939396,0.48484848484848486,0.5,0.49393939393939396,ok,True
pilot_shape_incons,ADD[ADD_INTERNAL],ALL,E_bases,115,80,0.0873239436619718,0.08732394366197181,0.08732394366197183,0.08524590163934431,0.4875,0.46875,0.5,0.4875,ok,True
pilot_shape_incons,ADD[ADD_INTERNAL],ALL,E_bases_endorsed,82,60,0.08732394366197184,0.08732394366197181,0.08732394366197185,0.08524590163934428,,,,,ok,True
pilot_dangling,NEG,DOWN,all,283,283,0.10013416224183218,0.0919710511895089,0.10884148069764366,0.09970907365555819,0.5011778563015311,0.4976442873969375,0.505889281507656,0.502549911133064,ok,True
pilot_dangling,NEG,DOWN,E_bases,183,183,0.11698080126238276,0.10688173928289649,0.12623827474357852,0.1164841954855278,0.5036429872495447,0.5,0.5100182149362477,0.5039279136266039,ok,True
pilot_dangling,NEG,DOWN,E_bases_endorsed,135,135,0.11522281639928701,0.10381461675579325,0.12663101604278076,0.11473367360293155,,,,,ok,True
pilot_dangling,NEG,UP,all,300,300,0.1011336898395722,0.09342032085561498,0.10934759358288773,0.10070435806831567,0.4977777777777777,0.49444444444444446,0.5,0.5020910138248847,ok,True
pilot_dangling,NEG,UP,E_bases,200,200,0.11704812834224601,0.10857754010695189,0.12628877005347594,0.11655123674911662,0.4983333333333333,0.495,0.5,0.5013380281690141,ok,True
pilot_dangling,NEG,UP,E_bases_endorsed,152,152,0.11550802139037435,0.10436251055446104,0.12564030396847736,0.11501766784452298,,,,,ok,True
pilot_dangling,NEG,ALL,all,583,300,0.10064849891305347,0.09251200480192079,0.10894926053437601,0.1002212268696701,0.49944444444444436,0.4972222222222222,0.5016666666666667,0.5005691204717376,ok,True
pilot_dangling,NEG,ALL,E_bases,383,200,0.11701595900643667,0.10804938824649328,0.12615855492854883,0.11651920397826349,0.5008333333333332,0.49875,0.50375,0.5011951605192513,ok,True
pilot_dangling,NEG,ALL,E_bases_endorsed,287,152,0.11537386573254581,0.10429453982549959,0.12586391296330443,0.11488408170300785,,,,,ok,True
pilot_dangling,REV,DOWN,all,0,0,,,,,,,,,absent (0 rows),
pilot_dangling,REV,DOWN,E_bases,0,0,,,,,,,,,absent (0 rows),
pilot_dangling,REV,DOWN,E_bases_endorsed,0,0,,,,,,,,,absent (0 rows),
pilot_dangling,REV,UP,all,281,281,0.09975069937389386,0.09098140712124385,0.10797191086075324,0.09932723866051331,0.5011862396204032,0.49762752075919336,0.5059311981020166,0.5021531744370347,ok,True
pilot_dangling,REV,UP,E_bases,181,181,0.11657163116376637,0.1063609773392029,0.12593139716961624,0.11607676239189425,0.503683241252302,0.5,0.5101289134438305,0.503524302136349,ok,True
pilot_dangling,REV,UP,E_bases_endorsed,133,133,0.11463954002653694,0.10303083912991035,0.12621929154436895,0.11415287334945136,,,,,ok,True
pilot_dangling,REV,ALL,all,281,281,0.09975069937389386,0.09098140712124385,0.10797191086075324,0.09932723866051331,0.5011862396204032,0.49762752075919336,0.5059311981020166,0.5021531744370347,ok,True
pilot_dangling,REV,ALL,E_bases,181,181,0.11657163116376637,0.1063609773392029,0.12593139716961624,0.11607676239189425,0.503683241252302,0.5,0.5101289134438305,0.503524302136349,ok,True
pilot_dangling,REV,ALL,E_bases_endorsed,133,133,0.11463954002653694,0.10303083912991035,0.12621929154436895,0.11415287334945136,,,,,ok,True
pilot_dangling,QUANT,DOWN,all,0,0,,,,,,,,,absent (0 rows),
pilot_dangling,QUANT,DOWN,E_bases,0,0,,,,,,,,,absent (0 rows),
pilot_dangling,QUANT,DOWN,E_bases_endorsed,0,0,,,,,,,,,absent (0 rows),
pilot_dangling,QUANT,UP,all,281,281,0.09975069937389386,0.09152948788703448,0.10851999162654387,0.09932723866051331,0.5011862396204032,0.498220640569395,0.5059311981020166,0.5023674890500958,ok,True
pilot_dangling,QUANT,UP,E_bases,181,181,0.11657163116376637,0.10721186515791652,0.12593139716961624,0.11607676239189425,0.503683241252302,0.5,0.5101289134438305,0.5037593984962406,ok,True
pilot_dangling,QUANT,UP,E_bases_endorsed,133,133,0.11463954002653694,0.10305978850870492,0.12621929154436895,0.11415287334945136,,,,,ok,True
pilot_dangling,QUANT,ALL,all,281,281,0.09975069937389386,0.09152948788703448,0.10851999162654387,0.09932723866051331,0.5011862396204032,0.498220640569395,0.5059311981020166,0.5023674890500958,ok,True
pilot_dangling,QUANT,ALL,E_bases,181,181,0.11657163116376637,0.10721186515791652,0.12593139716961624,0.11607676239189425,0.503683241252302,0.5,0.5101289134438305,0.5037593984962406,ok,True
pilot_dangling,QUANT,ALL,E_bases_endorsed,133,133,0.11463954002653694,0.10305978850870492,0.12621929154436895,0.11415287334945136,,,,,ok,True
pilot_dangling,RESTR,DOWN,all,0,0,,,,,,,,,absent (0 rows),
pilot_dangling,RESTR,DOWN,E_bases,0,0,,,,,,,,,absent (0 rows),
pilot_dangling,RESTR,DOWN,E_bases_endorsed,0,0,,,,,,,,,absent (0 rows),
pilot_dangling,RESTR,UP,all,279,279,0.09936173883042956,0.09106779368638952,0.10819389339313439,0.0989399293286219,0.5011947431302269,0.497610513739546,0.505973715651135,0.5019631014839057,ok,True
pilot_dangling,RESTR,UP,E_bases,179,179,0.1161533175992591,0.10582857825710275,0.12561766199623578,0.11566022464812366,0.5037243947858473,0.5,0.5102420856610801,0.5033434907736584,ok,True
pilot_dangling,RESTR,UP,E_bases_endorsed,132,132,0.11434127369956247,0.10267379679144387,0.12600875060768107,0.11385587321983082,,,,,ok,True
pilot_dangling,RESTR,ALL,all,279,279,0.09936173883042956,0.09106779368638952,0.10819389339313439,0.0989399293286219,0.5011947431302269,0.497610513739546,0.505973715651135,0.5019631014839057,ok,True
pilot_dangling,RESTR,ALL,E_bases,179,179,0.1161533175992591,0.10582857825710275,0.12561766199623578,0.11566022464812366,0.5037243947858473,0.5,0.5102420856610801,0.5033434907736584,ok,True
pilot_dangling,RESTR,ALL,E_bases_endorsed,132,132,0.11434127369956247,0.10267379679144387,0.12600875060768107,0.11385587321983082,,,,,ok,True
pilot_dangling,CONN,DOWN,all,241,241,0.09905252180087426,0.08946679388466063,0.10799920118934032,0.09863202498423826,0.5159059474412171,0.5062240663900415,0.5269709543568465,0.5102873573113411,ok,True
pilot_dangling,CONN,DOWN,E_bases,141,141,0.11687336443281375,0.10595062009329846,0.12670383433837754,0.11637721474575846,0.5153664302600472,0.5035460992907801,0.5319148936170213,0.5101436882785909,ok,True
pilot_dangling,CONN,DOWN,E_bases_endorsed,99,99,0.11511910549343705,0.10111813320369473,0.1291200777831794,0.1146304029696256,,,,,ok,True
pilot_dangling,CONN,UP,all,289,289,0.10018688821864072,0.09166034454045853,0.1087134318968229,0.0997615758005551,0.4994232987312571,0.49711649365628613,0.5011534025374855,0.5004400964174537,ok,True
pilot_dangling,CONN,UP,E_bases,189,189,0.11652661064425772,0.10674815380697736,0.1254901960784314,0.11603193299306375,0.5008818342151675,0.5,0.5026455026455027,0.5009119147359722,ok,True
pilot_dangling,CONN,UP,E_bases_endorsed,141,141,0.11468881556491069,0.10267379679144387,0.125611559904426,0.11420193970378165,,,,,ok,True
pilot_dangling,CONN,ALL,all,530,289,0.09967107254565635,0.09078219885797156,0.10844198762242385,0.09924794986332422,0.5063437139561706,0.5025951557093425,0.5106761822376008,0.4978380044472821,ok,True
pilot_dangling,CONN,ALL,E_bases,330,189,0.11667476908118621,0.1064407862166779,0.12592468579952937,0.11617946246921512,0.5061728395061729,0.5013227513227513,0.5119157848324514,0.500554920842174,ok,True
pilot_dangling,CONN,ALL,E_bases_endorsed,240,141,0.11486631016042782,0.10288936544197763,0.12544654363384133,0.11437868080094232,,,,,ok,True
pilot_dangling,MOVE,DOWN,all,0,0,,,,,,,,,absent (0 rows),
pilot_dangling,MOVE,DOWN,E_bases,0,0,,,,,,,,,absent (0 rows),
pilot_dangling,MOVE,DOWN,E_bases_endorsed,0,0,,,,,,,,,absent (0 rows),
pilot_dangling,MOVE,UP,all,6,6,0.15401069518716579,0.15401069518716579,0.15401069518716579,0.15335689045936396,0.5833333333333334,0.5,0.75,0.5833333333333334,untestable (<30 rows),True
pilot_dangling,MOVE,UP,E_bases,6,6,0.15401069518716579,0.15401069518716579,0.15401069518716579,0.15335689045936396,0.5833333333333334,0.5,0.75,0.5833333333333334,untestable (<30 rows),True
pilot_dangling,MOVE,UP,E_bases_endorsed,5,5,0.15401069518716579,0.15401069518716579,0.15401069518716579,0.15335689045936396,,,,,untestable (<30 rows),True
pilot_dangling,MOVE,ALL,all,6,6,0.15401069518716579,0.15401069518716579,0.15401069518716579,0.15335689045936396,0.5833333333333334,0.5,0.75,0.5833333333333334,untestable (<30 rows),True
pilot_dangling,MOVE,ALL,E_bases,6,6,0.15401069518716579,0.15401069518716579,0.15401069518716579,0.15335689045936396,0.5833333333333334,0.5,0.75,0.5833333333333334,untestable (<30 rows),True
pilot_dangling,MOVE,ALL,E_bases_endorsed,5,5,0.15401069518716579,0.15401069518716579,0.15401069518716579,0.15335689045936396,,,,,untestable (<30 rows),True
pilot_dangling,DROP,DOWN,all,241,241,0.11247254088357336,0.1035258614951073,0.12078017174429184,0.11199507353048989,0.49654218533886585,0.45641424619640386,0.535978561549101,0.5436258558449981,ok,True
pilot_dangling,DROP,DOWN,E_bases,141,141,0.12451928547047447,0.11468881556491069,0.13434975537603824,0.12399067739267723,0.508274231678487,0.4692671394799054,0.5484633569739953,0.5313532183156447,ok,True
pilot_dangling,DROP,DOWN,E_bases_endorsed,99,99,0.1197860962566845,0.1073407875546913,0.1322314049586777,0.1192775814683942,,,,,ok,True
pilot_dangling,DROP,UP,all,51,51,0.1540106951871658,0.1540106951871658,0.1540106951871658,0.15335689045936393,0.5980392156862745,0.5490196078431373,0.6568627450980392,0.5980392156862745,ok,True
pilot_dangling,DROP,UP,E_bases,51,51,0.1540106951871658,0.1540106951871658,0.1540106951871658,0.15335689045936393,0.5980392156862745,0.5490196078431373,0.6568627450980392,0.5980392156862745,ok,True
pilot_dangling,DROP,UP,E_bases_endorsed,39,39,0.15401069518716584,0.15401069518716584,0.15401069518716584,0.1533568904593639,,,,,ok,True
pilot_dangling,DROP,ALL,all,292,269,0.11972749249139257,0.11215412994466079,0.12671417043915917,0.11921922648724526,0.5136307311028501,0.48017348203221816,0.5464838909541511,0.5592928315594711,ok,True
pilot_dangling,DROP,ALL,E_bases,192,169,0.1323529411764706,0.12417616261164152,0.13972287506308123,0.13179107773851592,0.5335305719921104,0.49901380670611445,0.5670611439842209,0.5510611850756082,ok,True
pilot_dangling,DROP,ALL,E_bases_endorsed,138,124,0.12945826551964662,0.12014737673428684,0.13818979599366263,0.12890869053105955,,,,,ok,True
pilot_dangling,ADD,DOWN,all,340,280,0.08561182761874804,0.07700534759358288,0.09396561385689989,0.08524838910829349,0.525,0.4857142857142857,0.566376488095238,0.47369575989240464,ok,True
pilot_dangling,ADD,DOWN,E_bases,240,180,0.1013903743315508,0.09162661612401003,0.11057339299356107,0.10095995288574795,0.49351851851851847,0.4486111111111111,0.5384259259259259,0.464924670433145,ok,True
pilot_dangling,ADD,DOWN,E_bases_endorsed,175,132,0.09944690603514135,0.08800300397508772,0.11046931551846127,0.09902473498233215,,,,,ok,True
pilot_dangling,ADD,UP,all,421,281,0.08779707089054582,0.07976112930846149,0.0959420035752265,0.08742435560628825,0.5083036773428232,0.4724199288256228,0.5471604389086595,0.4729381737621049,ok,True
pilot_dangling,ADD,UP,E_bases,236,181,0.10115109217801144,0.09091296200910091,0.11088833432362846,0.10072168653051447,0.4728360957642726,0.42679558011049723,0.5188766114180479,0.4608488912960367,ok,True
pilot_dangling,ADD,UP,E_bases_endorsed,172,133,0.1011814450938938,0.08906642613233684,0.11192649964016385,0.1007519105924891,,,,,ok,True
pilot_dangling,ADD,ALL,all,761,281,0.08682074669552448,0.07921121095179182,0.09400671293662531,0.08645217609338651,0.5163602214313958,0.48151319691577693,0.5504275405298538,0.47317152911149296,ok,True
pilot_dangling,ADD,ALL,E_bases,476,181,0.10127173864198087,0.09181951225618055,0.11000763941940413,0.10084182082727086,0.48319521178637204,0.4415285451197053,0.5241770257826887,0.4627752416756176,ok,True
pilot_dangling,ADD,ALL,E_bases_endorsed,347,133,0.10030667755705899,0.08886977248804157,0.11058406467956694,0.09988085661042147,,,,,ok,True
pilot_dangling,SWAP,DOWN,all,134,134,0.10803735334025062,0.09654401787852183,0.11955942214063361,0.10757871420283739,0.582089552238806,0.5522388059701493,0.6144278606965173,0.5553809897879025,ok,True
pilot_dangling,SWAP,DOWN,E_bases,65,65,0.12083916083916085,0.10425339366515839,0.13505553270259155,0.12032617559119324,0.5487179487179487,0.5153846153846153,0.5871794871794871,0.5317708333333333,ok,True
pilot_dangling,SWAP,DOWN,E_bases_endorsed,48,48,0.11229946524064172,0.09296791443850269,0.13155080213903744,0.11182273262661956,,,,,ok,True
pilot_dangling,SWAP,UP,all,108,108,0.12691622103386813,0.11550802139037435,0.13689839572192516,0.1263774375081796,0.6234567901234568,0.5832947530864198,0.6651234567901234,0.5934095860566448,ok,True
pilot_dangling,SWAP,UP,E_bases,55,55,0.13440933398152652,0.12040836169178419,0.14561011181332043,0.13383874076453578,0.5727272727272728,0.5272727272727272,0.6272727272727273,0.5615955473098331,ok,True
pilot_dangling,SWAP,UP,E_bases_endorsed,44,44,0.13300923675255227,0.11900826446280993,0.14701020904229464,0.1324445872149052,,,,,ok,True
pilot_dangling,SWAP,ALL,all,242,177,0.11646263313740224,0.10619226379014826,0.12639921597034323,0.11596822708290748,0.6059322033898306,0.5781544256120527,0.635593220338983,0.5760515844247902,ok,True
pilot_dangling,SWAP,ALL,E_bases,120,91,0.12705882352941175,0.11486950819672133,0.13794001395024413,0.1265194346289753,0.5595238095238095,0.5302197802197802,0.5934065934065934,0.5419607843137255,ok,True
pilot_dangling,SWAP,ALL,E_bases_endorsed,92,73,0.12220413857242503,0.10764188373296533,0.1349756654449318,0.12168535873406054,,,,,ok,True
pilot_dangling,BIND,DOWN,all,250,250,0.08809411764705882,0.07885347593582888,0.09733475935828878,0.0877201413427562,0.5073333333333333,0.4653333333333333,0.5506666666666667,0.4726864064602961,ok,True
pilot_dangling,BIND,DOWN,E_bases,165,165,0.09894020418084591,0.08680602819640254,0.1101409820126398,0.09852018417389442,0.494949494949495,0.4484848484848485,0.5404040404040403,0.4568181818181818,ok,True
pilot_dangling,BIND,DOWN,E_bases_endorsed,121,121,0.09927962169090025,0.08655146506386176,0.11200777831793876,0.0988581607919867,,,,,ok,True
pilot_dangling,BIND,UP,all,231,231,0.09000625043405792,0.07933884297520662,0.10000694492673104,0.08962415676196596,0.512987012987013,0.47186147186147187,0.5541305916305915,0.4815552348885682,ok,True
pilot_dangling,BIND,UP,E_bases,153,153,0.09764076753696133,0.08556149732620323,0.10972003774771942,0.09722626388600199,0.47930283224400877,0.43246187363834415,0.5250544662309369,0.45166214634001745,ok,True
pilot_dangling,BIND,UP,E_bases_endorsed,113,113,0.09949363494392126,0.08586436988311012,0.11312290000473241,0.0990712655179962,,,,,ok,True
pilot_dangling,BIND,ALL,all,481,271,0.08901241842418314,0.08088797016132657,0.09723689512835315,0.08863454375821868,0.5070725707257072,0.4701722017220172,0.5424431119311193,0.47944039757641777,ok,True
pilot_dangling,BIND,ALL,E_bases,318,176,0.09831500353142973,0.08771832990465595,0.10865996551772208,0.09789763762028579,0.48863636363636365,0.44886363636363635,0.53125,0.454584769742126,ok,True
pilot_dangling,BIND,ALL,E_bases_endorsed,234,132,0.09938296997120527,0.08829061405126314,0.11086114696662365,0.09896107033916221,,,,,ok,True
pilot_dangling,MEANING_RENAME,DOWN,all,264,264,0.09450656295576083,0.08517258142926593,0.10384054448225571,0.09410536460006426,0.48989898989898983,0.457070707070707,0.5214646464646464,0.4794403433310083,ok,True
pilot_dangling,MEANING_RENAME,DOWN,E_bases,171,171,0.10717703349282297,0.0963692654095131,0.11708415423585704,0.10672204657698427,0.48635477582846,0.4473684210526316,0.5253411306042886,0.4701556741422808,ok,True
pilot_dangling,MEANING_RENAME,DOWN,E_bases_endorsed,126,126,0.10389610389610392,0.0904507257448434,0.11611917494270438,0.10345504515115823,,,,,ok,True
pilot_dangling,MEANING_RENAME,UP,all,234,234,0.09477581242287125,0.08490333196215549,0.104648292883587,0.09437347105191629,0.5014245014245015,0.46225071225071224,0.5377492877492878,0.4948743013259142,ok,True
pilot_dangling,MEANING_RENAME,UP,E_bases,151,151,0.10811346814463295,0.09689414597868047,0.11933279031058543,0.1076545058853813,0.477924944812362,0.43929359823399566,0.5198675496688742,0.47378523469403366,ok,True
pilot_dangling,MEANING_RENAME,UP,E_bases_endorsed,113,113,0.10767119398040793,0.09404192891959681,0.12130045904121907,0.10721410925920137,,,,,ok,True
pilot_dangling,MEANING_RENAME,ALL,all,498,281,0.09463307776560789,0.08672701082352524,0.10277548457427377,0.09423134233045256,0.5002965599051008,0.47182680901542107,0.5266903914590747,0.4829476636705552,ok,True
pilot_dangling,MEANING_RENAME,ALL,E_bases,322,186,0.10761616899724318,0.09863847343267222,0.11649558997152581,0.10715931786756797,0.4901433691756272,0.4574260752688172,0.5228606630824372,0.47178507455742436,ok,True
pilot_dangling,MEANING_RENAME,ALL,E_bases_endorsed,239,141,0.10568097912424768,0.09491975017855243,0.11653194062027183,0.10523234324408239,,,,,ok,True
pilot_dangling,SCOPE,DOWN,all,0,0,,,,,,,,,absent (0 rows),
pilot_dangling,SCOPE,DOWN,E_bases,0,0,,,,,,,,,absent (0 rows),
pilot_dangling,SCOPE,DOWN,E_bases_endorsed,0,0,,,,,,,,,absent (0 rows),
pilot_dangling,SCOPE,UP,all,0,0,,,,,,,,,absent (0 rows),
pilot_dangling,SCOPE,UP,E_bases,0,0,,,,,,,,,absent (0 rows),
pilot_dangling,SCOPE,UP,E_bases_endorsed,0,0,,,,,,,,,absent (0 rows),
pilot_dangling,SCOPE,ALL,all,0,0,,,,,,,,,absent (0 rows),
pilot_dangling,SCOPE,ALL,E_bases,0,0,,,,,,,,,absent (0 rows),
pilot_dangling,SCOPE,ALL,E_bases_endorsed,0,0,,,,,,,,,absent (0 rows),
pilot_dangling,UNGLUE,DOWN,all,0,0,,,,,,,,,absent (0 rows),
pilot_dangling,UNGLUE,DOWN,E_bases,0,0,,,,,,,,,absent (0 rows),
pilot_dangling,UNGLUE,DOWN,E_bases_endorsed,0,0,,,,,,,,,absent (0 rows),
pilot_dangling,UNGLUE,UP,all,0,0,,,,,,,,,absent (0 rows),
pilot_dangling,UNGLUE,UP,E_bases,0,0,,,,,,,,,absent (0 rows),
pilot_dangling,UNGLUE,UP,E_bases_endorsed,0,0,,,,,,,,,absent (0 rows),
pilot_dangling,UNGLUE,ALL,all,0,0,,,,,,,,,absent (0 rows),
pilot_dangling,UNGLUE,ALL,E_bases,0,0,,,,,,,,,absent (0 rows),
pilot_dangling,UNGLUE,ALL,E_bases_endorsed,0,0,,,,,,,,,absent (0 rows),
pilot_dangling,ADD[ADD_FOREIGN],ALL,all,561,281,0.07165203465926964,0.06357616990503741,0.0799012534072487,0.07134785812815328,0.4991103202846975,0.46026097271648864,0.5382562277580071,0.4273382867132867,ok,True
pilot_dangling,ADD[ADD_FOREIGN],ALL,E_bases,361,181,0.08660435214125943,0.07614445909313108,0.09695499319278224,0.08623670017521019,0.4673112338858196,0.4240216390423573,0.5115331491712706,0.41718909462020703,ok,True
pilot_dangling,ADD[ADD_FOREIGN],ALL,E_bases_endorsed,265,133,0.08601352033094542,0.07408148888746206,0.09800680602819642,0.08564837655843723,,,,,ok,True
pilot_dangling,ADD[ADD_INTERNAL],ALL,all,200,165,0.12936898395721927,0.12117592768533349,0.13689839572192516,0.12881978798586574,0.5914141414141414,0.5621212121212121,0.6222222222222221,0.5853737373737373,ok,True
pilot_dangling,ADD[ADD_INTERNAL],ALL,E_bases,115,80,0.14731457800511502,0.14129421576804202,0.15261059795819157,0.14668919956982646,0.540625,0.515625,0.56875,0.5407608695652174,ok,True
pilot_dangling,ADD[ADD_INTERNAL],ALL,E_bases_endorsed,82,60,0.1464979783487675,0.13916176509874115,0.15219880465555208,0.14587606653451696,,,,,ok,True
l2_bow,NEG,DOWN,all,283,283,0.17769242587186973,0.1333830081425718,0.22301428790904904,0.09870435806831568,0.5,0.5,0.5,0.4969265971773666,ok,False
l2_bow,NEG,DOWN,E_bases,183,183,0.1595153243050606,0.10884889522451892,0.21018175338560224,0.08178506375227687,0.5,0.5,0.5,0.4961127901415473,ok,False
l2_bow,NEG,DOWN,E_bases_endorsed,135,135,0.14144927536231885,0.08689210950080516,0.20270531400966185,0.05913580246913581,,,,,ok,False
l2_bow,NEG,UP,all,300,300,0.1776231884057971,0.1364057971014493,0.21885507246376806,0.09977777777777778,0.5,0.5,0.5,0.49258064516129035,ok,False
l2_bow,NEG,UP,E_bases,200,200,0.16095652173913044,0.11095652173913045,0.21414239130434778,0.08483333333333334,0.5,0.5,0.5,0.49104753521126765,ok,False
l2_bow,NEG,UP,E_bases_endorsed,152,152,0.14536613272311213,0.09450800915331808,0.19977116704805492,0.06567982456140352,,,,,ok,False
l2_bow,NEG,ALL,all,583,300,0.17765679767320458,0.1363566125405279,0.22035274815422473,0.09925671812464266,0.5,0.5,0.5,0.49685205239070124,ok,False
l2_bow,NEG,ALL,E_bases,383,200,0.16026790782154615,0.1097995043928813,0.2144414121064468,0.0833768494342907,0.5,0.5,0.5,0.4957525833854301,ok,False
l2_bow,NEG,ALL,E_bases_endorsed,287,152,0.14352370852901078,0.09190287588164682,0.19676915449702878,0.06260162601626017,,,,,ok,False
l2_bow,REV,DOWN,all,0,0,,,,,,,,,absent (0 rows),
l2_bow,REV,DOWN,E_bases,0,0,,,,,,,,,absent (0 rows),
l2_bow,REV,DOWN,E_bases_endorsed,0,0,,,,,,,,,absent (0 rows),
l2_bow,REV,UP,all,281,281,0.1789571406467585,0.1343253906854402,0.22330883490639022,0.09940688018979835,0.5,0.5,0.5,0.4975605900723279,ok,False
l2_bow,REV,UP,E_bases,181,181,0.1612779245736248,0.11154095604131638,0.21450876771558974,0.0826887661141805,0.5,0.5,0.5,0.4969214184279539,ok,False
l2_bow,REV,UP,E_bases_endorsed,133,133,0.14357633213468454,0.08819875776397516,0.20098071265119322,0.06002506265664161,,,,,ok,False
l2_bow,REV,ALL,all,281,281,0.1789571406467585,0.1343253906854402,0.22330883490639022,0.09940688018979835,0.5,0.5,0.5,0.4975605900723279,ok,False
l2_bow,REV,ALL,E_bases,181,181,0.1612779245736248,0.11154095604131638,0.21450876771558974,0.0826887661141805,0.5,0.5,0.5,0.4969214184279539,ok,False
l2_bow,REV,ALL,E_bases_endorsed,133,133,0.14357633213468454,0.08819875776397516,0.20098071265119322,0.06002506265664161,,,,,ok,False
l2_bow,QUANT,DOWN,all,0,0,,,,,,,,,absent (0 rows),
l2_bow,QUANT,DOWN,E_bases,0,0,,,,,,,,,absent (0 rows),
l2_bow,QUANT,DOWN,E_bases_endorsed,0,0,,,,,,,,,absent (0 rows),
l2_bow,QUANT,UP,all,281,281,0.1789571406467585,0.13590515240600343,0.2242696889989169,0.09940688018979835,0.5,0.5,0.5,0.4972197508896797,ok,False
l2_bow,QUANT,UP,E_bases,181,181,0.1612779245736248,0.11155416766754746,0.21557650732644723,0.0826887661141805,0.5,0.5,0.5,0.4964690732355751,ok,False
l2_bow,QUANT,UP,E_bases_endorsed,133,133,0.14357633213468454,0.08819875776397516,0.20647270349787514,0.06002506265664161,,,,,ok,False
l2_bow,QUANT,ALL,all,281,281,0.1789571406467585,0.13590515240600343,0.2242696889989169,0.09940688018979835,0.5,0.5,0.5,0.4972197508896797,ok,False
l2_bow,QUANT,ALL,E_bases,181,181,0.1612779245736248,0.11155416766754746,0.21557650732644723,0.0826887661141805,0.5,0.5,0.5,0.4964690732355751,ok,False
l2_bow,QUANT,ALL,E_bases_endorsed,133,133,0.14357633213468454,0.08819875776397516,0.20647270349787514,0.06002506265664161,,,,,ok,False
l2_bow,RESTR,DOWN,all,0,0,,,,,,,,,absent (0 rows),
l2_bow,RESTR,DOWN,E_bases,0,0,,,,,,,,,absent (0 rows),
l2_bow,RESTR,DOWN,E_bases_endorsed,0,0,,,,,,,,,absent (0 rows),
l2_bow,RESTR,UP,all,279,279,0.18023998753311518,0.13920679445223627,0.22745987221443043,0.10011947431302272,0.5,0.5,0.5,0.49786591172752925,ok,False
l2_bow,RESTR,UP,E_bases,179,179,0.16307991255768767,0.11376123390818557,0.21690551372358516,0.08361266294227189,0.5,0.5,0.5,0.49730192991366173,ok,False
l2_bow,RESTR,UP,E_bases_endorsed,132,132,0.14466403162055338,0.09087615283267457,0.20733036890645576,0.06047979797979799,,,,,ok,False
l2_bow,RESTR,ALL,all,279,279,0.18023998753311518,0.13920679445223627,0.22745987221443043,0.10011947431302272,0.5,0.5,0.5,0.49786591172752925,ok,False
l2_bow,RESTR,ALL,E_bases,179,179,0.16307991255768767,0.11376123390818557,0.21690551372358516,0.08361266294227189,0.5,0.5,0.5,0.49730192991366173,ok,False
l2_bow,RESTR,ALL,E_bases_endorsed,132,132,0.14466403162055338,0.09087615283267457,0.20733036890645576,0.06047979797979799,,,,,ok,False
l2_bow,CONN,DOWN,all,241,241,0.17243370016236698,0.1271775211979073,0.21960220097420166,0.09100968188105119,0.5,0.5,0.5,0.5,ok,False
l2_bow,CONN,DOWN,E_bases,141,141,0.1451125501079248,0.09096515572001235,0.20826703669441873,0.06359338061465722,0.5,0.5,0.5,0.5,ok,False
l2_bow,CONN,DOWN,E_bases_endorsed,99,99,0.12859025032938076,0.0707070707070707,0.19389547650417194,0.04023569023569024,,,,,ok,False
l2_bow,CONN,UP,all,289,289,0.18092372498871673,0.1378065292613209,0.2255754475703325,0.10011534025374857,0.5,0.5,0.5,0.49767435287657513,ok,False
l2_bow,CONN,UP,E_bases,189,189,0.1650333563377042,0.11354957441913965,0.2174499654934437,0.08447971781305115,0.5,0.5,0.5,0.49713126822642084,ok,False
l2_bow,CONN,UP,E_bases_endorsed,141,141,0.14961455442491522,0.09287696577243294,0.2063521430773975,0.06371158392434989,,,,,ok,False
l2_bow,CONN,ALL,all,530,289,0.17706316652994258,0.13427823392790106,0.22186499228022205,0.0959748427672956,0.5,0.5,0.5,0.5027751480592677,ok,False
l2_bow,CONN,ALL,E_bases,330,189,0.1565217391304348,0.1067384680086701,0.20853394293033506,0.07555555555555557,0.5,0.5,0.5,0.5002012948152984,ok,False
l2_bow,CONN,ALL,E_bases_endorsed,240,141,0.14094202898550726,0.08618378918621548,0.19586006177239237,0.054027777777777786,,,,,ok,False
l2_bow,MOVE,DOWN,all,0,0,,,,,,,,,absent (0 rows),
l2_bow,MOVE,DOWN,E_bases,0,0,,,,,,,,,absent (0 rows),
l2_bow,MOVE,DOWN,E_bases_endorsed,0,0,,,,,,,,,absent (0 rows),
l2_bow,MOVE,UP,all,6,6,0.16666666666666666,0.0,0.5,0.0,0.5,0.5,0.5,0.5,untestable (<30 rows),False
l2_bow,MOVE,UP,E_bases,6,6,0.16666666666666666,0.0,0.5,0.0,0.5,0.5,0.5,0.5,untestable (<30 rows),False
l2_bow,MOVE,UP,E_bases_endorsed,5,5,0.2,0.0,0.6,0.0,,,,,untestable (<30 rows),False
l2_bow,MOVE,ALL,all,6,6,0.16666666666666666,0.0,0.5,0.0,0.5,0.5,0.5,0.5,untestable (<30 rows),False
l2_bow,MOVE,ALL,E_bases,6,6,0.16666666666666666,0.0,0.5,0.0,0.5,0.5,0.5,0.5,untestable (<30 rows),False
l2_bow,MOVE,ALL,E_bases_endorsed,5,5,0.2,0.0,0.6,0.0,,,,,untestable (<30 rows),False
l2_bow,DROP,DOWN,all,241,241,0.8287569907992063,0.7815984124120513,0.8770340970593542,0.7631396957123099,0.970954356846473,0.9522821576763485,0.9854771784232366,0.908765344949295,ok,False
l2_bow,DROP,DOWN,E_bases,141,141,0.7969164353993217,0.7259944495837188,0.8607462226333642,0.7656028368794326,0.9574468085106383,0.9326241134751773,0.9787234042553191,0.9207283335848298,ok,False
l2_bow,DROP,DOWN,E_bases_endorsed,99,99,0.8181818181818182,0.7373737373737373,0.8888888888888888,0.7772727272727273,,,,,ok,False
l2_bow,DROP,UP,all,51,51,0.6828644501278773,0.5508951406649617,0.8057971014492754,0.5882352941176471,0.9607843137254902,0.9215686274509803,0.9901960784313726,0.8846597462514418,ok,False
l2_bow,DROP,UP,E_bases,51,51,0.6828644501278773,0.5508951406649617,0.8057971014492754,0.5882352941176471,0.9607843137254902,0.9215686274509803,0.9901960784313726,0.8846597462514418,ok,False
l2_bow,DROP,UP,E_bases_endorsed,39,39,0.7554069119286512,0.6272017837235229,0.874247491638796,0.6666666666666666,,,,,ok,False
l2_bow,DROP,ALL,all,292,269,0.8032757593805838,0.7552705536236186,0.852901373784079,0.7325913242009133,0.9693308550185874,0.9535315985130112,0.983271375464684,0.8991572032387839,ok,False
l2_bow,DROP,ALL,E_bases,192,169,0.7666213768115943,0.7029954962663623,0.8273226544622425,0.7184895833333332,0.9571005917159763,0.9363905325443787,0.9763313609467456,0.9057414940828403,ok,False
l2_bow,DROP,ALL,E_bases_endorsed,138,124,0.8004410838059232,0.7292710735582164,0.864669887278583,0.7460144927536232,,,,,ok,False
l2_bow,ADD,DOWN,all,340,280,0.8042966751918159,0.7669338571746843,0.8406527595664864,0.7705882352941177,0.9035714285714286,0.88390625,0.9223214285714286,0.8657765272173851,ok,False
l2_bow,ADD,DOWN,E_bases,240,180,0.746231884057971,0.6995919770678685,0.7937941669661037,0.7,0.8694444444444445,0.8430555555555556,0.8944444444444445,0.8454449152542373,ok,False
l2_bow,ADD,DOWN,E_bases_endorsed,175,132,0.7563726708074534,0.7021727119865481,0.8117647058823529,0.7028571428571428,,,,,ok,False
l2_bow,ADD,UP,all,421,281,0.6679128369307032,0.6323852692526286,0.7047844623588061,0.6269992082343627,0.8229537366548043,0.8033807829181495,0.8425266903914591,0.7886742303124429,ok,False
l2_bow,ADD,UP,E_bases,236,181,0.7292188651436993,0.6835163559175417,0.7760531041297534,0.6822033898305084,0.856353591160221,0.8287292817679558,0.8812154696132597,0.8302934242385626,ok,False
l2_bow,ADD,UP,E_bases_endorsed,172,133,0.7114256825075834,0.6537345290696565,0.7680632411067194,0.6627906976744186,,,,,ok,False
l2_bow,ADD,ALL,all,761,281,0.7288464834599783,0.7003368084387114,0.7586316404616027,0.6911519929916776,0.8460854092526691,0.8308125741399762,0.8623962040332146,0.8231633162337005,ok,False
l2_bow,ADD,ALL,E_bases,476,181,0.7377968578735842,0.6983801431492842,0.7785540941890888,0.6911764705882353,0.8554327808471454,0.8335577808471455,0.8773020257826886,0.8380062551336325,ok,False
l2_bow,ADD,ALL,E_bases_endorsed,347,133,0.7340934719959905,0.6883591265231437,0.783023765132871,0.6829971181556196,,,,,ok,False
l2_bow,SWAP,DOWN,all,134,134,0.18053212199870217,0.11810512654120701,0.245684620376379,0.08942786069651742,0.5,0.5,0.5,0.4996913926607564,ok,False
l2_bow,SWAP,DOWN,E_bases,65,65,0.1245484949832776,0.05324414715719064,0.2070903010033445,0.015384615384615385,0.5,0.5,0.5,0.5,ok,False
l2_bow,SWAP,DOWN,E_bases_endorsed,48,48,0.14021739130434782,0.04927536231884058,0.23677536231884058,0.0,,,,,ok,False
l2_bow,SWAP,UP,all,108,108,0.2104669887278583,0.13639291465378423,0.2811594202898551,0.12006172839506174,0.5,0.5,0.5,0.49089203582667634,ok,False
l2_bow,SWAP,UP,E_bases,55,55,0.15209486166007907,0.06118577075098815,0.24964426877470358,0.09090909090909091,0.5,0.5,0.5,0.4904761904761905,ok,False
l2_bow,SWAP,UP,E_bases_endorsed,44,44,0.1590909090909091,0.06818181818181818,0.2727272727272727,0.09090909090909091,,,,,ok,False
l2_bow,SWAP,ALL,all,242,177,0.1938914840100611,0.13476273850861809,0.25798071675459333,0.10309917355371902,0.5,0.5,0.5,0.49347542409743367,ok,False
l2_bow,SWAP,ALL,E_bases,120,91,0.13717391304347828,0.06854844256042816,0.21311672032836038,0.05,0.5,0.5,0.5,0.48490196078431375,ok,False
l2_bow,SWAP,ALL,E_bases_endorsed,92,73,0.14924385633270323,0.07232783912635998,0.23879972247918593,0.043478260869565216,,,,,ok,False
l2_bow,BIND,DOWN,all,250,250,0.29022608695652174,0.23636521739130434,0.3436965217391304,0.18366666666666667,0.63,0.604,0.658,0.5829744279946164,ok,False
l2_bow,BIND,DOWN,E_bases,165,165,0.22924901185770752,0.16862845849802371,0.2920948616600789,0.13292929292929295,0.5636363636363636,0.5393939393939394,0.5878787878787879,0.548851217088922,ok,False
l2_bow,BIND,DOWN,E_bases_endorsed,121,121,0.23219547251167805,0.15779554437657206,0.3065756378009343,0.12355371900826449,,,,,ok,False
l2_bow,BIND,UP,all,231,231,0.30111048371917937,0.24325239977413893,0.3573875399962356,0.22481962481962484,0.6385281385281385,0.6082251082251082,0.6666666666666666,0.5853872053872053,ok,False
l2_bow,BIND,UP,E_bases,153,153,0.2210855356635408,0.15811310031258882,0.28644501278772383,0.15000000000000002,0.5620915032679739,0.5359477124183006,0.5915032679738562,0.5506869414432439,ok,False
l2_bow,BIND,UP,E_bases_endorsed,113,113,0.23093497499038093,0.1577529819161216,0.3081954597922278,0.15014749262536875,,,,,ok,False
l2_bow,BIND,ALL,all,481,271,0.29545331284461723,0.2468046386719021,0.344913743584655,0.20343035343035346,0.6559040590405905,0.6319188191881919,0.6808118081180812,0.5820381028189592,ok,False
l2_bow,BIND,ALL,E_bases,318,176,0.2253213016133443,0.17186604509193215,0.2823471527376974,0.14114255765199163,0.5767045454545454,0.5525568181818182,0.6008522727272727,0.5475374084096329,ok,False
l2_bow,BIND,ALL,E_bases_endorsed,234,132,0.23158677071720551,0.17282415408404583,0.29943557437113455,0.13639601139601143,,,,,ok,False
l2_bow,MEANING_RENAME,DOWN,all,264,264,0.9535243741765481,0.9259790843214757,0.9762516469038208,0.9393939393939394,0.9924242424242424,0.9829545454545454,1.0,0.9790746338060916,ok,False
l2_bow,MEANING_RENAME,DOWN,E_bases,171,171,0.9574879227053141,0.9250813628273582,0.9845919145690313,0.9473684210526315,0.9883040935672515,0.9736842105263158,1.0,0.9837059514259472,ok,False
l2_bow,MEANING_RENAME,DOWN,E_bases_endorsed,126,126,0.9423050379572119,0.8997239475500346,0.9790890269151139,0.9365079365079365,,,,,ok,False
l2_bow,MEANING_RENAME,UP,all,234,234,0.9518394648829432,0.9250464511334077,0.9763573021181716,0.9400997150997151,0.9914529914529915,0.9829059829059829,0.9978632478632479,0.9744717647943454,ok,False
l2_bow,MEANING_RENAME,UP,E_bases,151,151,0.9386121508782034,0.8994946731932049,0.9735099337748344,0.9270419426048566,0.9867549668874173,0.9735099337748344,0.9966887417218543,0.9707110410963095,ok,False
l2_bow,MEANING_RENAME,UP,E_bases_endorsed,113,113,0.9356675644478646,0.8881877645248173,0.9766833397460563,0.9290560471976401,,,,,ok,False
l2_bow,MEANING_RENAME,ALL,all,498,281,0.9527326698096735,0.9306737955536227,0.9734707386009394,0.9397255689424364,0.9919928825622776,0.9848754448398577,0.9973309608540926,0.9762983558164281,ok,False
l2_bow,MEANING_RENAME,ALL,E_bases,322,186,0.9486362408857684,0.9189300128416803,0.9742421024955246,0.9378364389233955,0.9879032258064516,0.978494623655914,0.9959677419354839,0.9777490869332589,ok,False
l2_bow,MEANING_RENAME,ALL,E_bases_endorsed,239,141,0.9391668182645079,0.903361135537487,0.9715504523996853,0.9329846582984659,,,,,ok,False
l2_bow,SCOPE,DOWN,all,0,0,,,,,,,,,absent (0 rows),
l2_bow,SCOPE,DOWN,E_bases,0,0,,,,,,,,,absent (0 rows),
l2_bow,SCOPE,DOWN,E_bases_endorsed,0,0,,,,,,,,,absent (0 rows),
l2_bow,SCOPE,UP,all,0,0,,,,,,,,,absent (0 rows),
l2_bow,SCOPE,UP,E_bases,0,0,,,,,,,,,absent (0 rows),
l2_bow,SCOPE,UP,E_bases_endorsed,0,0,,,,,,,,,absent (0 rows),
l2_bow,SCOPE,ALL,all,0,0,,,,,,,,,absent (0 rows),
l2_bow,SCOPE,ALL,E_bases,0,0,,,,,,,,,absent (0 rows),
l2_bow,SCOPE,ALL,E_bases_endorsed,0,0,,,,,,,,,absent (0 rows),
l2_bow,UNGLUE,DOWN,all,0,0,,,,,,,,,absent (0 rows),
l2_bow,UNGLUE,DOWN,E_bases,0,0,,,,,,,,,absent (0 rows),
l2_bow,UNGLUE,DOWN,E_bases_endorsed,0,0,,,,,,,,,absent (0 rows),
l2_bow,UNGLUE,UP,all,0,0,,,,,,,,,absent (0 rows),
l2_bow,UNGLUE,UP,E_bases,0,0,,,,,,,,,absent (0 rows),
l2_bow,UNGLUE,UP,E_bases_endorsed,0,0,,,,,,,,,absent (0 rows),
l2_bow,UNGLUE,ALL,all,0,0,,,,,,,,,absent (0 rows),
l2_bow,UNGLUE,ALL,E_bases,0,0,,,,,,,,,absent (0 rows),
l2_bow,UNGLUE,ALL,E_bases_endorsed,0,0,,,,,,,,,absent (0 rows),
l2_bow,ADD[ADD_FOREIGN],ALL,all,561,281,0.9222196388436797,0.8967968165421543,0.9455654689259554,0.9037433155080213,0.943950177935943,0.9288256227758007,0.9590747330960854,0.9377249588646648,ok,False
l2_bow,ADD[ADD_FOREIGN],ALL,E_bases,361,181,0.9141274238227147,0.8784530386740331,0.9447513812154696,0.8864265927977839,0.9337016574585635,0.9116022099447514,0.9530386740331491,0.9437964717888905,ok,False
l2_bow,ADD[ADD_FOREIGN],ALL,E_bases_endorsed,265,133,0.9018867924528302,0.8566037735849057,0.9431818181818182,0.8754716981132076,,,,,ok,False
l2_bow,ADD[ADD_INTERNAL],ALL,all,200,165,0.18643478260869567,0.13277799048237077,0.24826727982162763,0.09483333333333334,0.5,0.5,0.5,0.49477272727272725,ok,False
l2_bow,ADD[ADD_INTERNAL],ALL,E_bases,115,80,0.18427221172022687,0.10298029704156188,0.27291014161111654,0.0782608695652174,0.5,0.5,0.5,0.5016304347826087,ok,False
l2_bow,ADD[ADD_INTERNAL],ALL,E_bases_endorsed,82,60,0.19183457051961825,0.09785360484314805,0.3004057396343767,0.06097560975609756,,,,,ok,False
l3_z3,NEG,DOWN,all,183,183,0.18142076502732243,0.12677595628415303,0.24098360655737705,0.3453551912568306,0.8779599271402551,0.842440801457195,0.9107468123861566,0.775132032847941,ok,False
l3_z3,NEG,DOWN,E_bases,183,183,0.18142076502732243,0.12677595628415303,0.24098360655737705,0.3453551912568306,0.8779599271402551,0.842440801457195,0.9107468123861566,0.775132032847941,ok,False
l3_z3,NEG,DOWN,E_bases_endorsed,135,135,0.17851851851851852,0.11851851851851852,0.24444444444444444,0.34222222222222226,,,,,ok,False
l3_z3,NEG,UP,all,200,200,0.64,0.575,0.71,0.677,0.9266666666666665,0.8983125,0.9533333333333333,0.8755677816901408,ok,False
l3_z3,NEG,UP,E_bases,200,200,0.64,0.575,0.71,0.677,0.9266666666666665,0.8983125,0.9533333333333333,0.8755677816901408,ok,False
l3_z3,NEG,UP,E_bases_endorsed,152,152,0.625,0.5460526315789473,0.7039473684210527,0.6671052631578948,,,,,ok,False
l3_z3,NEG,ALL,all,383,200,0.42088772845953,0.3723936298076923,0.47225202099666336,0.518537859007833,0.9025,0.8762395833333333,0.9270833333333333,0.8248193468907439,ok,False
l3_z3,NEG,ALL,E_bases,383,200,0.42088772845953,0.3723936298076923,0.47225202099666336,0.518537859007833,0.9025,0.8762395833333333,0.9270833333333333,0.8248193468907439,ok,False
l3_z3,NEG,ALL,E_bases_endorsed,287,152,0.41498257839721253,0.35723754602288166,0.4736879833993586,0.5142857142857143,,,,,ok,False
l3_z3,REV,DOWN,all,0,0,,,,,,,,,absent (0 rows),
l3_z3,REV,DOWN,E_bases,0,0,,,,,,,,,absent (0 rows),
l3_z3,REV,DOWN,E_bases_endorsed,0,0,,,,,,,,,absent (0 rows),
l3_z3,REV,UP,all,181,181,0.8895027624309392,0.8397790055248618,0.9281767955801105,0.9281767955801105,0.9631675874769798,0.9392265193370166,0.9843462246777164,0.9589937080841271,ok,False
l3_z3,REV,UP,E_bases,181,181,0.8895027624309392,0.8397790055248618,0.9281767955801105,0.9281767955801105,0.9631675874769798,0.9392265193370166,0.9843462246777164,0.9589937080841271,ok,False
l3_z3,REV,UP,E_bases_endorsed,133,133,0.8947368421052632,0.8421052631578947,0.9398496240601504,0.9323308270676691,,,,,ok,False
l3_z3,REV,ALL,all,181,181,0.8895027624309392,0.8397790055248618,0.9281767955801105,0.9281767955801105,0.9631675874769798,0.9392265193370166,0.9843462246777164,0.9589937080841271,ok,False
l3_z3,REV,ALL,E_bases,181,181,0.8895027624309392,0.8397790055248618,0.9281767955801105,0.9281767955801105,0.9631675874769798,0.9392265193370166,0.9843462246777164,0.9589937080841271,ok,False
l3_z3,REV,ALL,E_bases_endorsed,133,133,0.8947368421052632,0.8421052631578947,0.9398496240601504,0.9323308270676691,,,,,ok,False
l3_z3,QUANT,DOWN,all,0,0,,,,,,,,,absent (0 rows),
l3_z3,QUANT,DOWN,E_bases,0,0,,,,,,,,,absent (0 rows),
l3_z3,QUANT,DOWN,E_bases_endorsed,0,0,,,,,,,,,absent (0 rows),
l3_z3,QUANT,UP,all,181,181,0.22154696132596685,0.16077348066298344,0.2828729281767956,0.37790055248618787,0.6878453038674033,0.6500920810313074,0.7265193370165746,0.6684563618992232,ok,False
l3_z3,QUANT,UP,E_bases,181,181,0.22154696132596685,0.16077348066298344,0.2828729281767956,0.37790055248618787,0.6878453038674033,0.6500920810313074,0.7265193370165746,0.6684563618992232,ok,False
l3_z3,QUANT,UP,E_bases_endorsed,133,133,0.21127819548872181,0.1443609022556391,0.2804511278195489,0.3639097744360903,,,,,ok,False
l3_z3,QUANT,ALL,all,181,181,0.22154696132596685,0.16077348066298344,0.2828729281767956,0.37790055248618787,0.6878453038674033,0.6500920810313074,0.7265193370165746,0.6684563618992232,ok,False
l3_z3,QUANT,ALL,E_bases,181,181,0.22154696132596685,0.16077348066298344,0.2828729281767956,0.37790055248618787,0.6878453038674033,0.6500920810313074,0.7265193370165746,0.6684563618992232,ok,False
l3_z3,QUANT,ALL,E_bases_endorsed,133,133,0.21127819548872181,0.1443609022556391,0.2804511278195489,0.3639097744360903,,,,,ok,False
l3_z3,RESTR,DOWN,all,0,0,,,,,,,,,absent (0 rows),
l3_z3,RESTR,DOWN,E_bases,0,0,,,,,,,,,absent (0 rows),
l3_z3,RESTR,DOWN,E_bases_endorsed,0,0,,,,,,,,,absent (0 rows),
l3_z3,RESTR,UP,all,179,179,0.38044692737430164,0.3134078212290503,0.45251396648044695,0.7675977653631285,0.9115456238361266,0.8780260707635009,0.942271880819367,0.9015627645166752,ok,False
l3_z3,RESTR,UP,E_bases,179,179,0.38044692737430164,0.3134078212290503,0.45251396648044695,0.7675977653631285,0.9115456238361266,0.8780260707635009,0.942271880819367,0.9015627645166752,ok,False
l3_z3,RESTR,UP,E_bases_endorsed,132,132,0.3568181818181818,0.2803030303030303,0.44179924242424173,0.7378787878787879,,,,,ok,False
l3_z3,RESTR,ALL,all,179,179,0.38044692737430164,0.3134078212290503,0.45251396648044695,0.7675977653631285,0.9115456238361266,0.8780260707635009,0.942271880819367,0.9015627645166752,ok,False
l3_z3,RESTR,ALL,E_bases,179,179,0.38044692737430164,0.3134078212290503,0.45251396648044695,0.7675977653631285,0.9115456238361266,0.8780260707635009,0.942271880819367,0.9015627645166752,ok,False
l3_z3,RESTR,ALL,E_bases_endorsed,132,132,0.3568181818181818,0.2803030303030303,0.44179924242424173,0.7378787878787879,,,,,ok,False
l3_z3,CONN,DOWN,all,141,141,0.05673758865248227,0.02127659574468085,0.09929078014184398,0.14184397163120568,0.6099290780141844,0.5673758865248227,0.6536643026004727,0.5751303589692001,ok,False
l3_z3,CONN,DOWN,E_bases,141,141,0.05673758865248227,0.02127659574468085,0.09929078014184398,0.14184397163120568,0.6099290780141844,0.5673758865248227,0.6536643026004727,0.5751303589692001,ok,False
l3_z3,CONN,DOWN,E_bases_endorsed,99,99,0.04040404040404041,0.010101010101010102,0.08080808080808081,0.1414141414141414,,,,,ok,False
l3_z3,CONN,UP,all,189,189,0.1650793650793651,0.11374338624338629,0.21851851851851853,0.2751322751322751,0.5987654320987654,0.5564373897707231,0.6393298059964726,0.5969241875884604,ok,False
l3_z3,CONN,UP,E_bases,189,189,0.1650793650793651,0.11374338624338629,0.21851851851851853,0.2751322751322751,0.5987654320987654,0.5564373897707231,0.6393298059964726,0.5969241875884604,ok,False
l3_z3,CONN,UP,E_bases_endorsed,141,141,0.15035460992907804,0.09361702127659577,0.2141843971631206,0.24113475177304963,,,,,ok,False
l3_z3,CONN,ALL,all,330,189,0.1187878787878788,0.08229037267080747,0.15750096153846155,0.21818181818181817,0.599647266313933,0.5670083774250441,0.6309523809523809,0.5721369892824112,ok,False
l3_z3,CONN,ALL,E_bases,330,189,0.1187878787878788,0.08229037267080747,0.15750096153846155,0.21818181818181817,0.599647266313933,0.5670083774250441,0.6309523809523809,0.5721369892824112,ok,False
l3_z3,CONN,ALL,E_bases_endorsed,240,141,0.10500000000000001,0.06680497925311205,0.149787278929886,0.2,,,,,ok,False
l3_z3,MOVE,DOWN,all,0,0,,,,,,,,,absent (0 rows),
l3_z3,MOVE,DOWN,E_bases,0,0,,,,,,,,,absent (0 rows),
l3_z3,MOVE,DOWN,E_bases_endorsed,0,0,,,,,,,,,absent (0 rows),
l3_z3,MOVE,UP,all,6,6,0.16666666666666666,0.0,0.5,0.3333333333333333,0.6666666666666666,0.5,0.8333333333333334,0.6388888888888888,untestable (<30 rows),False
l3_z3,MOVE,UP,E_bases,6,6,0.16666666666666666,0.0,0.5,0.3333333333333333,0.6666666666666666,0.5,0.8333333333333334,0.6388888888888888,untestable (<30 rows),False
l3_z3,MOVE,UP,E_bases_endorsed,5,5,0.2,0.0,0.6,0.4,,,,,untestable (<30 rows),False
l3_z3,MOVE,ALL,all,6,6,0.16666666666666666,0.0,0.5,0.3333333333333333,0.6666666666666666,0.5,0.8333333333333334,0.6388888888888888,untestable (<30 rows),False
l3_z3,MOVE,ALL,E_bases,6,6,0.16666666666666666,0.0,0.5,0.3333333333333333,0.6666666666666666,0.5,0.8333333333333334,0.6388888888888888,untestable (<30 rows),False
l3_z3,MOVE,ALL,E_bases_endorsed,5,5,0.2,0.0,0.6,0.4,,,,,untestable (<30 rows),False
l3_z3,DROP,DOWN,all,141,141,0.0851063829787234,0.0425531914893617,0.1347517730496454,0.13049645390070924,0.8356973995271867,0.781323877068558,0.884160756501182,0.7279311905839747,ok,False
l3_z3,DROP,DOWN,E_bases,141,141,0.0851063829787234,0.0425531914893617,0.1347517730496454,0.13049645390070924,0.8356973995271867,0.781323877068558,0.884160756501182,0.7279311905839747,ok,False
l3_z3,DROP,DOWN,E_bases_endorsed,99,99,0.06060606060606061,0.020202020202020204,0.1111111111111111,0.10505050505050507,,,,,ok,False
l3_z3,DROP,UP,all,51,51,0.2549019607843137,0.13725490196078433,0.39215686274509803,0.37254901960784315,0.7581699346405228,0.6633986928104574,0.849673202614379,0.6141227732923235,ok,False
l3_z3,DROP,UP,E_bases,51,51,0.2549019607843137,0.13725490196078433,0.39215686274509803,0.37254901960784315,0.7581699346405228,0.6633986928104574,0.849673202614379,0.6141227732923235,ok,False
l3_z3,DROP,UP,E_bases_endorsed,39,39,0.2564102564102564,0.1282051282051282,0.41025641025641024,0.3333333333333333,,,,,ok,False
l3_z3,DROP,ALL,all,192,169,0.13020833333333334,0.08107425607425608,0.18461538461538463,0.1947916666666667,0.8141025641025642,0.767258382642998,0.8594674556213018,0.7077940088757396,ok,False
l3_z3,DROP,ALL,E_bases,192,169,0.13020833333333334,0.08107425607425608,0.18461538461538463,0.1947916666666667,0.8141025641025642,0.767258382642998,0.8594674556213018,0.7077940088757396,ok,False
l3_z3,DROP,ALL,E_bases_endorsed,138,124,0.11594202898550725,0.06382978723404255,0.1752146844139114,0.16956521739130437,,,,,ok,False
l3_z3,ADD,DOWN,all,240,180,0.10500000000000001,0.059655671397189594,0.15352879668049793,0.18083333333333335,0.9,0.8722222222222222,0.9254745370370371,0.6931261770244821,ok,False
l3_z3,ADD,DOWN,E_bases,240,180,0.10500000000000001,0.059655671397189594,0.15352879668049793,0.18083333333333335,0.9,0.8722222222222222,0.9254745370370371,0.6931261770244821,ok,False
l3_z3,ADD,DOWN,E_bases_endorsed,175,132,0.10971428571428574,0.058606321839080475,0.16546474648821366,0.17942857142857144,,,,,ok,False
l3_z3,ADD,UP,all,236,181,0.0978813559322034,0.05640692640692642,0.14440570247933882,0.1694915254237288,0.8784530386740331,0.8503568139963167,0.9056169429097607,0.6629922263285333,ok,False
l3_z3,ADD,UP,E_bases,236,181,0.0978813559322034,0.05640692640692642,0.14440570247933882,0.1694915254237288,0.8784530386740331,0.8503568139963167,0.9056169429097607,0.6629922263285333,ok,False
l3_z3,ADD,UP,E_bases_endorsed,172,133,0.09360465116279071,0.046777828191167575,0.14679050567595456,0.1569767441860465,,,,,ok,False
l3_z3,ADD,ALL,all,476,181,0.10147058823529413,0.061517757208591685,0.14799340773528372,0.17521008403361346,0.8846685082872928,0.8624079189686925,0.9076887661141805,0.678452960131421,ok,False
l3_z3,ADD,ALL,E_bases,476,181,0.10147058823529413,0.061517757208591685,0.14799340773528372,0.17521008403361346,0.8846685082872928,0.8624079189686925,0.9076887661141805,0.678452960131421,ok,False
l3_z3,ADD,ALL,E_bases_endorsed,347,133,0.10172910662824208,0.054129890453834116,0.15487778551532036,0.16829971181556197,,,,,ok,False
l3_z3,SWAP,DOWN,all,65,65,0.07692307692307693,0.015384615384615385,0.15384615384615385,0.12307692307692308,0.541025641025641,0.5102564102564102,0.5794871794871794,0.5461538461538461,ok,False
l3_z3,SWAP,DOWN,E_bases,65,65,0.07692307692307693,0.015384615384615385,0.15384615384615385,0.12307692307692308,0.541025641025641,0.5102564102564102,0.5794871794871794,0.5461538461538461,ok,False
l3_z3,SWAP,DOWN,E_bases_endorsed,48,48,0.0625,0.0,0.14583333333333334,0.08333333333333333,,,,,ok,False
l3_z3,SWAP,UP,all,55,55,0.2927272727272728,0.18181818181818182,0.41818181818181815,0.38909090909090915,0.6212121212121212,0.5696969696969697,0.6757575757575757,0.5689548546691404,ok,False
l3_z3,SWAP,UP,E_bases,55,55,0.2927272727272728,0.18181818181818182,0.41818181818181815,0.38909090909090915,0.6212121212121212,0.5696969696969697,0.6757575757575757,0.5689548546691404,ok,False
l3_z3,SWAP,UP,E_bases_endorsed,44,44,0.2977272727272728,0.1636363636363637,0.43409090909090914,0.35000000000000003,,,,,ok,False
l3_z3,SWAP,ALL,all,120,91,0.17583333333333334,0.0956896551724138,0.25916666666666666,0.24500000000000002,0.5677655677655679,0.5384615384615384,0.5998168498168498,0.5641339869281046,ok,False
l3_z3,SWAP,ALL,E_bases,120,91,0.17583333333333334,0.0956896551724138,0.25916666666666666,0.24500000000000002,0.5677655677655679,0.5384615384615384,0.5998168498168498,0.5641339869281046,ok,False
l3_z3,SWAP,ALL,E_bases_endorsed,92,73,0.17500000000000002,0.096414764359352,0.2604166666666667,0.21086956521739134,,,,,ok,False
l3_z3,BIND,DOWN,all,165,165,0.12181818181818183,0.07878787878787878,0.17636363636363636,0.19151515151515155,0.7747474747474749,0.7323232323232324,0.8151515151515152,0.7468268753104819,ok,False
l3_z3,BIND,DOWN,E_bases,165,165,0.12181818181818183,0.07878787878787878,0.17636363636363636,0.19151515151515155,0.7747474747474749,0.7323232323232324,0.8151515151515152,0.7468268753104819,ok,False
l3_z3,BIND,DOWN,E_bases_endorsed,121,121,0.13305785123966943,0.07520661157024794,0.19834710743801653,0.1917355371900827,,,,,ok,False
l3_z3,BIND,UP,all,153,153,0.13137254901960785,0.07908496732026145,0.1895424836601307,0.2091503267973857,0.8061002178649237,0.7657952069716776,0.8453431372549018,0.749018125768826,ok,False
l3_z3,BIND,UP,E_bases,153,153,0.13137254901960785,0.07908496732026145,0.1895424836601307,0.2091503267973857,0.8061002178649237,0.7657952069716776,0.8453431372549018,0.749018125768826,ok,False
l3_z3,BIND,UP,E_bases_endorsed,113,113,0.1513274336283186,0.08938053097345133,0.22123893805309736,0.1876106194690266,,,,,ok,False
l3_z3,BIND,ALL,all,318,176,0.12641509433962264,0.08443112513144062,0.17350157728706625,0.20000000000000004,0.7765151515151515,0.7409801136363636,0.8120265151515151,0.7471488057728188,ok,False
l3_z3,BIND,ALL,E_bases,318,176,0.12641509433962264,0.08443112513144062,0.17350157728706625,0.20000000000000004,0.7765151515151515,0.7409801136363636,0.8120265151515151,0.7471488057728188,ok,False
l3_z3,BIND,ALL,E_bases_endorsed,234,132,0.1418803418803419,0.09223969265367318,0.19574468085106383,0.1897435897435898,,,,,ok,False
l3_z3,MEANING_RENAME,DOWN,all,171,171,0.17017543859649123,0.11695906432748537,0.22807017543859648,0.3064327485380117,0.9376218323586744,0.9064327485380117,0.9639376218323588,0.817905432899678,ok,False
l3_z3,MEANING_RENAME,DOWN,E_bases,171,171,0.17017543859649123,0.11695906432748537,0.22807017543859648,0.3064327485380117,0.9376218323586744,0.9064327485380117,0.9639376218323588,0.817905432899678,ok,False
l3_z3,MEANING_RENAME,DOWN,E_bases_endorsed,126,126,0.16666666666666666,0.10317460317460317,0.23015873015873015,0.30952380952380953,,,,,ok,False
l3_z3,MEANING_RENAME,UP,all,151,151,0.25298013245033113,0.18806291390728483,0.31988410596026484,0.34966887417218545,0.9470198675496688,0.9128035320088301,0.9746136865342163,0.8572717678907361,ok,False
l3_z3,MEANING_RENAME,UP,E_bases,151,151,0.25298013245033113,0.18806291390728483,0.31988410596026484,0.34966887417218545,0.9470198675496688,0.9128035320088301,0.9746136865342163,0.8572717678907361,ok,False
l3_z3,MEANING_RENAME,UP,E_bases_endorsed,113,113,0.2929203539823009,0.2122787610619469,0.381438053097345,0.38407079646017706,,,,,ok,False
l3_z3,MEANING_RENAME,ALL,all,322,186,0.20900621118012425,0.15457273098703966,0.2682830188679243,0.3267080745341615,0.9417562724014338,0.9193548387096774,0.9628136200716845,0.8275874101472538,ok,False
l3_z3,MEANING_RENAME,ALL,E_bases,322,186,0.20900621118012425,0.15457273098703966,0.2682830188679243,0.3267080745341615,0.9417562724014338,0.9193548387096774,0.9628136200716845,0.8275874101472538,ok,False
l3_z3,MEANING_RENAME,ALL,E_bases_endorsed,239,141,0.22635983263598328,0.16385427341668374,0.2962037183544304,0.3447698744769875,,,,,ok,False
l3_z3,SCOPE,DOWN,all,0,0,,,,,,,,,absent (0 rows),
l3_z3,SCOPE,DOWN,E_bases,0,0,,,,,,,,,absent (0 rows),
l3_z3,SCOPE,DOWN,E_bases_endorsed,0,0,,,,,,,,,absent (0 rows),
l3_z3,SCOPE,UP,all,0,0,,,,,,,,,absent (0 rows),
l3_z3,SCOPE,UP,E_bases,0,0,,,,,,,,,absent (0 rows),
l3_z3,SCOPE,UP,E_bases_endorsed,0,0,,,,,,,,,absent (0 rows),
l3_z3,SCOPE,ALL,all,0,0,,,,,,,,,absent (0 rows),
l3_z3,SCOPE,ALL,E_bases,0,0,,,,,,,,,absent (0 rows),
l3_z3,SCOPE,ALL,E_bases_endorsed,0,0,,,,,,,,,absent (0 rows),
l3_z3,UNGLUE,DOWN,all,0,0,,,,,,,,,absent (0 rows),
l3_z3,UNGLUE,DOWN,E_bases,0,0,,,,,,,,,absent (0 rows),
l3_z3,UNGLUE,DOWN,E_bases_endorsed,0,0,,,,,,,,,absent (0 rows),
l3_z3,UNGLUE,UP,all,0,0,,,,,,,,,absent (0 rows),
l3_z3,UNGLUE,UP,E_bases,0,0,,,,,,,,,absent (0 rows),
l3_z3,UNGLUE,UP,E_bases_endorsed,0,0,,,,,,,,,absent (0 rows),
l3_z3,UNGLUE,ALL,all,0,0,,,,,,,,,absent (0 rows),
l3_z3,UNGLUE,ALL,E_bases,0,0,,,,,,,,,absent (0 rows),
l3_z3,UNGLUE,ALL,E_bases_endorsed,0,0,,,,,,,,,absent (0 rows),
l3_z3,ADD[ADD_FOREIGN],ALL,all,361,181,0.08642659279778395,0.05027624309392266,0.12778775322283603,0.1634349030470914,0.9406077348066298,0.916206261510129,0.9622467771639042,0.6897793305979631,ok,False
l3_z3,ADD[ADD_FOREIGN],ALL,E_bases,361,181,0.08642659279778395,0.05027624309392266,0.12778775322283603,0.1634349030470914,0.9406077348066298,0.916206261510129,0.9622467771639042,0.6897793305979631,ok,False
l3_z3,ADD[ADD_FOREIGN],ALL,E_bases_endorsed,265,133,0.08377358490566039,0.039390222984562635,0.13030303030303034,0.15471698113207547,,,,,ok,False
l3_z3,ADD[ADD_INTERNAL],ALL,all,115,80,0.14869565217391306,0.07960411784399066,0.23076923076923078,0.21217391304347827,0.6166666666666667,0.5677083333333334,0.6666666666666666,0.5798550724637681,ok,False
l3_z3,ADD[ADD_INTERNAL],ALL,E_bases,115,80,0.14869565217391306,0.07960411784399066,0.23076923076923078,0.21217391304347827,0.6166666666666667,0.5677083333333334,0.6666666666666666,0.5798550724637681,ok,False
l3_z3,ADD[ADD_INTERNAL],ALL,E_bases_endorsed,82,60,0.15975609756097564,0.07469108139876582,0.25816040548598684,0.21219512195121953,,,,,ok,False
p_peer_text,NEG,DOWN,all,283,283,0.3957597173144876,0.34275618374558303,0.4558303886925795,0.26855123674911663,0.7932862190812721,0.7632508833922261,0.8250883392226148,0.7223488734374406,ok,False
p_peer_text,NEG,DOWN,E_bases,183,183,0.5737704918032787,0.5027322404371585,0.639344262295082,0.3770491803278688,0.953551912568306,0.9207650273224044,0.9808743169398907,0.827461814777503,ok,False
p_peer_text,NEG,DOWN,E_bases_endorsed,135,135,0.5481481481481482,0.45925925925925926,0.6296296296296297,0.34814814814814815,,,,,ok,False
p_peer_text,NEG,UP,all,300,300,0.5333333333333333,0.48,0.59,0.49,0.8177777777777777,0.7894444444444444,0.8461249999999999,0.7620180491551459,ok,False
p_peer_text,NEG,UP,E_bases,200,200,0.765,0.705,0.825,0.7,0.9766666666666666,0.9533333333333333,0.995,0.8876892605633803,ok,False
p_peer_text,NEG,UP,E_bases_endorsed,152,152,0.756578947368421,0.6842105263157895,0.8223684210526315,0.6973684210526315,,,,,ok,False
p_peer_text,NEG,ALL,all,583,300,0.4665523156089194,0.4160958904109589,0.5195928158534632,0.38250428816466553,0.8113888888888888,0.7833333333333333,0.839173611111111,0.7441546584881947,ok,False
p_peer_text,NEG,ALL,E_bases,383,200,0.6736292428198434,0.6211319858925665,0.728952850877193,0.5456919060052219,0.9670833333333334,0.9466666666666665,0.98375,0.8590859780090464,ok,False
p_peer_text,NEG,ALL,E_bases_endorsed,287,152,0.6585365853658537,0.5936290950470144,0.7222222222222222,0.5331010452961672,,,,,ok,False
p_peer_text,REV,DOWN,all,0,0,,,,,,,,,absent (0 rows),
p_peer_text,REV,DOWN,E_bases,0,0,,,,,,,,,absent (0 rows),
p_peer_text,REV,DOWN,E_bases_endorsed,0,0,,,,,,,,,absent (0 rows),
p_peer_text,REV,UP,all,281,281,0.6334519572953736,0.579982206405694,0.6903914590747331,0.6263345195729537,0.8185053380782918,0.7900355871886121,0.8487544483985765,0.77286145775036,ok,False
p_peer_text,REV,UP,E_bases,181,181,0.9447513812154696,0.9116022099447514,0.9723756906077348,0.9337016574585635,0.994475138121547,0.9834254143646409,1.0,0.9391228633918298,ok,False
p_peer_text,REV,UP,E_bases_endorsed,133,133,0.9473684210526315,0.9097744360902256,0.9774436090225563,0.9323308270676691,,,,,ok,False
p_peer_text,REV,ALL,all,281,281,0.6334519572953736,0.579982206405694,0.6903914590747331,0.6263345195729537,0.8185053380782918,0.7900355871886121,0.8487544483985765,0.77286145775036,ok,False
p_peer_text,REV,ALL,E_bases,181,181,0.9447513812154696,0.9116022099447514,0.9723756906077348,0.9337016574585635,0.994475138121547,0.9834254143646409,1.0,0.9391228633918298,ok,False
p_peer_text,REV,ALL,E_bases_endorsed,133,133,0.9473684210526315,0.9097744360902256,0.9774436090225563,0.9323308270676691,,,,,ok,False
p_peer_text,QUANT,DOWN,all,0,0,,,,,,,,,absent (0 rows),
p_peer_text,QUANT,DOWN,E_bases,0,0,,,,,,,,,absent (0 rows),
p_peer_text,QUANT,DOWN,E_bases_endorsed,0,0,,,,,,,,,absent (0 rows),
p_peer_text,QUANT,UP,all,281,281,0.3701067615658363,0.31316725978647686,0.42704626334519574,0.29537366548042704,0.7680901542111506,0.7390272835112692,0.797167852906287,0.7065083493019436,ok,False
p_peer_text,QUANT,UP,E_bases,181,181,0.5359116022099447,0.4585635359116022,0.6077348066298343,0.4198895027624309,0.9162062615101288,0.8848987108655616,0.9429097605893185,0.8036493166618203,ok,False
p_peer_text,QUANT,UP,E_bases_endorsed,133,133,0.5112781954887218,0.42857142857142855,0.5939849624060151,0.41353383458646614,,,,,ok,False
p_peer_text,QUANT,ALL,all,281,281,0.3701067615658363,0.31316725978647686,0.42704626334519574,0.29537366548042704,0.7680901542111506,0.7390272835112692,0.797167852906287,0.7065083493019436,ok,False
p_peer_text,QUANT,ALL,E_bases,181,181,0.5359116022099447,0.4585635359116022,0.6077348066298343,0.4198895027624309,0.9162062615101288,0.8848987108655616,0.9429097605893185,0.8036493166618203,ok,False
p_peer_text,QUANT,ALL,E_bases_endorsed,133,133,0.5112781954887218,0.42857142857142855,0.5939849624060151,0.41353383458646614,,,,,ok,False
p_peer_text,RESTR,DOWN,all,0,0,,,,,,,,,absent (0 rows),
p_peer_text,RESTR,DOWN,E_bases,0,0,,,,,,,,,absent (0 rows),
p_peer_text,RESTR,DOWN,E_bases_endorsed,0,0,,,,,,,,,absent (0 rows),
p_peer_text,RESTR,UP,all,279,279,0.5519713261648745,0.4910394265232975,0.6129032258064516,0.41935483870967744,0.8010752688172043,0.7705645161290322,0.8315860215053761,0.7510259207313906,ok,False
p_peer_text,RESTR,UP,E_bases,179,179,0.8212290502793296,0.7653631284916201,0.8770949720670391,0.6145251396648045,0.9692737430167597,0.9441340782122905,0.9888268156424581,0.8940981039444726,ok,False
p_peer_text,RESTR,UP,E_bases_endorsed,132,132,0.7954545454545454,0.7272727272727273,0.8636363636363636,0.5909090909090909,,,,,ok,False
p_peer_text,RESTR,ALL,all,279,279,0.5519713261648745,0.4910394265232975,0.6129032258064516,0.41935483870967744,0.8010752688172043,0.7705645161290322,0.8315860215053761,0.7510259207313906,ok,False
p_peer_text,RESTR,ALL,E_bases,179,179,0.8212290502793296,0.7653631284916201,0.8770949720670391,0.6145251396648045,0.9692737430167597,0.9441340782122905,0.9888268156424581,0.8940981039444726,ok,False
p_peer_text,RESTR,ALL,E_bases_endorsed,132,132,0.7954545454545454,0.7272727272727273,0.8636363636363636,0.5909090909090909,,,,,ok,False
p_peer_text,CONN,DOWN,all,241,241,0.24896265560165975,0.1950207468879668,0.3070539419087137,0.17427385892116182,0.7005532503457814,0.6639004149377593,0.73582295988935,0.6646751949863122,ok,False
p_peer_text,CONN,DOWN,E_bases,141,141,0.375886524822695,0.2978723404255319,0.46099290780141844,0.24822695035460993,0.842789598108747,0.7895981087470448,0.892434988179669,0.7500628741009003,ok,False
p_peer_text,CONN,DOWN,E_bases_endorsed,99,99,0.3333333333333333,0.24242424242424243,0.42424242424242425,0.21212121212121213,,,,,ok,False
p_peer_text,CONN,UP,all,289,289,0.31833910034602075,0.2629757785467128,0.3737024221453287,0.25259515570934254,0.7312572087658592,0.6960784313725491,0.7664359861591695,0.6934405445890347,ok,False
p_peer_text,CONN,UP,E_bases,189,189,0.4497354497354497,0.37566137566137564,0.5185185185185185,0.3492063492063492,0.8536155202821869,0.8077601410934744,0.8977072310405643,0.7707246872417428,ok,False
p_peer_text,CONN,UP,E_bases_endorsed,141,141,0.4326241134751773,0.3475177304964539,0.5106382978723404,0.3262411347517731,,,,,ok,False
p_peer_text,CONN,ALL,all,530,289,0.28679245283018867,0.23991373710982827,0.33639791302208616,0.2169811320754717,0.7350057670126875,0.7027032871972319,0.7661476355247981,0.6789205433610004,ok,False
p_peer_text,CONN,ALL,E_bases,330,189,0.41818181818181815,0.3540358929258506,0.47975391337056217,0.30606060606060603,0.859347442680776,0.8183421516754851,0.8977182539682538,0.7614194004678744,ok,False
p_peer_text,CONN,ALL,E_bases_endorsed,240,141,0.39166666666666666,0.3191489361702128,0.4605890237863497,0.2791666666666667,,,,,ok,False
p_peer_text,MOVE,DOWN,all,0,0,,,,,,,,,absent (0 rows),
p_peer_text,MOVE,DOWN,E_bases,0,0,,,,,,,,,absent (0 rows),
p_peer_text,MOVE,DOWN,E_bases_endorsed,0,0,,,,,,,,,absent (0 rows),
p_peer_text,MOVE,UP,all,6,6,0.5,0.16666666666666666,0.8333333333333334,0.16666666666666666,0.9444444444444443,0.8333333333333334,1.0,0.8240740740740741,untestable (<30 rows),False
p_peer_text,MOVE,UP,E_bases,6,6,0.5,0.16666666666666666,0.8333333333333334,0.16666666666666666,0.9444444444444443,0.8333333333333334,1.0,0.8240740740740741,untestable (<30 rows),False
p_peer_text,MOVE,UP,E_bases_endorsed,5,5,0.6,0.2,1.0,0.2,,,,,untestable (<30 rows),False
p_peer_text,MOVE,ALL,all,6,6,0.5,0.16666666666666666,0.8333333333333334,0.16666666666666666,0.9444444444444443,0.8333333333333334,1.0,0.8240740740740741,untestable (<30 rows),False
p_peer_text,MOVE,ALL,E_bases,6,6,0.5,0.16666666666666666,0.8333333333333334,0.16666666666666666,0.9444444444444443,0.8333333333333334,1.0,0.8240740740740741,untestable (<30 rows),False
p_peer_text,MOVE,ALL,E_bases_endorsed,5,5,0.6,0.2,1.0,0.2,,,,,untestable (<30 rows),False
p_peer_text,DROP,DOWN,all,241,241,0.7468879668049793,0.6929460580912863,0.8008298755186722,0.6970954356846473,0.975103734439834,0.9564315352697096,0.991701244813278,0.9067910906033527,ok,False
p_peer_text,DROP,DOWN,E_bases,141,141,0.8936170212765957,0.8368794326241135,0.9432624113475178,0.851063829787234,0.9645390070921985,0.9326241134751773,0.9893617021276596,0.9490049125630836,ok,False
p_peer_text,DROP,DOWN,E_bases_endorsed,99,99,0.9090909090909091,0.8484848484848485,0.9595959595959596,0.8686868686868687,,,,,ok,False
p_peer_text,DROP,UP,all,51,51,0.9019607843137255,0.803921568627451,0.9803921568627451,0.803921568627451,0.9607843137254902,0.9019607843137255,1.0,0.9141355888760733,ok,False
p_peer_text,DROP,UP,E_bases,51,51,0.9019607843137255,0.803921568627451,0.9803921568627451,0.803921568627451,0.9607843137254902,0.9019607843137255,1.0,0.9141355888760733,ok,False
p_peer_text,DROP,UP,E_bases_endorsed,39,39,0.9230769230769231,0.8461538461538461,1.0,0.8205128205128205,,,,,ok,False
p_peer_text,DROP,ALL,all,292,269,0.773972602739726,0.726962457337884,0.8206896551724138,0.7157534246575342,0.9739776951672863,0.9553903345724907,0.9907063197026023,0.9094693690482253,ok,False
p_peer_text,DROP,ALL,E_bases,192,169,0.8958333333333334,0.8541638513513513,0.9365079365079365,0.8385416666666666,0.9644970414201184,0.9378698224852071,0.9881656804733728,0.9431449293228139,ok,False
p_peer_text,DROP,ALL,E_bases_endorsed,138,124,0.9130434782608695,0.8656610564200274,0.9562043795620438,0.855072463768116,,,,,ok,False
p_peer_text,ADD,DOWN,all,340,280,0.8794117647058823,0.8456919223815003,0.9104489128431914,0.8441176470588235,0.9636904761904763,0.9470163690476189,0.9785714285714285,0.9527677496991577,ok,False
p_peer_text,ADD,DOWN,E_bases,240,180,0.8541666666666666,0.8145118755954812,0.894525848314009,0.8041666666666667,0.962962962962963,0.9402662037037037,0.9828703703703703,0.9415725047080978,ok,False
p_peer_text,ADD,DOWN,E_bases_endorsed,175,132,0.8628571428571429,0.8172043010752689,0.9071114146933819,0.8171428571428572,,,,,ok,False
p_peer_text,ADD,UP,all,421,281,0.6912114014251781,0.6564705882352941,0.727721381981828,0.6579572446555819,0.8834519572953736,0.8647686832740213,0.9030249110320284,0.8413761305499725,ok,False
p_peer_text,ADD,UP,E_bases,236,181,0.8177966101694916,0.7738018925518926,0.8607622454595487,0.7584745762711864,0.9502762430939227,0.9267955801104972,0.9723756906077348,0.9258315279724735,ok,False
p_peer_text,ADD,UP,E_bases_endorsed,172,133,0.7965116279069767,0.7428571428571429,0.8471418546907049,0.75,,,,,ok,False
p_peer_text,ADD,ALL,all,761,281,0.7752956636005256,0.7484112821800992,0.8023735608663343,0.7411300919842313,0.9101423487544484,0.8936832740213522,0.9263085705812573,0.8911691031537451,ok,False
p_peer_text,ADD,ALL,E_bases,476,181,0.8361344537815126,0.8004200588759413,0.8711054402041526,0.7815126050420168,0.9548802946593001,0.9339261049723756,0.9742230662983423,0.9338235294117647,ok,False
p_peer_text,ADD,ALL,E_bases_endorsed,347,133,0.829971181556196,0.786881702650352,0.869942196531792,0.7838616714697406,,,,,ok,False
p_peer_text,SWAP,DOWN,all,134,134,0.208955223880597,0.1417910447761194,0.27611940298507465,0.15671641791044777,0.6529850746268657,0.6082089552238806,0.6977611940298507,0.6402947667676654,ok,False
p_peer_text,SWAP,DOWN,E_bases,65,65,0.3230769230769231,0.2153846153846154,0.4307692307692308,0.2153846153846154,0.8153846153846154,0.7307692307692307,0.8846153846153846,0.7710336538461539,ok,False
p_peer_text,SWAP,DOWN,E_bases_endorsed,48,48,0.3333333333333333,0.20833333333333334,0.4583333333333333,0.1875,,,,,ok,False
p_peer_text,SWAP,UP,all,108,108,0.2962962962962963,0.21296296296296297,0.3888888888888889,0.25,0.6990740740740741,0.6526620370370371,0.75,0.6575435729847494,ok,False
p_peer_text,SWAP,UP,E_bases,55,55,0.5272727272727272,0.4,0.6545454545454545,0.43636363636363634,0.8909090909090909,0.8181818181818182,0.9545454545454546,0.7635126777983922,ok,False
p_peer_text,SWAP,UP,E_bases_endorsed,44,44,0.5,0.36363636363636365,0.6590909090909091,0.4318181818181818,,,,,ok,False
p_peer_text,SWAP,ALL,all,242,177,0.24793388429752067,0.18473113766541577,0.31780148571023326,0.19834710743801653,0.6864406779661016,0.6454802259887006,0.7274011299435028,0.648937541282039,ok,False
p_peer_text,SWAP,ALL,E_bases,120,91,0.4166666666666667,0.31451612903225806,0.5172413793103449,0.31666666666666665,0.8626373626373627,0.804945054945055,0.9175824175824175,0.7698039215686274,ok,False
p_peer_text,SWAP,ALL,E_bases_endorsed,92,73,0.41304347826086957,0.30303030303030304,0.5333522727272726,0.30434782608695654,,,,,ok,False
p_peer_text,BIND,DOWN,all,250,250,0.412,0.348,0.472,0.312,0.87,0.8413333333333333,0.8986833333333332,0.768228802153432,ok,False
p_peer_text,BIND,DOWN,E_bases,165,165,0.5454545454545454,0.4727272727272727,0.6242424242424243,0.4121212121212121,0.9272727272727272,0.8949242424242424,0.9575757575757575,0.833705911574764,ok,False
p_peer_text,BIND,DOWN,E_bases_endorsed,121,121,0.5619834710743802,0.47107438016528924,0.6528925619834711,0.4132231404958678,,,,,ok,False
p_peer_text,BIND,UP,all,231,231,0.42424242424242425,0.3593073593073593,0.48917748917748916,0.3333333333333333,0.8953823953823953,0.8658008658008658,0.9227994227994228,0.7768670835337502,ok,False
p_peer_text,BIND,UP,E_bases,153,153,0.5620915032679739,0.48366013071895425,0.6339869281045751,0.45098039215686275,0.9498910675381262,0.9193899782135075,0.9771241830065359,0.8358232181761593,ok,False
p_peer_text,BIND,UP,E_bases_endorsed,113,113,0.5575221238938053,0.4690265486725664,0.6460176991150443,0.45132743362831856,,,,,ok,False
p_peer_text,BIND,ALL,all,481,271,0.4178794178794179,0.36554117471623304,0.47717842323651455,0.32224532224532226,0.8926814268142682,0.8677659901599016,0.9169741697416974,0.7746600019899768,ok,False
p_peer_text,BIND,ALL,E_bases,318,176,0.5534591194968553,0.48285509539876387,0.6257861635220126,0.4308176100628931,0.9412878787878788,0.9128669507575757,0.9682765151515152,0.8320946238153488,ok,False
p_peer_text,BIND,ALL,E_bases_endorsed,234,132,0.5598290598290598,0.4786231884057971,0.6431616453184197,0.43162393162393164,,,,,ok,False
p_peer_text,MEANING_RENAME,DOWN,all,264,264,0.9621212121212122,0.9356060606060606,0.9848484848484849,0.9545454545454546,0.9981060606060606,0.9943181818181818,1.0,0.9827729016507788,ok,False
p_peer_text,MEANING_RENAME,DOWN,E_bases,171,171,0.9883040935672515,0.9707602339181286,1.0,0.9766081871345029,0.9970760233918129,0.9912280701754386,1.0,0.9925011335495797,ok,False
p_peer_text,MEANING_RENAME,DOWN,E_bases_endorsed,126,126,0.9841269841269841,0.9603174603174603,1.0,0.9682539682539683,,,,,ok,False
p_peer_text,MEANING_RENAME,UP,all,234,234,0.9572649572649573,0.9316239316239316,0.9787393162393156,0.9572649572649573,0.9957264957264957,0.9871794871794872,1.0,0.9840307541920444,ok,False
p_peer_text,MEANING_RENAME,UP,E_bases,151,151,0.9668874172185431,0.9337748344370861,0.9933774834437086,0.9668874172185431,0.9933774834437086,0.9801324503311258,1.0,0.9850037471514002,ok,False
p_peer_text,MEANING_RENAME,UP,E_bases_endorsed,113,113,0.9734513274336283,0.9380530973451328,1.0,0.9734513274336283,,,,,ok,False
p_peer_text,MEANING_RENAME,ALL,all,498,281,0.9598393574297188,0.9403292181069959,0.9775533018085283,0.9558232931726908,0.9973309608540926,0.9928825622775801,1.0,0.982923145573748,ok,False
p_peer_text,MEANING_RENAME,ALL,E_bases,322,186,0.9782608695652174,0.9610719825409422,0.9937308973354232,0.9720496894409938,0.9959677419354839,0.989247311827957,1.0,0.988958871286668,ok,False
p_peer_text,MEANING_RENAME,ALL,E_bases_endorsed,239,141,0.9790794979079498,0.961038961038961,0.9957987588340775,0.9707112970711297,,,,,ok,False
p_peer_text,SCOPE,DOWN,all,0,0,,,,,,,,,absent (0 rows),
p_peer_text,SCOPE,DOWN,E_bases,0,0,,,,,,,,,absent (0 rows),
p_peer_text,SCOPE,DOWN,E_bases_endorsed,0,0,,,,,,,,,absent (0 rows),
p_peer_text,SCOPE,UP,all,0,0,,,,,,,,,absent (0 rows),
p_peer_text,SCOPE,UP,E_bases,0,0,,,,,,,,,absent (0 rows),
p_peer_text,SCOPE,UP,E_bases_endorsed,0,0,,,,,,,,,absent (0 rows),
p_peer_text,SCOPE,ALL,all,0,0,,,,,,,,,absent (0 rows),
p_peer_text,SCOPE,ALL,E_bases,0,0,,,,,,,,,absent (0 rows),
p_peer_text,SCOPE,ALL,E_bases_endorsed,0,0,,,,,,,,,absent (0 rows),
p_peer_text,UNGLUE,DOWN,all,0,0,,,,,,,,,absent (0 rows),
p_peer_text,UNGLUE,DOWN,E_bases,0,0,,,,,,,,,absent (0 rows),
p_peer_text,UNGLUE,DOWN,E_bases_endorsed,0,0,,,,,,,,,absent (0 rows),
p_peer_text,UNGLUE,UP,all,0,0,,,,,,,,,absent (0 rows),
p_peer_text,UNGLUE,UP,E_bases,0,0,,,,,,,,,absent (0 rows),
p_peer_text,UNGLUE,UP,E_bases_endorsed,0,0,,,,,,,,,absent (0 rows),
p_peer_text,UNGLUE,ALL,all,0,0,,,,,,,,,absent (0 rows),
p_peer_text,UNGLUE,ALL,E_bases,0,0,,,,,,,,,absent (0 rows),
p_peer_text,UNGLUE,ALL,E_bases_endorsed,0,0,,,,,,,,,absent (0 rows),
p_peer_text,ADD[ADD_FOREIGN],ALL,all,561,281,0.9376114081996435,0.9144385026737968,0.9572953736654805,0.9251336898395722,0.9724199288256228,0.9590747330960854,0.9848754448398577,0.9679133672699849,ok,False
p_peer_text,ADD[ADD_FOREIGN],ALL,E_bases,361,181,0.9390581717451524,0.9088397790055248,0.96398891966759,0.9196675900277008,0.9779005524861878,0.9613259668508287,0.9917127071823204,0.974571990919126,ok,False
p_peer_text,ADD[ADD_FOREIGN],ALL,E_bases_endorsed,265,133,0.9320754716981132,0.8984962406015038,0.9622641509433962,0.9132075471698113,,,,,ok,False
p_peer_text,ADD[ADD_INTERNAL],ALL,all,200,165,0.32,0.24606900695219294,0.3968312324929971,0.225,0.6777777777777778,0.6373737373737374,0.7171717171717172,0.6848181818181818,ok,False
p_peer_text,ADD[ADD_INTERNAL],ALL,E_bases,115,80,0.5130434782608696,0.40673947983635306,0.6216216216216216,0.34782608695652173,0.8666666666666668,0.8041666666666668,0.921875,0.7806340579710146,ok,False
p_peer_text,ADD[ADD_INTERNAL],ALL,E_bases_endorsed,82,60,0.5,0.3683877415056629,0.6296296296296297,0.36585365853658536,,,,,ok,False
p_text,NEG,DOWN,all,283,283,0.21134562123961417,0.16540922547989687,0.2592378951389552,0.19293286219081274,0.7444051825677267,0.7155329799764428,0.7762073027090695,0.6428857901558233,ok,False
p_text,NEG,DOWN,E_bases,183,183,0.23393885688967653,0.1768165706690297,0.2975335991729434,0.21311475409836064,0.8779599271402551,0.842440801457195,0.9107468123861566,0.714015324968709,ok,False
p_text,NEG,DOWN,E_bases_endorsed,135,135,0.22082082082082083,0.15081181181181183,0.2841801801801801,0.2,,,,,ok,False
p_text,NEG,UP,all,300,300,0.4213333333333334,0.3706968468468469,0.4746680180180181,0.36866666666666664,0.7844444444444444,0.7549861111111111,0.8133333333333334,0.7458774961597543,ok,False
p_text,NEG,UP,E_bases,200,200,0.547,0.4833783783783784,0.6093331081081081,0.475,0.9266666666666665,0.8983125,0.9533333333333333,0.8318882042253521,ok,False
p_text,NEG,UP,E_bases_endorsed,152,152,0.5194167852062589,0.44580369843527745,0.591230440967283,0.4342105263157895,,,,,ok,False
p_text,NEG,ALL,all,583,300,0.31940104770293454,0.27592843137965084,0.3653836083968395,0.28336192109777014,0.7683333333333333,0.7399930555555555,0.7958333333333333,0.6959424476922955,ok,False
p_text,NEG,ALL,E_bases,383,200,0.3974172606026392,0.34604397143257254,0.45206434322971323,0.34986945169712796,0.9025,0.8762395833333333,0.9270833333333333,0.7736067186408266,ok,False
p_text,NEG,ALL,E_bases_endorsed,287,152,0.37896223749882285,0.3220610214607617,0.43746513934245584,0.3240418118466899,,,,,ok,False
p_text,REV,DOWN,all,0,0,,,,,,,,,absent (0 rows),
p_text,REV,DOWN,E_bases,0,0,,,,,,,,,absent (0 rows),
p_text,REV,DOWN,E_bases_endorsed,0,0,,,,,,,,,absent (0 rows),
p_text,REV,UP,all,281,281,0.5513705876695201,0.49958641915937296,0.6061056073867462,0.4896797153024911,0.7983392645314353,0.7686684460260973,0.8286032028469751,0.8288589457135167,ok,False
p_text,REV,UP,E_bases,181,181,0.7620725698073765,0.7102583246229657,0.8103628490368822,0.6740331491712708,0.9631675874769798,0.9392265193370166,0.9843462246777164,0.9388170783535289,ok,False
p_text,REV,UP,E_bases_endorsed,133,133,0.7350538508433245,0.6720585246901037,0.7953261532208902,0.631578947368421,,,,,ok,False
p_text,REV,ALL,all,281,281,0.5513705876695201,0.49958641915937296,0.6061056073867462,0.4896797153024911,0.7983392645314353,0.7686684460260973,0.8286032028469751,0.8288589457135167,ok,False
p_text,REV,ALL,E_bases,181,181,0.7620725698073765,0.7102583246229657,0.8103628490368822,0.6740331491712708,0.9631675874769798,0.9392265193370166,0.9843462246777164,0.9388170783535289,ok,False
p_text,REV,ALL,E_bases_endorsed,133,133,0.7350538508433245,0.6720585246901037,0.7953261532208902,0.631578947368421,,,,,ok,False
p_text,QUANT,DOWN,all,0,0,,,,,,,,,absent (0 rows),
p_text,QUANT,DOWN,E_bases,0,0,,,,,,,,,absent (0 rows),
p_text,QUANT,DOWN,E_bases_endorsed,0,0,,,,,,,,,absent (0 rows),
p_text,QUANT,UP,all,281,281,0.22935462152544006,0.18179474848513993,0.27887659901894774,0.21209964412811388,0.6209964412811388,0.5948843416370106,0.6476868327402135,0.612884529838489,ok,False
p_text,QUANT,UP,E_bases,181,181,0.2621472301030312,0.19936090786919516,0.3264566223682246,0.2430939226519337,0.6878453038674033,0.6500920810313074,0.7265193370165746,0.6525723839986707,ok,False
p_text,QUANT,UP,E_bases_endorsed,133,133,0.2439748018695387,0.17358260516155252,0.31643974801869545,0.22556390977443608,,,,,ok,False
p_text,QUANT,ALL,all,281,281,0.22935462152544006,0.18179474848513993,0.27887659901894774,0.21209964412811388,0.6209964412811388,0.5948843416370106,0.6476868327402135,0.612884529838489,ok,False
p_text,QUANT,ALL,E_bases,181,181,0.2621472301030312,0.19936090786919516,0.3264566223682246,0.2430939226519337,0.6878453038674033,0.6500920810313074,0.7265193370165746,0.6525723839986707,ok,False
p_text,QUANT,ALL,E_bases_endorsed,133,133,0.2439748018695387,0.17358260516155252,0.31643974801869545,0.22556390977443608,,,,,ok,False
p_text,RESTR,DOWN,all,0,0,,,,,,,,,absent (0 rows),
p_text,RESTR,DOWN,E_bases,0,0,,,,,,,,,absent (0 rows),
p_text,RESTR,DOWN,E_bases_endorsed,0,0,,,,,,,,,absent (0 rows),
p_text,RESTR,UP,all,279,279,0.37925021795989544,0.32190254770899934,0.4353075656301462,0.36057347670250894,0.7640382317801673,0.7341547192353644,0.7945191158900836,0.7637243952695099,ok,False
p_text,RESTR,UP,E_bases,179,179,0.49614978106598223,0.425064170315567,0.5687754793900046,0.4748603351955307,0.9115456238361266,0.8780260707635009,0.942271880819367,0.8628904266124937,ok,False
p_text,RESTR,UP,E_bases_endorsed,132,132,0.4655200655200656,0.3821867321867322,0.5489056101556099,0.44696969696969696,,,,,ok,False
p_text,RESTR,ALL,all,279,279,0.37925021795989544,0.32190254770899934,0.4353075656301462,0.36057347670250894,0.7640382317801673,0.7341547192353644,0.7945191158900836,0.7637243952695099,ok,False
p_text,RESTR,ALL,E_bases,179,179,0.49614978106598223,0.425064170315567,0.5687754793900046,0.4748603351955307,0.9115456238361266,0.8780260707635009,0.942271880819367,0.8628904266124937,ok,False
p_text,RESTR,ALL,E_bases_endorsed,132,132,0.4655200655200656,0.3821867321867322,0.5489056101556099,0.44696969696969696,,,,,ok,False
p_text,CONN,DOWN,all,241,241,0.12863070539419086,0.08713692946058091,0.17012448132780084,0.12282157676348548,0.5643153526970954,0.5387275242047027,0.590594744121715,0.5398093467169414,ok,False
p_text,CONN,DOWN,E_bases,141,141,0.09929078014184398,0.04964539007092199,0.14893617021276595,0.09929078014184398,0.6099290780141844,0.5673758865248227,0.6536643026004727,0.5616585349496169,ok,False
p_text,CONN,DOWN,E_bases_endorsed,99,99,0.09090909090909091,0.04040404040404041,0.15151515151515152,0.09090909090909091,,,,,ok,False
p_text,CONN,UP,all,289,289,0.20445151033386327,0.15851491630038342,0.25164126063780046,0.18892733564013842,0.5645905420991926,0.5392156862745098,0.5899653979238755,0.5632446814953589,ok,False
p_text,CONN,UP,E_bases,189,189,0.22267982267982267,0.16447876447876447,0.28089232089232086,0.20634920634920634,0.5987654320987654,0.5564373897707231,0.6393298059964726,0.5854540100500604,ok,False
p_text,CONN,UP,E_bases_endorsed,141,141,0.19210274103891126,0.1327966264136477,0.2540109258194363,0.1702127659574468,,,,,ok,False
p_text,CONN,ALL,all,530,289,0.16997450280469148,0.1295037915864553,0.21149028953907004,0.1588679245283019,0.5651672433679353,0.544687139561707,0.5862168396770474,0.5512593293850861,ok,False
p_text,CONN,ALL,E_bases,330,189,0.16995904995904998,0.1259825455605384,0.215423101457884,0.1606060606060606,0.599647266313933,0.5670083774250441,0.6309523809523809,0.5624041129427126,ok,False
p_text,CONN,ALL,E_bases_endorsed,240,141,0.15036036036036035,0.10443059731950473,0.20150006115756253,0.1375,,,,,ok,False
p_text,MOVE,DOWN,all,0,0,,,,,,,,,absent (0 rows),
p_text,MOVE,DOWN,E_bases,0,0,,,,,,,,,absent (0 rows),
p_text,MOVE,DOWN,E_bases_endorsed,0,0,,,,,,,,,absent (0 rows),
p_text,MOVE,UP,all,6,6,0.16666666666666666,0.0,0.5,0.16666666666666666,0.6666666666666666,0.5,0.8333333333333334,0.625,untestable (<30 rows),False
p_text,MOVE,UP,E_bases,6,6,0.16666666666666666,0.0,0.5,0.16666666666666666,0.6666666666666666,0.5,0.8333333333333334,0.625,untestable (<30 rows),False
p_text,MOVE,UP,E_bases_endorsed,5,5,0.2,0.0,0.6,0.2,,,,,untestable (<30 rows),False
p_text,MOVE,ALL,all,6,6,0.16666666666666666,0.0,0.5,0.16666666666666666,0.6666666666666666,0.5,0.8333333333333334,0.625,untestable (<30 rows),False
p_text,MOVE,ALL,E_bases,6,6,0.16666666666666666,0.0,0.5,0.16666666666666666,0.6666666666666666,0.5,0.8333333333333334,0.625,untestable (<30 rows),False
p_text,MOVE,ALL,E_bases_endorsed,5,5,0.2,0.0,0.6,0.2,,,,,untestable (<30 rows),False
p_text,DROP,DOWN,all,241,241,0.6970954356846473,0.6390041493775933,0.7551867219917012,0.6663900414937759,0.9764868603042878,0.9584889349930844,0.991701244813278,0.8837169929351538,ok,False
p_text,DROP,DOWN,E_bases,141,141,0.6099290780141844,0.5319148936170213,0.6879432624113475,0.5673758865248227,0.9669030732860519,0.9385342789598108,0.9893617021276596,0.9079858491356907,ok,False
p_text,DROP,DOWN,E_bases_endorsed,99,99,0.5959595959595959,0.494949494949495,0.6868686868686869,0.5454545454545454,,,,,ok,False
p_text,DROP,UP,all,51,51,0.7058823529411765,0.5686274509803921,0.8235294117647058,0.6470588235294118,0.9379084967320261,0.8790849673202615,0.9869281045751633,0.8132769447648341,ok,False
p_text,DROP,UP,E_bases,51,51,0.7058823529411765,0.5686274509803921,0.8235294117647058,0.6470588235294118,0.9379084967320261,0.8790849673202615,0.9869281045751633,0.8132769447648341,ok,False
p_text,DROP,UP,E_bases_endorsed,39,39,0.717948717948718,0.5641025641025641,0.8461538461538461,0.6410256410256411,,,,,ok,False
p_text,DROP,ALL,all,292,269,0.6986301369863014,0.6462585034013606,0.7542676878018825,0.6630136986301369,0.9711895910780669,0.9525944857496903,0.9869888475836431,0.8674377450730764,ok,False
p_text,DROP,ALL,E_bases,192,169,0.6354166666666666,0.5675536361103372,0.7058899332929048,0.5885416666666666,0.9600591715976331,0.9344181459566074,0.9827539447731756,0.8828587278106509,ok,False
p_text,DROP,ALL,E_bases_endorsed,138,124,0.6304347826086957,0.5481305758313058,0.7142857142857143,0.572463768115942,,,,,ok,False
p_text,ADD,DOWN,all,340,280,0.780731319554849,0.7387108753011332,0.8228944540871146,0.7735294117647059,0.9255952380952379,0.9053571428571429,0.9443452380952382,0.8786826644015007,ok,False
p_text,ADD,DOWN,E_bases,240,180,0.7143693693693695,0.6629944982633236,0.7665203548324124,0.7041666666666667,0.9037037037037038,0.8763888888888889,0.9287152777777777,0.8840003138731953,ok,False
p_text,ADD,DOWN,E_bases_endorsed,175,132,0.7225637065637066,0.6616513737428598,0.7825193614667298,0.7085714285714285,,,,,ok,False
p_text,ADD,UP,all,421,281,0.6421904089362522,0.6080027935498524,0.6791070503450932,0.6391132224861441,0.8401542111506524,0.8188018979833925,0.8612173784104389,0.8169294148547415,ok,False
p_text,ADD,UP,E_bases,236,181,0.6964498396701787,0.6477684702246106,0.7429538018153086,0.6949152542372882,0.8830570902394106,0.8545004604051565,0.9097605893186005,0.8522126290302026,ok,False
p_text,ADD,UP,E_bases_endorsed,172,133,0.6881521055939661,0.6279023417337046,0.7445789323217668,0.686046511627907,,,,,ok,False
p_text,ADD,ALL,all,761,281,0.7040877934439038,0.6729894449308479,0.7365177611915352,0.6991677617170389,0.8674871490707788,0.8505338078291814,0.8843428726769472,0.8445815538764784,ok,False
p_text,ADD,ALL,E_bases,476,181,0.7054848966613673,0.6629526275489914,0.7482489101547267,0.6995798319327731,0.8886586863106201,0.8656365101289134,0.9113758440761202,0.8683420736715739,ok,False
p_text,ADD,ALL,E_bases_endorsed,347,133,0.7055066593971494,0.6513202146062279,0.7602698360497033,0.6974063400576369,,,,,ok,False
p_text,SWAP,DOWN,all,134,134,0.154659136748689,0.09764421137555467,0.2191206131504639,0.14228855721393038,0.5199004975124378,0.5049751243781095,0.5373134328358209,0.5154864773874986,ok,False
p_text,SWAP,DOWN,E_bases,65,65,0.10345114345114347,0.03634095634095635,0.18037422037422038,0.09230769230769231,0.541025641025641,0.5102564102564102,0.5794871794871794,0.5379407051282051,ok,False
p_text,SWAP,DOWN,E_bases_endorsed,48,48,0.05675675675675676,0.007545045045045045,0.1250450450450448,0.041666666666666664,,,,,ok,False
p_text,SWAP,UP,all,108,108,0.23978978978978982,0.1682682682682683,0.3164164164164165,0.19506172839506175,0.5617283950617283,0.5339506172839507,0.5925925925925926,0.5364923747276688,ok,False
p_text,SWAP,UP,E_bases,55,55,0.27085995085995085,0.1667813267813268,0.3783783783783784,0.2,0.6212121212121212,0.5696969696969697,0.6757575757575757,0.5648113790970934,ok,False
p_text,SWAP,UP,E_bases_endorsed,44,44,0.24766584766584768,0.14029484029484032,0.36523341523341524,0.1590909090909091,,,,,ok,False
p_text,SWAP,ALL,all,242,177,0.1926513290149654,0.1344122592671333,0.2543423761744577,0.16584022038567495,0.5348399246704331,0.5197622410546139,0.5508474576271186,0.532594686900907,ok,False
p_text,SWAP,ALL,E_bases,120,91,0.1801801801801802,0.10181083845388347,0.2646568723687368,0.14166666666666666,0.5677655677655679,0.5384615384615384,0.5998168498168498,0.553611111111111,ok,False
p_text,SWAP,ALL,E_bases_endorsed,92,73,0.14806110458284372,0.07712874164487067,0.2270534665099881,0.09782608695652174,,,,,ok,False
p_text,BIND,DOWN,all,250,250,0.24834594594594595,0.19634594594594598,0.30145729729729726,0.2384,0.8113333333333332,0.7793333333333333,0.844,0.6748263795423957,ok,False
p_text,BIND,DOWN,E_bases,165,165,0.20052416052416056,0.13991809991809992,0.26332514332514334,0.19393939393939394,0.8383838383838382,0.796969696969697,0.8767676767676769,0.7184488325881768,ok,False
p_text,BIND,DOWN,E_bases_endorsed,121,121,0.16600402054947508,0.10510274737547465,0.23213759213759205,0.15702479338842976,,,,,ok,False
p_text,BIND,UP,all,231,231,0.3151983151983152,0.25734409734409736,0.3761787761787762,0.28167388167388163,0.8427128427128426,0.810966810966811,0.8737373737373737,0.6862369729036395,ok,False
p_text,BIND,UP,E_bases,153,153,0.26020137784843667,0.19662957074721782,0.3273626567744215,0.21568627450980393,0.8703703703703705,0.8333333333333334,0.906318082788671,0.730381041305411,ok,False
p_text,BIND,UP,E_bases_endorsed,113,113,0.2549629275292992,0.17775651757952643,0.33462807940684036,0.19469026548672566,,,,,ok,False
p_text,BIND,ALL,all,481,271,0.2804517615328426,0.23314974360860838,0.33096561122118934,0.2591822591822592,0.83610086100861,0.8084255842558425,0.8603936039360394,0.6745654780919265,ok,False
p_text,BIND,ALL,E_bases,318,176,0.2292367839537651,0.17327454120129593,0.29196455351936607,0.20440251572327045,0.8541666666666665,0.8195904356060606,0.8882694128787878,0.7192917423484203,ok,False
p_text,BIND,ALL,E_bases_endorsed,234,132,0.20896280896280897,0.151730431054391,0.2679970571059441,0.1752136752136752,,,,,ok,False
p_text,MEANING_RENAME,DOWN,all,264,264,0.9393939393939394,0.9090909090909091,0.9659090909090909,0.9356060606060606,0.9924242424242424,0.9829545454545454,1.0,0.9766478725877703,ok,False
p_text,MEANING_RENAME,DOWN,E_bases,171,171,0.9415204678362573,0.9064327485380117,0.9707602339181286,0.935672514619883,0.9883040935672515,0.9736842105263158,1.0,0.9814737307151246,ok,False
p_text,MEANING_RENAME,DOWN,E_bases_endorsed,126,126,0.9285714285714286,0.8809523809523809,0.9682539682539683,0.9206349206349206,,,,,ok,False
p_text,MEANING_RENAME,UP,all,234,234,0.9358974358974359,0.9017094017094017,0.9658119658119658,0.9358974358974359,0.9935897435897436,0.9829059829059829,1.0,0.9722190891545731,ok,False
p_text,MEANING_RENAME,UP,E_bases,151,151,0.9139072847682119,0.8675496688741722,0.9536423841059603,0.9139072847682119,0.9900662251655629,0.9735099337748344,1.0,0.972814034229081,ok,False
p_text,MEANING_RENAME,UP,E_bases_endorsed,113,113,0.911504424778761,0.8584070796460177,0.9557522123893806,0.911504424778761,,,,,ok,False
p_text,MEANING_RENAME,ALL,all,498,281,0.9377510040160643,0.91217289347685,0.9616935483870968,0.9357429718875502,0.9928825622775801,0.9857651245551602,0.998220640569395,0.9737349887952298,ok,False
p_text,MEANING_RENAME,ALL,E_bases,322,186,0.9285714285714286,0.8934138217753651,0.9601257481097916,0.9254658385093167,0.989247311827957,0.9771505376344086,0.9973118279569892,0.9769930444087748,ok,False
p_text,MEANING_RENAME,ALL,E_bases_endorsed,239,141,0.9205020920502092,0.878038489245652,0.9583376556016597,0.9163179916317992,,,,,ok,False
p_text,SCOPE,DOWN,all,0,0,,,,,,,,,absent (0 rows),
p_text,SCOPE,DOWN,E_bases,0,0,,,,,,,,,absent (0 rows),
p_text,SCOPE,DOWN,E_bases_endorsed,0,0,,,,,,,,,absent (0 rows),
p_text,SCOPE,UP,all,0,0,,,,,,,,,absent (0 rows),
p_text,SCOPE,UP,E_bases,0,0,,,,,,,,,absent (0 rows),
p_text,SCOPE,UP,E_bases_endorsed,0,0,,,,,,,,,absent (0 rows),
p_text,SCOPE,ALL,all,0,0,,,,,,,,,absent (0 rows),
p_text,SCOPE,ALL,E_bases,0,0,,,,,,,,,absent (0 rows),
p_text,SCOPE,ALL,E_bases_endorsed,0,0,,,,,,,,,absent (0 rows),
p_text,UNGLUE,DOWN,all,0,0,,,,,,,,,absent (0 rows),
p_text,UNGLUE,DOWN,E_bases,0,0,,,,,,,,,absent (0 rows),
p_text,UNGLUE,DOWN,E_bases_endorsed,0,0,,,,,,,,,absent (0 rows),
p_text,UNGLUE,UP,all,0,0,,,,,,,,,absent (0 rows),
p_text,UNGLUE,UP,E_bases,0,0,,,,,,,,,absent (0 rows),
p_text,UNGLUE,UP,E_bases_endorsed,0,0,,,,,,,,,absent (0 rows),
p_text,UNGLUE,ALL,all,0,0,,,,,,,,,absent (0 rows),
p_text,UNGLUE,ALL,E_bases,0,0,,,,,,,,,absent (0 rows),
p_text,UNGLUE,ALL,E_bases_endorsed,0,0,,,,,,,,,absent (0 rows),
p_text,ADD[ADD_FOREIGN],ALL,all,561,281,0.9001782531194296,0.8716577540106952,0.9284468438538206,0.8983957219251337,0.9519572953736655,0.9350311387900355,0.9670818505338078,0.9366687234334293,ok,False
p_text,ADD[ADD_FOREIGN],ALL,E_bases,361,181,0.8808864265927978,0.8397679098881253,0.9168975069252078,0.8781163434903048,0.9461325966850829,0.9226519337016574,0.9668508287292817,0.9461031387332598,ok,False
p_text,ADD[ADD_FOREIGN],ALL,E_bases_endorsed,265,133,0.8754716981132076,0.8263986563750715,0.9207547169811321,0.8716981132075472,,,,,ok,False
p_text,ADD[ADD_INTERNAL],ALL,all,200,165,0.15405405405405406,0.1011485107556536,0.21066163127064802,0.14033333333333334,0.5565656565656566,0.5323232323232324,0.5838383838383839,0.5206818181818182,ok,False
p_text,ADD[ADD_INTERNAL],ALL,E_bases,115,80,0.15487661574618097,0.07772379286441083,0.2387693922736295,0.1391304347826087,0.6166666666666667,0.5677083333333334,0.6666666666666666,0.5683695652173913,ok,False
p_text,ADD[ADD_INTERNAL],ALL,E_bases_endorsed,82,60,0.15622940013183914,0.07422286878973171,0.25247500441618076,0.13414634146341464,,,,,ok,False
sc5_local_eq_frac,NEG,DOWN,all,183,183,0.20377358490566042,0.20377358490566042,0.20377358490566042,0.1460154241645244,0.6539162112932605,0.6220173041894352,0.6903688524590162,0.6499068901303539,ok,False
sc5_local_eq_frac,NEG,DOWN,E_bases,183,183,0.20377358490566042,0.20377358490566042,0.20377358490566042,0.1460154241645244,0.6539162112932605,0.6220173041894352,0.6903688524590162,0.6499068901303539,ok,False
sc5_local_eq_frac,NEG,DOWN,E_bases_endorsed,135,135,0.20377358490566036,0.20377358490566036,0.20377358490566036,0.14601542416452443,,,,,ok,False
sc5_local_eq_frac,NEG,UP,all,200,200,0.2037735849056604,0.2037735849056604,0.2037735849056604,0.14601542416452443,0.6658333333333333,0.6333333333333333,0.7,0.6575704225352113,ok,False
sc5_local_eq_frac,NEG,UP,E_bases,200,200,0.2037735849056604,0.2037735849056604,0.2037735849056604,0.14601542416452443,0.6658333333333333,0.6333333333333333,0.7,0.6575704225352113,ok,False
sc5_local_eq_frac,NEG,UP,E_bases_endorsed,152,152,0.20377358490566036,0.20377358490566036,0.20377358490566036,0.1460154241645244,,,,,ok,False
sc5_local_eq_frac,NEG,ALL,all,383,200,0.20377358490566042,0.20377358490566033,0.2037735849056604,0.14601542416452443,0.6658333333333333,0.6333333333333333,0.7,0.6575704225352113,ok,False
sc5_local_eq_frac,NEG,ALL,E_bases,383,200,0.20377358490566042,0.20377358490566033,0.2037735849056604,0.14601542416452443,0.6658333333333333,0.6333333333333333,0.7,0.6575704225352113,ok,False
sc5_local_eq_frac,NEG,ALL,E_bases_endorsed,287,152,0.20377358490566036,0.20377358490566033,0.2037735849056604,0.14601542416452443,,,,,ok,False
sc5_local_eq_frac,REV,DOWN,all,0,0,,,,,,,,,absent (0 rows),
sc5_local_eq_frac,REV,DOWN,E_bases,0,0,,,,,,,,,absent (0 rows),
sc5_local_eq_frac,REV,DOWN,E_bases_endorsed,0,0,,,,,,,,,absent (0 rows),
sc5_local_eq_frac,REV,UP,all,181,181,0.20377358490566042,0.20377358490566042,0.20377358490566042,0.1460154241645244,0.652854511970534,0.6197053406998158,0.6860036832412524,0.650093808630394,ok,False
sc5_local_eq_frac,REV,UP,E_bases,181,181,0.20377358490566042,0.20377358490566042,0.20377358490566042,0.1460154241645244,0.652854511970534,0.6197053406998158,0.6860036832412524,0.650093808630394,ok,False
sc5_local_eq_frac,REV,UP,E_bases_endorsed,133,133,0.20377358490566033,0.20377358490566033,0.20377358490566033,0.14601542416452443,,,,,ok,False
sc5_local_eq_frac,REV,ALL,all,181,181,0.20377358490566042,0.20377358490566042,0.20377358490566042,0.1460154241645244,0.652854511970534,0.6197053406998158,0.6860036832412524,0.650093808630394,ok,False
sc5_local_eq_frac,REV,ALL,E_bases,181,181,0.20377358490566042,0.20377358490566042,0.20377358490566042,0.1460154241645244,0.652854511970534,0.6197053406998158,0.6860036832412524,0.650093808630394,ok,False
sc5_local_eq_frac,REV,ALL,E_bases_endorsed,133,133,0.20377358490566033,0.20377358490566033,0.20377358490566033,0.14601542416452443,,,,,ok,False
sc5_local_eq_frac,QUANT,DOWN,all,0,0,,,,,,,,,absent (0 rows),
sc5_local_eq_frac,QUANT,DOWN,E_bases,0,0,,,,,,,,,absent (0 rows),
sc5_local_eq_frac,QUANT,DOWN,E_bases_endorsed,0,0,,,,,,,,,absent (0 rows),
sc5_local_eq_frac,QUANT,UP,all,181,181,0.20377358490566042,0.20377358490566042,0.20377358490566042,0.1460154241645244,0.6500920810313074,0.6169429097605893,0.682343462246777,0.6466165413533834,ok,False
sc5_local_eq_frac,QUANT,UP,E_bases,181,181,0.20377358490566042,0.20377358490566042,0.20377358490566042,0.1460154241645244,0.6500920810313074,0.6169429097605893,0.682343462246777,0.6466165413533834,ok,False
sc5_local_eq_frac,QUANT,UP,E_bases_endorsed,133,133,0.20377358490566033,0.20377358490566033,0.20377358490566033,0.14601542416452443,,,,,ok,False
sc5_local_eq_frac,QUANT,ALL,all,181,181,0.20377358490566042,0.20377358490566042,0.20377358490566042,0.1460154241645244,0.6500920810313074,0.6169429097605893,0.682343462246777,0.6466165413533834,ok,False
sc5_local_eq_frac,QUANT,ALL,E_bases,181,181,0.20377358490566042,0.20377358490566042,0.20377358490566042,0.1460154241645244,0.6500920810313074,0.6169429097605893,0.682343462246777,0.6466165413533834,ok,False
sc5_local_eq_frac,QUANT,ALL,E_bases_endorsed,133,133,0.20377358490566033,0.20377358490566033,0.20377358490566033,0.14601542416452443,,,,,ok,False
sc5_local_eq_frac,RESTR,DOWN,all,0,0,,,,,,,,,absent (0 rows),
sc5_local_eq_frac,RESTR,DOWN,E_bases,0,0,,,,,,,,,absent (0 rows),
sc5_local_eq_frac,RESTR,DOWN,E_bases_endorsed,0,0,,,,,,,,,absent (0 rows),
sc5_local_eq_frac,RESTR,UP,all,179,179,0.2037735849056604,0.2037735849056604,0.2037735849056604,0.14601542416452443,0.648975791433892,0.6163873370577281,0.6824953445065177,0.646780303030303,ok,False
sc5_local_eq_frac,RESTR,UP,E_bases,179,179,0.2037735849056604,0.2037735849056604,0.2037735849056604,0.14601542416452443,0.648975791433892,0.6163873370577281,0.6824953445065177,0.646780303030303,ok,False
sc5_local_eq_frac,RESTR,UP,E_bases_endorsed,132,132,0.20377358490566033,0.20377358490566033,0.20377358490566033,0.14601542416452443,,,,,ok,False
sc5_local_eq_frac,RESTR,ALL,all,179,179,0.2037735849056604,0.2037735849056604,0.2037735849056604,0.14601542416452443,0.648975791433892,0.6163873370577281,0.6824953445065177,0.646780303030303,ok,False
sc5_local_eq_frac,RESTR,ALL,E_bases,179,179,0.2037735849056604,0.2037735849056604,0.2037735849056604,0.14601542416452443,0.648975791433892,0.6163873370577281,0.6824953445065177,0.646780303030303,ok,False
sc5_local_eq_frac,RESTR,ALL,E_bases_endorsed,132,132,0.20377358490566033,0.20377358490566033,0.20377358490566033,0.14601542416452443,,,,,ok,False
sc5_local_eq_frac,CONN,DOWN,all,141,141,0.20377358490566036,0.20377358490566036,0.20377358490566036,0.14601542416452443,0.6453900709219859,0.6099290780141844,0.6843971631205674,0.6453900709219857,ok,False
sc5_local_eq_frac,CONN,DOWN,E_bases,141,141,0.20377358490566036,0.20377358490566036,0.20377358490566036,0.14601542416452443,0.6453900709219859,0.6099290780141844,0.6843971631205674,0.6453900709219857,ok,False
sc5_local_eq_frac,CONN,DOWN,E_bases_endorsed,99,99,0.20377358490566042,0.20377358490566042,0.20377358490566042,0.1460154241645244,,,,,ok,False
sc5_local_eq_frac,CONN,UP,all,189,189,0.20269541778975744,0.2005390835579515,0.2037735849056604,0.14524285578270152,0.6543209876543209,0.6216931216931217,0.689594356261023,0.6520712813351952,ok,False
sc5_local_eq_frac,CONN,UP,E_bases,189,189,0.20269541778975744,0.2005390835579515,0.2037735849056604,0.14524285578270152,0.6543209876543209,0.6216931216931217,0.689594356261023,0.6520712813351952,ok,False
sc5_local_eq_frac,CONN,UP,E_bases_endorsed,141,141,0.20232838217583296,0.1994379767161782,0.20377358490566036,0.14497985378037886,,,,,ok,False
sc5_local_eq_frac,CONN,ALL,all,330,189,0.20315608919382502,0.2018691588785047,0.20377358490566042,0.14557295318220767,0.6543209876543209,0.6216931216931217,0.689594356261023,0.6530656656329905,ok,False
sc5_local_eq_frac,CONN,ALL,E_bases,330,189,0.20315608919382502,0.2018691588785047,0.20377358490566042,0.14557295318220767,0.6543209876543209,0.6216931216931217,0.689594356261023,0.6530656656329905,ok,False
sc5_local_eq_frac,CONN,ALL,E_bases_endorsed,240,141,0.20292452830188676,0.20113829647905768,0.2037735849056604,0.14540702656383891,,,,,ok,False
sc5_local_eq_frac,MOVE,DOWN,all,0,0,,,,,,,,,absent (0 rows),
sc5_local_eq_frac,MOVE,DOWN,E_bases,0,0,,,,,,,,,absent (0 rows),
sc5_local_eq_frac,MOVE,DOWN,E_bases_endorsed,0,0,,,,,,,,,absent (0 rows),
sc5_local_eq_frac,MOVE,UP,all,6,6,0.20377358490566036,0.20377358490566036,0.20377358490566036,0.14601542416452443,0.5833333333333334,0.5,0.75,0.5833333333333334,untestable (<30 rows),False
sc5_local_eq_frac,MOVE,UP,E_bases,6,6,0.20377358490566036,0.20377358490566036,0.20377358490566036,0.14601542416452443,0.5833333333333334,0.5,0.75,0.5833333333333334,untestable (<30 rows),False
sc5_local_eq_frac,MOVE,UP,E_bases_endorsed,5,5,0.2037735849056604,0.2037735849056604,0.2037735849056604,0.14601542416452443,,,,,untestable (<30 rows),False
sc5_local_eq_frac,MOVE,ALL,all,6,6,0.20377358490566036,0.20377358490566036,0.20377358490566036,0.14601542416452443,0.5833333333333334,0.5,0.75,0.5833333333333334,untestable (<30 rows),False
sc5_local_eq_frac,MOVE,ALL,E_bases,6,6,0.20377358490566036,0.20377358490566036,0.20377358490566036,0.14601542416452443,0.5833333333333334,0.5,0.75,0.5833333333333334,untestable (<30 rows),False
sc5_local_eq_frac,MOVE,ALL,E_bases_endorsed,5,5,0.2037735849056604,0.2037735849056604,0.2037735849056604,0.14601542416452443,,,,,untestable (<30 rows),False
sc5_local_eq_frac,DROP,DOWN,all,141,141,0.2008831794460056,0.19654757125652345,0.20377358490566036,0.14394428339623327,0.6347517730496454,0.599290780141844,0.6737588652482269,0.6390020622705095,ok,False
sc5_local_eq_frac,DROP,DOWN,E_bases,141,141,0.2008831794460056,0.19654757125652345,0.20377358490566036,0.14394428339623327,0.6347517730496454,0.599290780141844,0.6737588652482269,0.6390020622705095,ok,False
sc5_local_eq_frac,DROP,DOWN,E_bases_endorsed,99,99,0.2017152658662093,0.19759862778730705,0.20377358490566042,0.14454052089013525,,,,,ok,False
sc5_local_eq_frac,DROP,UP,all,51,51,0.20377358490566033,0.20377358490566033,0.20377358490566033,0.1460154241645244,0.6699346405228758,0.6078431372549019,0.7385620915032679,0.6699346405228759,ok,False
sc5_local_eq_frac,DROP,UP,E_bases,51,51,0.20377358490566033,0.20377358490566033,0.20377358490566033,0.1460154241645244,0.6699346405228758,0.6078431372549019,0.7385620915032679,0.6699346405228759,ok,False
sc5_local_eq_frac,DROP,UP,E_bases_endorsed,39,39,0.20377358490566047,0.20377358490566047,0.20377358490566047,0.14601542416452437,,,,,ok,False
sc5_local_eq_frac,DROP,ALL,all,192,169,0.20165094339622644,0.19841041282451408,0.2037735849056604,0.1444944301628106,0.6518737672583826,0.6183431952662722,0.6873767258382643,0.6530859631821171,ok,False
sc5_local_eq_frac,DROP,ALL,E_bases,192,169,0.20165094339622644,0.19841041282451408,0.2037735849056604,0.1444944301628106,0.6518737672583826,0.6183431952662722,0.6873767258382643,0.6530859631821171,ok,False
sc5_local_eq_frac,DROP,ALL,E_bases_endorsed,138,124,0.20229696472518457,0.1992785793562708,0.20377358490566042,0.1449573413807235,,,,,ok,False
sc5_local_eq_frac,ADD,DOWN,all,240,180,0.20377358490566036,0.20377358490566033,0.20377358490566042,0.14601542416452445,0.6481481481481481,0.6175694444444444,0.6833333333333333,0.6459510357815442,ok,False
sc5_local_eq_frac,ADD,DOWN,E_bases,240,180,0.20377358490566036,0.20377358490566033,0.20377358490566042,0.14601542416452445,0.6481481481481481,0.6175694444444444,0.6833333333333333,0.6459510357815442,ok,False
sc5_local_eq_frac,ADD,DOWN,E_bases_endorsed,175,132,0.20377358490566044,0.20377358490566033,0.20377358490566042,0.14601542416452443,,,,,ok,False
sc5_local_eq_frac,ADD,UP,all,236,181,0.2037735849056604,0.20377358490566033,0.20377358490566042,0.14601542416452443,0.6500920810313074,0.6169429097605893,0.682343462246777,0.6466165413533834,ok,False
sc5_local_eq_frac,ADD,UP,E_bases,236,181,0.2037735849056604,0.20377358490566033,0.20377358490566042,0.14601542416452443,0.6500920810313074,0.6169429097605893,0.682343462246777,0.6466165413533834,ok,False
sc5_local_eq_frac,ADD,UP,E_bases_endorsed,172,133,0.20377358490566042,0.20377358490566033,0.20377358490566044,0.14601542416452443,,,,,ok,False
sc5_local_eq_frac,ADD,ALL,all,476,181,0.2037735849056604,0.20377358490566036,0.20377358490566042,0.14601542416452443,0.6500920810313074,0.6169429097605893,0.682343462246777,0.6466165413533834,ok,False
sc5_local_eq_frac,ADD,ALL,E_bases,476,181,0.2037735849056604,0.20377358490566036,0.20377358490566042,0.14601542416452443,0.6500920810313074,0.6169429097605893,0.682343462246777,0.6466165413533834,ok,False
sc5_local_eq_frac,ADD,ALL,E_bases_endorsed,347,133,0.2037735849056604,0.20377358490566033,0.20377358490566044,0.14601542416452443,,,,,ok,False
sc5_local_eq_frac,SWAP,DOWN,all,65,65,0.20377358490566036,0.20377358490566036,0.20377358490566036,0.14601542416452443,0.6153846153846154,0.5692307692307692,0.6692307692307692,0.6171875,ok,False
sc5_local_eq_frac,SWAP,DOWN,E_bases,65,65,0.20377358490566036,0.20377358490566036,0.20377358490566036,0.14601542416452443,0.6153846153846154,0.5692307692307692,0.6692307692307692,0.6171875,ok,False
sc5_local_eq_frac,SWAP,DOWN,E_bases_endorsed,48,48,0.20377358490566036,0.20377358490566036,0.20377358490566036,0.14601542416452443,,,,,ok,False
sc5_local_eq_frac,SWAP,UP,all,55,55,0.20006861063464831,0.19265866209262428,0.2037735849056603,0.14336059827062392,0.6303030303030303,0.5727272727272728,0.6940151515151513,0.6186147186147186,ok,False
sc5_local_eq_frac,SWAP,UP,E_bases,55,55,0.20006861063464831,0.19265866209262428,0.2037735849056603,0.14336059827062392,0.6303030303030303,0.5727272727272728,0.6940151515151513,0.6186147186147186,ok,False
sc5_local_eq_frac,SWAP,UP,E_bases_endorsed,44,44,0.19914236706689534,0.18987993138936535,0.20377358490566033,0.14269689179714884,,,,,ok,False
sc5_local_eq_frac,SWAP,ALL,all,120,91,0.20207547169811318,0.1984111221449851,0.20377358490566042,0.14479862896315338,0.6282051282051283,0.5824175824175825,0.6758241758241759,0.6227777777777778,ok,False
sc5_local_eq_frac,SWAP,ALL,E_bases,120,91,0.20207547169811318,0.1984111221449851,0.20377358490566042,0.14479862896315338,0.6282051282051283,0.5824175824175825,0.6758241758241759,0.6227777777777778,ok,False
sc5_local_eq_frac,SWAP,ALL,E_bases_endorsed,92,73,0.2015586546349467,0.19666520403685828,0.20377358490566042,0.14442829998882306,,,,,ok,False
sc5_local_eq_frac,BIND,DOWN,all,165,165,0.20377358490566042,0.20377358490566042,0.20377358490566042,0.14601542416452443,0.6404040404040403,0.607070707070707,0.6757575757575758,0.639344262295082,ok,False
sc5_local_eq_frac,BIND,DOWN,E_bases,165,165,0.20377358490566042,0.20377358490566042,0.20377358490566042,0.14601542416452443,0.6404040404040403,0.607070707070707,0.6757575757575758,0.639344262295082,ok,False
sc5_local_eq_frac,BIND,DOWN,E_bases_endorsed,121,121,0.20377358490566036,0.20377358490566036,0.20377358490566036,0.14601542416452445,,,,,ok,False
sc5_local_eq_frac,BIND,UP,all,153,153,0.20377358490566036,0.20377358490566036,0.20377358490566036,0.1460154241645244,0.6448801742919389,0.6089324618736384,0.6797385620915033,0.6417233560090703,ok,False
sc5_local_eq_frac,BIND,UP,E_bases,153,153,0.20377358490566036,0.20377358490566036,0.20377358490566036,0.1460154241645244,0.6448801742919389,0.6089324618736384,0.6797385620915033,0.6417233560090703,ok,False
sc5_local_eq_frac,BIND,UP,E_bases_endorsed,113,113,0.2037735849056604,0.2037735849056604,0.2037735849056604,0.14601542416452443,,,,,ok,False
sc5_local_eq_frac,BIND,ALL,all,318,176,0.20377358490566042,0.20377358490566033,0.2037735849056604,0.1460154241645244,0.6458333333333333,0.6136363636363636,0.6780539772727272,0.6424361493123772,ok,False
sc5_local_eq_frac,BIND,ALL,E_bases,318,176,0.20377358490566042,0.20377358490566033,0.2037735849056604,0.1460154241645244,0.6458333333333333,0.6136363636363636,0.6780539772727272,0.6424361493123772,ok,False
sc5_local_eq_frac,BIND,ALL,E_bases_endorsed,234,132,0.2037735849056604,0.20377358490566033,0.2037735849056604,0.14601542416452443,,,,,ok,False
sc5_local_eq_frac,MEANING_RENAME,DOWN,all,171,171,0.20377358490566042,0.20377358490566042,0.20377358490566042,0.14601542416452443,0.6588693957115009,0.6257309941520468,0.695906432748538,0.6540755467196819,ok,False
sc5_local_eq_frac,MEANING_RENAME,DOWN,E_bases,171,171,0.20377358490566042,0.20377358490566042,0.20377358490566042,0.14601542416452443,0.6588693957115009,0.6257309941520468,0.695906432748538,0.6540755467196819,ok,False
sc5_local_eq_frac,MEANING_RENAME,DOWN,E_bases_endorsed,126,126,0.20377358490566042,0.20377358490566042,0.20377358490566042,0.14601542416452443,,,,,ok,False
sc5_local_eq_frac,MEANING_RENAME,UP,all,151,151,0.20377358490566036,0.20377358490566036,0.20377358490566036,0.1460154241645244,0.6799116997792494,0.6423841059602649,0.716335540838852,0.6720554272517321,ok,False
sc5_local_eq_frac,MEANING_RENAME,UP,E_bases,151,151,0.20377358490566036,0.20377358490566036,0.20377358490566036,0.1460154241645244,0.6799116997792494,0.6423841059602649,0.716335540838852,0.6720554272517321,ok,False
sc5_local_eq_frac,MEANING_RENAME,UP,E_bases_endorsed,113,113,0.2037735849056604,0.2037735849056604,0.2037735849056604,0.14601542416452443,,,,,ok,False
sc5_local_eq_frac,MEANING_RENAME,ALL,all,322,186,0.2037735849056604,0.20377358490566033,0.20377358490566042,0.14601542416452443,0.6729390681003584,0.6397849462365591,0.7060931899641577,0.6638576779026217,ok,False
sc5_local_eq_frac,MEANING_RENAME,ALL,E_bases,322,186,0.2037735849056604,0.20377358490566033,0.20377358490566042,0.14601542416452443,0.6729390681003584,0.6397849462365591,0.7060931899641577,0.6638576779026217,ok,False
sc5_local_eq_frac,MEANING_RENAME,ALL,E_bases_endorsed,239,141,0.20377358490566042,0.20377358490566033,0.2037735849056604,0.14601542416452445,,,,,ok,False
sc5_local_eq_frac,SCOPE,DOWN,all,0,0,,,,,,,,,absent (0 rows),
sc5_local_eq_frac,SCOPE,DOWN,E_bases,0,0,,,,,,,,,absent (0 rows),
sc5_local_eq_frac,SCOPE,DOWN,E_bases_endorsed,0,0,,,,,,,,,absent (0 rows),
sc5_local_eq_frac,SCOPE,UP,all,0,0,,,,,,,,,absent (0 rows),
sc5_local_eq_frac,SCOPE,UP,E_bases,0,0,,,,,,,,,absent (0 rows),
sc5_local_eq_frac,SCOPE,UP,E_bases_endorsed,0,0,,,,,,,,,absent (0 rows),
sc5_local_eq_frac,SCOPE,ALL,all,0,0,,,,,,,,,absent (0 rows),
sc5_local_eq_frac,SCOPE,ALL,E_bases,0,0,,,,,,,,,absent (0 rows),
sc5_local_eq_frac,SCOPE,ALL,E_bases_endorsed,0,0,,,,,,,,,absent (0 rows),
sc5_local_eq_frac,UNGLUE,DOWN,all,0,0,,,,,,,,,absent (0 rows),
sc5_local_eq_frac,UNGLUE,DOWN,E_bases,0,0,,,,,,,,,absent (0 rows),
sc5_local_eq_frac,UNGLUE,DOWN,E_bases_endorsed,0,0,,,,,,,,,absent (0 rows),
sc5_local_eq_frac,UNGLUE,UP,all,0,0,,,,,,,,,absent (0 rows),
sc5_local_eq_frac,UNGLUE,UP,E_bases,0,0,,,,,,,,,absent (0 rows),
sc5_local_eq_frac,UNGLUE,UP,E_bases_endorsed,0,0,,,,,,,,,absent (0 rows),
sc5_local_eq_frac,UNGLUE,ALL,all,0,0,,,,,,,,,absent (0 rows),
sc5_local_eq_frac,UNGLUE,ALL,E_bases,0,0,,,,,,,,,absent (0 rows),
sc5_local_eq_frac,UNGLUE,ALL,E_bases_endorsed,0,0,,,,,,,,,absent (0 rows),
sc5_local_eq_frac,ADD[ADD_FOREIGN],ALL,all,361,181,0.20377358490566036,0.2037735849056604,0.20377358490566042,0.14601542416452443,0.6500920810313074,0.6169429097605893,0.682343462246777,0.6466165413533834,ok,False
sc5_local_eq_frac,ADD[ADD_FOREIGN],ALL,E_bases,361,181,0.20377358490566036,0.2037735849056604,0.20377358490566042,0.14601542416452443,0.6500920810313074,0.6169429097605893,0.682343462246777,0.6466165413533834,ok,False
sc5_local_eq_frac,ADD[ADD_FOREIGN],ALL,E_bases_endorsed,265,133,0.2037735849056604,0.20377358490566033,0.20377358490566036,0.14601542416452445,,,,,ok,False
sc5_local_eq_frac,ADD[ADD_INTERNAL],ALL,all,115,80,0.2037735849056604,0.20377358490566033,0.2037735849056604,0.14601542416452443,0.6375,0.59375,0.6875,0.6375,ok,False
sc5_local_eq_frac,ADD[ADD_INTERNAL],ALL,E_bases,115,80,0.2037735849056604,0.20377358490566033,0.2037735849056604,0.14601542416452443,0.6375,0.59375,0.6875,0.6375,ok,False
sc5_local_eq_frac,ADD[ADD_INTERNAL],ALL,E_bases_endorsed,82,60,0.20377358490566042,0.20377358490566033,0.20377358490566044,0.14601542416452443,,,,,ok,False
sc5_local_entropy,NEG,DOWN,all,183,183,0.19129366979799844,0.13980475225640082,0.24478418370479527,0.1064793130366901,0.6539162112932605,0.6220173041894352,0.6903688524590162,0.5764620284722859,ok,False
sc5_local_entropy,NEG,DOWN,E_bases,183,183,0.19129366979799844,0.13980475225640082,0.24478418370479527,0.1064793130366901,0.6539162112932605,0.6220173041894352,0.6903688524590162,0.5764620284722859,ok,False
sc5_local_entropy,NEG,DOWN,E_bases_endorsed,135,135,0.15910112359550563,0.10296088223054517,0.21914273824386185,0.07153439153439155,,,,,ok,False
sc5_local_entropy,NEG,UP,all,200,200,0.19503370786516855,0.1416179775280899,0.24661797752808995,0.11547619047619047,0.6658333333333333,0.6333333333333333,0.7,0.5773459507042253,ok,False
sc5_local_entropy,NEG,UP,E_bases,200,200,0.19503370786516855,0.1416179775280899,0.24661797752808995,0.11547619047619047,0.6658333333333333,0.6333333333333333,0.7,0.5773459507042253,ok,False
sc5_local_entropy,NEG,UP,E_bases_endorsed,152,152,0.1676227084565346,0.11258131283264343,0.22822294500295684,0.08728070175438596,,,,,ok,False
sc5_local_entropy,NEG,ALL,all,383,200,0.19324669228738228,0.1390981545089364,0.2465147712539079,0.11117742136018899,0.6658333333333333,0.6333333333333333,0.7,0.5779474497113228,ok,False
sc5_local_entropy,NEG,ALL,E_bases,383,200,0.19324669228738228,0.1390981545089364,0.2465147712539079,0.11117742136018899,0.6658333333333333,0.6333333333333333,0.7,0.5779474497113228,ok,False
sc5_local_entropy,NEG,ALL,E_bases_endorsed,287,152,0.1636142974591865,0.10900341342687839,0.22476575560825784,0.07987390077982412,,,,,ok,False
sc5_local_entropy,REV,DOWN,all,0,0,,,,,,,,,absent (0 rows),
sc5_local_entropy,REV,DOWN,E_bases,0,0,,,,,,,,,absent (0 rows),
sc5_local_entropy,REV,DOWN,E_bases_endorsed,0,0,,,,,,,,,absent (0 rows),
sc5_local_entropy,REV,UP,all,181,181,0.19282388726798688,0.14192625240548765,0.24692004469551176,0.10765588003157064,0.652854511970534,0.6197053406998158,0.6860036832412524,0.5773739802846392,ok,False
sc5_local_entropy,REV,UP,E_bases,181,181,0.19282388726798688,0.14192625240548765,0.24692004469551176,0.10765588003157064,0.652854511970534,0.6197053406998158,0.6860036832412524,0.5773739802846392,ok,False
sc5_local_entropy,REV,UP,E_bases_endorsed,133,133,0.160699501562896,0.10567626932499789,0.22482047816169642,0.07261009667024705,,,,,ok,False
sc5_local_entropy,REV,ALL,all,181,181,0.19282388726798688,0.14192625240548765,0.24692004469551176,0.10765588003157064,0.652854511970534,0.6197053406998158,0.6860036832412524,0.5773739802846392,ok,False
sc5_local_entropy,REV,ALL,E_bases,181,181,0.19282388726798688,0.14192625240548765,0.24692004469551176,0.10765588003157064,0.652854511970534,0.6197053406998158,0.6860036832412524,0.5773739802846392,ok,False
sc5_local_entropy,REV,ALL,E_bases_endorsed,133,133,0.160699501562896,0.10567626932499789,0.22482047816169642,0.07261009667024705,,,,,ok,False
sc5_local_entropy,QUANT,DOWN,all,0,0,,,,,,,,,absent (0 rows),
sc5_local_entropy,QUANT,DOWN,E_bases,0,0,,,,,,,,,absent (0 rows),
sc5_local_entropy,QUANT,DOWN,E_bases_endorsed,0,0,,,,,,,,,absent (0 rows),
sc5_local_entropy,QUANT,UP,all,181,181,0.19340741200571113,0.1410618287913589,0.2527475324352846,0.10765588003157064,0.6500920810313074,0.6169429097605893,0.682343462246777,0.5742585053794708,ok,False
sc5_local_entropy,QUANT,UP,E_bases,181,181,0.19340741200571113,0.1410618287913589,0.2527475324352846,0.10765588003157064,0.6500920810313074,0.6169429097605893,0.682343462246777,0.5742585053794708,ok,False
sc5_local_entropy,QUANT,UP,E_bases_endorsed,133,133,0.16149362169468617,0.10211751288333194,0.22562389118864573,0.07261009667024705,,,,,ok,False
sc5_local_entropy,QUANT,ALL,all,181,181,0.19340741200571113,0.1410618287913589,0.2527475324352846,0.10765588003157064,0.6500920810313074,0.6169429097605893,0.682343462246777,0.5742585053794708,ok,False
sc5_local_entropy,QUANT,ALL,E_bases,181,181,0.19340741200571113,0.1410618287913589,0.2527475324352846,0.10765588003157064,0.6500920810313074,0.6169429097605893,0.682343462246777,0.5742585053794708,ok,False
sc5_local_entropy,QUANT,ALL,E_bases_endorsed,133,133,0.16149362169468617,0.10211751288333194,0.22562389118864573,0.07261009667024705,,,,,ok,False
sc5_local_entropy,RESTR,DOWN,all,0,0,,,,,,,,,absent (0 rows),
sc5_local_entropy,RESTR,DOWN,E_bases,0,0,,,,,,,,,absent (0 rows),
sc5_local_entropy,RESTR,DOWN,E_bases_endorsed,0,0,,,,,,,,,absent (0 rows),
sc5_local_entropy,RESTR,UP,all,179,179,0.19497834410896997,0.1408599585713389,0.25026897244366325,0.1088587390263368,0.648975791433892,0.6163873370577281,0.6824953445065177,0.5751650584052819,ok,False
sc5_local_entropy,RESTR,UP,E_bases,179,179,0.19497834410896997,0.1408599585713389,0.25026897244366325,0.1088587390263368,0.648975791433892,0.6163873370577281,0.6824953445065177,0.5751650584052819,ok,False
sc5_local_entropy,RESTR,UP,E_bases_endorsed,132,132,0.1627170582226762,0.10291113381001023,0.22851847122914531,0.07316017316017318,,,,,ok,False
sc5_local_entropy,RESTR,ALL,all,179,179,0.19497834410896997,0.1408599585713389,0.25026897244366325,0.1088587390263368,0.648975791433892,0.6163873370577281,0.6824953445065177,0.5751650584052819,ok,False
sc5_local_entropy,RESTR,ALL,E_bases,179,179,0.19497834410896997,0.1408599585713389,0.25026897244366325,0.1088587390263368,0.648975791433892,0.6163873370577281,0.6824953445065177,0.5751650584052819,ok,False
sc5_local_entropy,RESTR,ALL,E_bases_endorsed,132,132,0.1627170582226762,0.10291113381001023,0.22851847122914531,0.07316017316017318,,,,,ok,False
sc5_local_entropy,CONN,DOWN,all,141,141,0.1814487210136266,0.12210335484899196,0.24712726113634553,0.1027355623100304,0.6453900709219859,0.6099290780141844,0.6843971631205674,0.5736381469744982,ok,False
sc5_local_entropy,CONN,DOWN,E_bases,141,141,0.1814487210136266,0.12210335484899196,0.24712726113634553,0.1027355623100304,0.6453900709219859,0.6099290780141844,0.6843971631205674,0.5736381469744982,ok,False
sc5_local_entropy,CONN,DOWN,E_bases_endorsed,99,99,0.15208262399273637,0.08720917035523779,0.2259902394733856,0.06724386724386726,,,,,ok,False
sc5_local_entropy,CONN,UP,all,189,189,0.19524404018786043,0.14289281255573394,0.24985107900838227,0.11368102796674226,0.6543209876543209,0.6216931216931217,0.689594356261023,0.5764820989237507,ok,False
sc5_local_entropy,CONN,UP,E_bases,189,189,0.19524404018786043,0.14289281255573394,0.24985107900838227,0.11368102796674226,0.6543209876543209,0.6216931216931217,0.689594356261023,0.5764820989237507,ok,False
sc5_local_entropy,CONN,UP,E_bases_endorsed,141,141,0.16576619650968205,0.10977767152761177,0.22400191250298832,0.08267477203647418,,,,,ok,False
sc5_local_entropy,CONN,ALL,all,330,189,0.1893496765406878,0.13727938853725818,0.24613612348451744,0.10900432900432902,0.6543209876543209,0.6216931216931217,0.689594356261023,0.5738289538110005,ok,False
sc5_local_entropy,CONN,ALL,E_bases,330,189,0.1893496765406878,0.13727938853725818,0.24613612348451744,0.10900432900432902,0.6543209876543209,0.6216931216931217,0.689594356261023,0.5738289538110005,ok,False
sc5_local_entropy,CONN,ALL,E_bases_endorsed,240,141,0.16012172284644197,0.10486589059616229,0.22094616750070814,0.07630952380952381,,,,,ok,False
sc5_local_entropy,MOVE,DOWN,all,0,0,,,,,,,,,absent (0 rows),
sc5_local_entropy,MOVE,DOWN,E_bases,0,0,,,,,,,,,absent (0 rows),
sc5_local_entropy,MOVE,DOWN,E_bases_endorsed,0,0,,,,,,,,,absent (0 rows),
sc5_local_entropy,MOVE,UP,all,6,6,0.20187265917603,0.017602996254681667,0.5352059925093634,0.16666666666666666,0.5833333333333334,0.5,0.75,0.5277777777777778,untestable (<30 rows),False
sc5_local_entropy,MOVE,UP,E_bases,6,6,0.20187265917603,0.017602996254681667,0.5352059925093634,0.16666666666666666,0.5833333333333334,0.5,0.75,0.5277777777777778,untestable (<30 rows),False
sc5_local_entropy,MOVE,UP,E_bases_endorsed,5,5,0.24224719101123598,0.021123595505618,0.621123595505618,0.2,,,,,untestable (<30 rows),False
sc5_local_entropy,MOVE,ALL,all,6,6,0.20187265917603,0.017602996254681667,0.5352059925093634,0.16666666666666666,0.5833333333333334,0.5,0.75,0.5277777777777778,untestable (<30 rows),False
sc5_local_entropy,MOVE,ALL,E_bases,6,6,0.20187265917603,0.017602996254681667,0.5352059925093634,0.16666666666666666,0.5833333333333334,0.5,0.75,0.5277777777777778,untestable (<30 rows),False
sc5_local_entropy,MOVE,ALL,E_bases_endorsed,5,5,0.24224719101123598,0.021123595505618,0.621123595505618,0.2,,,,,untestable (<30 rows),False
sc5_local_entropy,DROP,DOWN,all,141,141,0.1814487210136266,0.12210335484899196,0.24712726113634553,0.1027355623100304,0.6347517730496454,0.599290780141844,0.6737588652482269,0.5696645037975957,ok,False
sc5_local_entropy,DROP,DOWN,E_bases,141,141,0.1814487210136266,0.12210335484899196,0.24712726113634553,0.1027355623100304,0.6347517730496454,0.599290780141844,0.6737588652482269,0.5696645037975957,ok,False
sc5_local_entropy,DROP,DOWN,E_bases_endorsed,99,99,0.15208262399273637,0.08720917035523779,0.2259902394733856,0.06724386724386726,,,,,ok,False
sc5_local_entropy,DROP,UP,all,51,51,0.2415069398545935,0.12593082176690903,0.3612249394139678,0.16115779645191408,0.6699346405228758,0.6078431372549019,0.7385620915032679,0.577277970011534,ok,False
sc5_local_entropy,DROP,UP,E_bases,51,51,0.2415069398545935,0.12593082176690903,0.3612249394139678,0.16115779645191408,0.6699346405228758,0.6078431372549019,0.7385620915032679,0.577277970011534,ok,False
sc5_local_entropy,DROP,UP,E_bases_endorsed,39,39,0.18490348602708154,0.07963123019302795,0.31040046096225876,0.1282051282051282,,,,,ok,False
sc5_local_entropy,DROP,ALL,all,192,169,0.19740168539325845,0.14046373267751153,0.26100261091904353,0.11825396825396826,0.6518737672583826,0.6183431952662722,0.6873767258382643,0.5778219510190664,ok,False
sc5_local_entropy,DROP,ALL,E_bases,192,169,0.19740168539325845,0.14046373267751153,0.26100261091904353,0.11825396825396826,0.6518737672583826,0.6183431952662722,0.6873767258382643,0.5778219510190664,ok,False
sc5_local_entropy,DROP,ALL,E_bases_endorsed,138,124,0.1613580850024426,0.10103651100322701,0.22504586252907424,0.084472049689441,,,,,ok,False
sc5_local_entropy,ADD,DOWN,all,240,180,0.1910486891385768,0.13352393727698536,0.25182477304511747,0.1071031746031746,0.6481481481481481,0.6175694444444444,0.6833333333333333,0.5772991211550533,ok,False
sc5_local_entropy,ADD,DOWN,E_bases,240,180,0.1910486891385768,0.13352393727698536,0.25182477304511747,0.1071031746031746,0.6481481481481481,0.6175694444444444,0.6833333333333333,0.5772991211550533,ok,False
sc5_local_entropy,ADD,DOWN,E_bases_endorsed,175,132,0.16064205457463884,0.09972409540854238,0.22762031564590493,0.07580952380952381,,,,,ok,False
sc5_local_entropy,ADD,UP,all,236,181,0.21034088745000956,0.15087144762406038,0.27714946877627455,0.11997578692493946,0.6500920810313074,0.6169429097605893,0.682343462246777,0.5866055498916783,ok,False
sc5_local_entropy,ADD,UP,E_bases,236,181,0.21034088745000956,0.15087144762406038,0.27714946877627455,0.11997578692493946,0.6500920810313074,0.6169429097605893,0.682343462246777,0.5866055498916783,ok,False
sc5_local_entropy,ADD,UP,E_bases_endorsed,172,133,0.17322968382545076,0.10619246225827117,0.24507555211158466,0.08294573643410853,,,,,ok,False
sc5_local_entropy,ADD,ALL,all,476,181,0.20061372863752241,0.14597633866553233,0.2639231408835312,0.11348539415766307,0.6500920810313074,0.6169429097605893,0.682343462246777,0.5823138465912681,ok,False
sc5_local_entropy,ADD,ALL,E_bases,476,181,0.20061372863752241,0.14597633866553233,0.2639231408835312,0.11348539415766307,0.6500920810313074,0.6169429097605893,0.682343462246777,0.5823138465912681,ok,False
sc5_local_entropy,ADD,ALL,E_bases_endorsed,347,133,0.16688145581711625,0.1030256783169537,0.2317845160852757,0.07934678194044188,,,,,ok,False
sc5_local_entropy,SWAP,DOWN,all,65,65,0.2113742437337943,0.11902592912705273,0.3069317199654279,0.13582417582417583,0.6153846153846154,0.5692307692307692,0.6692307692307692,0.5571314102564102,ok,False
sc5_local_entropy,SWAP,DOWN,E_bases,65,65,0.2113742437337943,0.11902592912705273,0.3069317199654279,0.13582417582417583,0.6153846153846154,0.5692307692307692,0.6692307692307692,0.5571314102564102,ok,False
sc5_local_entropy,SWAP,DOWN,E_bases_endorsed,48,48,0.15683520599250939,0.06910112359550563,0.26540262172284645,0.05892857142857144,,,,,ok,False
sc5_local_entropy,SWAP,UP,all,55,55,0.3024310520939734,0.1913718079673136,0.4134902962206331,0.1929004329004329,0.6303030303030303,0.5727272727272728,0.6940151515151513,0.5363636363636364,ok,False
sc5_local_entropy,SWAP,UP,E_bases,55,55,0.3024310520939734,0.1913718079673136,0.4134902962206331,0.1929004329004329,0.6303030303030303,0.5727272727272728,0.6940151515151513,0.5363636363636364,ok,False
sc5_local_entropy,SWAP,UP,E_bases_endorsed,44,44,0.2572012257405516,0.14116445352400409,0.3887640449438203,0.12748917748917749,,,,,ok,False
sc5_local_entropy,SWAP,ALL,all,120,91,0.25310861423220976,0.16364565712687787,0.3473747323719365,0.16198412698412698,0.6282051282051283,0.5824175824175825,0.6758241758241759,0.5696078431372549,ok,False
sc5_local_entropy,SWAP,ALL,E_bases,120,91,0.25310861423220976,0.16364565712687787,0.3473747323719365,0.16198412698412698,0.6282051282051283,0.5824175824175825,0.6758241758241759,0.5696078431372549,ok,False
sc5_local_entropy,SWAP,ALL,E_bases_endorsed,92,73,0.20483634587200783,0.1147215328069229,0.2961769756243234,0.0917184265010352,,,,,ok,False
sc5_local_entropy,BIND,DOWN,all,165,165,0.18121893088185223,0.1279536942458291,0.23798433775961866,0.10227994227994228,0.6404040404040403,0.607070707070707,0.6757575757575758,0.5737146050670641,ok,False
sc5_local_entropy,BIND,DOWN,E_bases,165,165,0.18121893088185223,0.1279536942458291,0.23798433775961866,0.10227994227994228,0.6404040404040403,0.607070707070707,0.6757575757575758,0.5737146050670641,ok,False
sc5_local_entropy,BIND,DOWN,E_bases_endorsed,121,121,0.14357879097409232,0.08875475903055066,0.20707586591141242,0.05824478551751279,,,,,ok,False
sc5_local_entropy,BIND,UP,all,153,153,0.19920687376074028,0.13900271719174562,0.26079165748696487,0.1142857142857143,0.6448801742919389,0.6089324618736384,0.6797385620915033,0.5691609977324263,ok,False
sc5_local_entropy,BIND,UP,E_bases,153,153,0.19920687376074028,0.13900271719174562,0.26079165748696487,0.1142857142857143,0.6448801742919389,0.6089324618736384,0.6797385620915033,0.5691609977324263,ok,False
sc5_local_entropy,BIND,UP,E_bases_endorsed,113,113,0.15978920155115844,0.09690762652878594,0.2305856617281496,0.06776232616940582,,,,,ok,False
sc5_local_entropy,BIND,ALL,all,318,176,0.18987350717263798,0.13397086010697493,0.2518351957031732,0.1080563042827194,0.6458333333333333,0.6136363636363636,0.6780539772727272,0.5741897418788845,ok,False
sc5_local_entropy,BIND,ALL,E_bases,318,176,0.18987350717263798,0.13397086010697493,0.2518351957031732,0.1080563042827194,0.6458333333333333,0.6136363636363636,0.6780539772727272,0.5741897418788845,ok,False
sc5_local_entropy,BIND,ALL,E_bases_endorsed,234,132,0.15140689522711998,0.09730952314911263,0.21237788438359292,0.06284086284086285,,,,,ok,False
sc5_local_entropy,MEANING_RENAME,DOWN,all,171,171,0.19825218476903875,0.14100795058808072,0.2536434719758197,0.10810359231411865,0.6588693957115009,0.6257309941520468,0.695906432748538,0.5763198586260216,ok,False
sc5_local_entropy,MEANING_RENAME,DOWN,E_bases,171,171,0.19825218476903875,0.14100795058808072,0.2536434719758197,0.10810359231411865,0.6588693957115009,0.6257309941520468,0.695906432748538,0.5763198586260216,ok,False
sc5_local_entropy,MEANING_RENAME,DOWN,E_bases_endorsed,126,126,0.1696272516497236,0.10903245942571786,0.2373203138933476,0.07664399092970522,,,,,ok,False
sc5_local_entropy,MEANING_RENAME,UP,all,151,151,0.19242503162437682,0.13142346900811072,0.2541342361782871,0.11321349731945758,0.6799116997792494,0.6423841059602649,0.716335540838852,0.5866739060612085,ok,False
sc5_local_entropy,MEANING_RENAME,UP,E_bases,151,151,0.19242503162437682,0.13142346900811072,0.2541342361782871,0.11321349731945758,0.6799116997792494,0.6423841059602649,0.716335540838852,0.5866739060612085,ok,False
sc5_local_entropy,MEANING_RENAME,UP,E_bases_endorsed,113,113,0.17468429949289052,0.10993337973550761,0.24361141493487126,0.09970501474926255,,,,,ok,False
sc5_local_entropy,MEANING_RENAME,ALL,all,322,186,0.1955195756856724,0.140486929178721,0.25078742397690956,0.11049985211475895,0.6729390681003584,0.6397849462365591,0.7060931899641577,0.5750488519785051,ok,False
sc5_local_entropy,MEANING_RENAME,ALL,E_bases,322,186,0.1955195756856724,0.140486929178721,0.25078742397690956,0.11049985211475895,0.6729390681003584,0.6397849462365591,0.7060931899641577,0.5750488519785051,ok,False
sc5_local_entropy,MEANING_RENAME,ALL,E_bases_endorsed,239,141,0.17201824079732972,0.11103011991313382,0.23479422388068805,0.08754732018330345,,,,,ok,False
sc5_local_entropy,SCOPE,DOWN,all,0,0,,,,,,,,,absent (0 rows),
sc5_local_entropy,SCOPE,DOWN,E_bases,0,0,,,,,,,,,absent (0 rows),
sc5_local_entropy,SCOPE,DOWN,E_bases_endorsed,0,0,,,,,,,,,absent (0 rows),
sc5_local_entropy,SCOPE,UP,all,0,0,,,,,,,,,absent (0 rows),
sc5_local_entropy,SCOPE,UP,E_bases,0,0,,,,,,,,,absent (0 rows),
sc5_local_entropy,SCOPE,UP,E_bases_endorsed,0,0,,,,,,,,,absent (0 rows),
sc5_local_entropy,SCOPE,ALL,all,0,0,,,,,,,,,absent (0 rows),
sc5_local_entropy,SCOPE,ALL,E_bases,0,0,,,,,,,,,absent (0 rows),
sc5_local_entropy,SCOPE,ALL,E_bases_endorsed,0,0,,,,,,,,,absent (0 rows),
sc5_local_entropy,UNGLUE,DOWN,all,0,0,,,,,,,,,absent (0 rows),
sc5_local_entropy,UNGLUE,DOWN,E_bases,0,0,,,,,,,,,absent (0 rows),
sc5_local_entropy,UNGLUE,DOWN,E_bases_endorsed,0,0,,,,,,,,,absent (0 rows),
sc5_local_entropy,UNGLUE,UP,all,0,0,,,,,,,,,absent (0 rows),
sc5_local_entropy,UNGLUE,UP,E_bases,0,0,,,,,,,,,absent (0 rows),
sc5_local_entropy,UNGLUE,UP,E_bases_endorsed,0,0,,,,,,,,,absent (0 rows),
sc5_local_entropy,UNGLUE,ALL,all,0,0,,,,,,,,,absent (0 rows),
sc5_local_entropy,UNGLUE,ALL,E_bases,0,0,,,,,,,,,absent (0 rows),
sc5_local_entropy,UNGLUE,ALL,E_bases_endorsed,0,0,,,,,,,,,absent (0 rows),
sc5_local_entropy,ADD[ADD_FOREIGN],ALL,all,361,181,0.19394316660960506,0.14126848345645293,0.2530167363987957,0.10795409576573012,0.6500920810313074,0.6169429097605893,0.682343462246777,0.5747089329973133,ok,False
sc5_local_entropy,ADD[ADD_FOREIGN],ALL,E_bases,361,181,0.19394316660960506,0.14126848345645293,0.2530167363987957,0.10795409576573012,0.6500920810313074,0.6169429097605893,0.682343462246777,0.5747089329973133,ok,False
sc5_local_entropy,ADD[ADD_FOREIGN],ALL,E_bases_endorsed,265,133,0.16210303158787365,0.10251249510153476,0.22599687420799186,0.07288409703504044,,,,,ok,False
sc5_local_entropy,ADD[ADD_INTERNAL],ALL,all,115,80,0.22155349291646315,0.13452148630001973,0.3140683624129723,0.1308488612836439,0.6375,0.59375,0.6875,0.5775,ok,False
sc5_local_entropy,ADD[ADD_INTERNAL],ALL,E_bases,115,80,0.22155349291646315,0.13452148630001973,0.3140683624129723,0.1308488612836439,0.6375,0.59375,0.6875,0.5775,ok,False
sc5_local_entropy,ADD[ADD_INTERNAL],ALL,E_bases_endorsed,82,60,0.18232392436283915,0.09136271967732643,0.2912805290854786,0.10023228803716608,,,,,ok,False
judge_local_qwen8b_disg,NEG,DOWN,all,283,283,0.5232128295732537,0.46335756999184563,0.5833106822506117,0.059190378773789604,0.588339222614841,0.5580094228504122,0.6192579505300353,0.5511523149731288,ok,False
judge_local_qwen8b_disg,NEG,DOWN,E_bases,183,183,0.47028163093736874,0.3992854140395124,0.5411527952921396,0.07073147349247437,0.6156648451730419,0.5806010928961749,0.6484517304189434,0.5693795728139532,ok,False
judge_local_qwen8b_disg,NEG,DOWN,E_bases_endorsed,135,135,0.4449002849002849,0.3634188034188034,0.526440170940171,0.07896036387264459,,,,,ok,False
judge_local_qwen8b_disg,NEG,UP,all,300,300,0.6670512820512821,0.6106621794871794,0.7203339743589744,0.18656140350877196,0.711111111111111,0.6833333333333333,0.7355555555555555,0.6786251920122888,ok,False
judge_local_qwen8b_disg,NEG,UP,E_bases,200,200,0.6605000000000001,0.5907692307692308,0.7302701923076923,0.24177192982456144,0.7541666666666665,0.7245833333333335,0.78375,0.7180369718309859,ok,False
judge_local_qwen8b_disg,NEG,UP,E_bases_endorsed,152,152,0.6453947368421052,0.5665979251012145,0.723938512145749,0.25300092336103425,,,,,ok,False
judge_local_qwen8b_disg,NEG,ALL,all,583,300,0.5972291859084312,0.549327824972963,0.6430454244031831,0.1247329300953929,0.6558333333333334,0.6320833333333333,0.6776423611111111,0.620516200172317,ok,False
judge_local_qwen8b_disg,NEG,ALL,E_bases,383,200,0.5696123719622415,0.5150736541751217,0.6270206629501939,0.1600476386789428,0.6929166666666666,0.6660364583333332,0.7187552083333333,0.6516474828080756,ok,False
judge_local_qwen8b_disg,NEG,ALL,E_bases_endorsed,287,152,0.5510854998659876,0.48288060091317137,0.6179520917678812,0.1711351549605722,,,,,ok,False
judge_local_qwen8b_disg,REV,DOWN,all,0,0,,,,,,,,,absent (0 rows),
judge_local_qwen8b_disg,REV,DOWN,E_bases,0,0,,,,,,,,,absent (0 rows),
judge_local_qwen8b_disg,REV,DOWN,E_bases_endorsed,0,0,,,,,,,,,absent (0 rows),
judge_local_qwen8b_disg,REV,UP,all,281,281,0.40944429236244184,0.35253216534355325,0.46983301396112787,0.04064431541487171,0.517200474495848,0.4863582443653618,0.548932384341637,0.498705532034878,ok,False
judge_local_qwen8b_disg,REV,UP,E_bases,181,181,0.3704632384190396,0.29864003399915,0.4420750106247344,0.037859842977609776,0.5184162062615101,0.4802025782688766,0.5552601289134438,0.5083132068039763,ok,False
judge_local_qwen8b_disg,REV,UP,E_bases_endorsed,133,133,0.36871023713128975,0.29334875650665126,0.45130133024869873,0.02862419205909511,,,,,ok,False
judge_local_qwen8b_disg,REV,ALL,all,281,281,0.40944429236244184,0.35253216534355325,0.46983301396112787,0.04064431541487171,0.517200474495848,0.4863582443653618,0.548932384341637,0.498705532034878,ok,False
judge_local_qwen8b_disg,REV,ALL,E_bases,181,181,0.3704632384190396,0.29864003399915,0.4420750106247344,0.037859842977609776,0.5184162062615101,0.4802025782688766,0.5552601289134438,0.5083132068039763,ok,False
judge_local_qwen8b_disg,REV,ALL,E_bases_endorsed,133,133,0.36871023713128975,0.29334875650665126,0.45130133024869873,0.02862419205909511,,,,,ok,False
judge_local_qwen8b_disg,QUANT,DOWN,all,0,0,,,,,,,,,absent (0 rows),
judge_local_qwen8b_disg,QUANT,DOWN,E_bases,0,0,,,,,,,,,absent (0 rows),
judge_local_qwen8b_disg,QUANT,DOWN,E_bases_endorsed,0,0,,,,,,,,,absent (0 rows),
judge_local_qwen8b_disg,QUANT,UP,all,281,281,0.5695866411168903,0.5127566383794142,0.6265815767862032,0.03607417119310733,0.6236654804270463,0.595188315539739,0.6548042704626335,0.5673697132493841,ok,False
judge_local_qwen8b_disg,QUANT,UP,E_bases,181,181,0.42566935826604335,0.35936995325116877,0.49745006374840633,0.030764757196859557,0.5686003683241252,0.5308471454880295,0.6058931860036831,0.5336424625098658,ok,False
judge_local_qwen8b_disg,QUANT,UP,E_bases_endorsed,133,133,0.3913244650086755,0.3160786581839213,0.48131868131868133,0.030418150639757294,,,,,ok,False
judge_local_qwen8b_disg,QUANT,ALL,all,281,281,0.5695866411168903,0.5127566383794142,0.6265815767862032,0.03607417119310733,0.6236654804270463,0.595188315539739,0.6548042704626335,0.5673697132493841,ok,False
judge_local_qwen8b_disg,QUANT,ALL,E_bases,181,181,0.42566935826604335,0.35936995325116877,0.49745006374840633,0.030764757196859557,0.5686003683241252,0.5308471454880295,0.6058931860036831,0.5336424625098658,ok,False
judge_local_qwen8b_disg,QUANT,ALL,E_bases_endorsed,133,133,0.3913244650086755,0.3160786581839213,0.48131868131868133,0.030418150639757294,,,,,ok,False
judge_local_qwen8b_disg,RESTR,DOWN,all,0,0,,,,,,,,,absent (0 rows),
judge_local_qwen8b_disg,RESTR,DOWN,E_bases,0,0,,,,,,,,,absent (0 rows),
judge_local_qwen8b_disg,RESTR,DOWN,E_bases_endorsed,0,0,,,,,,,,,absent (0 rows),
judge_local_qwen8b_disg,RESTR,UP,all,279,279,0.4231596360628619,0.3623910945685139,0.4805079955886408,0.10097465886939573,0.569295101553166,0.5337514934289127,0.6018518518518517,0.4971906221321836,ok,False
judge_local_qwen8b_disg,RESTR,UP,E_bases,179,179,0.2684572410829394,0.20146110872367856,0.3354103996562097,0.05955111241791631,0.4851024208566107,0.44272579143389196,0.5251396648044693,0.4430125275097342,ok,False
judge_local_qwen8b_disg,RESTR,UP,E_bases_endorsed,132,132,0.2579254079254079,0.17482517482517482,0.33368298368298366,0.04614566719829879,,,,,ok,False
judge_local_qwen8b_disg,RESTR,ALL,all,279,279,0.4231596360628619,0.3623910945685139,0.4805079955886408,0.10097465886939573,0.569295101553166,0.5337514934289127,0.6018518518518517,0.4971906221321836,ok,False
judge_local_qwen8b_disg,RESTR,ALL,E_bases,179,179,0.2684572410829394,0.20146110872367856,0.3354103996562097,0.05955111241791631,0.4851024208566107,0.44272579143389196,0.5251396648044693,0.4430125275097342,ok,False
judge_local_qwen8b_disg,RESTR,ALL,E_bases_endorsed,132,132,0.2579254079254079,0.17482517482517482,0.33368298368298366,0.04614566719829879,,,,,ok,False
judge_local_qwen8b_disg,CONN,DOWN,all,241,241,0.6016916693265241,0.5435995850622406,0.6639004149377593,0.0284341559292422,0.6452282157676349,0.6161825726141079,0.6728907330567082,0.56804003604162,ok,False
judge_local_qwen8b_disg,CONN,DOWN,E_bases,141,141,0.49650845608292415,0.41843971631205673,0.5815616475722858,0.043200199079258435,0.635933806146572,0.6004728132387707,0.6702127659574468,0.5735123987726976,ok,False
judge_local_qwen8b_disg,CONN,DOWN,E_bases_endorsed,99,99,0.43442113442113445,0.3435120435120435,0.5353535353535354,0.03845472266524899,,,,,ok,False
judge_local_qwen8b_disg,CONN,UP,all,289,289,0.6576789992014906,0.6021546446632953,0.709688581314879,0.06932556304255448,0.6779123414071512,0.6487817185697808,0.7073241061130334,0.6210083456816043,ok,False
judge_local_qwen8b_disg,CONN,UP,E_bases,189,189,0.5452991452991452,0.47647537647537647,0.6141229141229141,0.07780562517404624,0.6309523809523809,0.5943562610229277,0.6679894179894179,0.5978171041007666,ok,False
judge_local_qwen8b_disg,CONN,UP,E_bases_endorsed,141,141,0.5110201854882707,0.4328955264593562,0.5891448445171851,0.07189249720044794,,,,,ok,False
judge_local_qwen8b_disg,CONN,ALL,all,530,289,0.6322206095791002,0.581156043956044,0.6811026701579187,0.050731545845746455,0.6614763552479815,0.6360942906574394,0.686562860438293,0.6016303031637349,ok,False
judge_local_qwen8b_disg,CONN,ALL,E_bases,330,189,0.5244522144522145,0.46316398128898134,0.586107764378968,0.06301967038809146,0.6344797178130511,0.604045414462081,0.6657848324514991,0.5887274903432893,ok,False
judge_local_qwen8b_disg,CONN,ALL,E_bases_endorsed,240,141,0.4794230769230769,0.40782078215901746,0.5488118464071691,0.05809941520467838,,,,,ok,False
judge_local_qwen8b_disg,MOVE,DOWN,all,0,0,,,,,,,,,absent (0 rows),
judge_local_qwen8b_disg,MOVE,DOWN,E_bases,0,0,,,,,,,,,absent (0 rows),
judge_local_qwen8b_disg,MOVE,DOWN,E_bases_endorsed,0,0,,,,,,,,,absent (0 rows),
judge_local_qwen8b_disg,MOVE,UP,all,6,6,0.0,0.0,0.0,0.0,0.44444444444444436,0.2222222222222222,0.6388888888888888,0.4166666666666667,untestable (<30 rows),False
judge_local_qwen8b_disg,MOVE,UP,E_bases,6,6,0.0,0.0,0.0,0.0,0.44444444444444436,0.2222222222222222,0.6388888888888888,0.4166666666666667,untestable (<30 rows),False
judge_local_qwen8b_disg,MOVE,UP,E_bases_endorsed,5,5,0.0,0.0,0.0,0.0,,,,,untestable (<30 rows),False
judge_local_qwen8b_disg,MOVE,ALL,all,6,6,0.0,0.0,0.0,0.0,0.44444444444444436,0.2222222222222222,0.6388888888888888,0.4166666666666667,untestable (<30 rows),False
judge_local_qwen8b_disg,MOVE,ALL,E_bases,6,6,0.0,0.0,0.0,0.0,0.44444444444444436,0.2222222222222222,0.6388888888888888,0.4166666666666667,untestable (<30 rows),False
judge_local_qwen8b_disg,MOVE,ALL,E_bases_endorsed,5,5,0.0,0.0,0.0,0.0,,,,,untestable (<30 rows),False
judge_local_qwen8b_disg,DROP,DOWN,all,241,241,0.5314075965528249,0.4692275774018513,0.5936482604532398,0.04107155856446096,0.5926694329183956,0.5573824343015213,0.6251901798063624,0.5484553181476444,ok,False
judge_local_qwen8b_disg,DROP,DOWN,E_bases,141,141,0.40469176213857067,0.32673213311511184,0.48963447899618107,0.043200199079258435,0.5673758865248227,0.5271867612293144,0.6063829787234043,0.5403735559914826,ok,False
judge_local_qwen8b_disg,DROP,DOWN,E_bases_endorsed,99,99,0.38430458430458436,0.29339549339549337,0.47536907536907536,0.053836611731348585,,,,,ok,False
judge_local_qwen8b_disg,DROP,UP,all,51,51,0.6283559577677224,0.49140271493212667,0.7460067873303168,0.04478844169246647,0.7058823529411763,0.6274509803921567,0.7875816993464052,0.6796744841727541,ok,False
judge_local_qwen8b_disg,DROP,UP,E_bases,51,51,0.6283559577677224,0.49140271493212667,0.7460067873303168,0.04478844169246647,0.7058823529411763,0.6274509803921567,0.7875816993464052,0.6796744841727541,ok,False
judge_local_qwen8b_disg,DROP,UP,E_bases_endorsed,39,39,0.5909270216962526,0.4372781065088759,0.744181459566075,0.058569500674763846,,,,,ok,False
judge_local_qwen8b_disg,DROP,ALL,all,292,269,0.5483403582718651,0.4902106227106228,0.6046493234876628,0.041720740206681095,0.6127633209417597,0.580545229244114,0.6471499380421313,0.5670163466924683,ok,False
judge_local_qwen8b_disg,DROP,ALL,E_bases,192,169,0.46410256410256406,0.38906681355284245,0.5416346153846153,0.04362207602339182,0.6035502958579881,0.5641025641025642,0.6429980276134122,0.5706566403681788,ok,False
judge_local_qwen8b_disg,DROP,ALL,E_bases_endorsed,138,124,0.44269788182831654,0.3608186403365995,0.5270780003443722,0.05517416730231377,,,,,ok,False
judge_local_qwen8b_disg,ADD,DOWN,all,340,280,0.6147511312217194,0.5546640141467728,0.6706595871700707,0.06270381836945305,0.6717261904761904,0.6407738095238096,0.7014880952380952,0.6047462306222128,ok,False
judge_local_qwen8b_disg,ADD,DOWN,E_bases,240,180,0.5417307692307692,0.4720986309827511,0.6110163969565914,0.05710526315789474,0.6365740740740742,0.600462962962963,0.674074074074074,0.5955076898932832,ok,False
judge_local_qwen8b_disg,ADD,DOWN,E_bases_endorsed,175,132,0.5143736263736264,0.43714904842660635,0.5964923526765632,0.05656140350877194,,,,,ok,False
judge_local_qwen8b_disg,ADD,UP,all,421,281,0.8670381874657409,0.8353584731801608,0.8964511684706362,0.10184606409134478,0.7864768683274022,0.7642348754448398,0.8075400355871886,0.7430896560387356,ok,False
judge_local_qwen8b_disg,ADD,UP,E_bases,236,181,0.8602346805736636,0.8183089637635093,0.90219558101473,0.12360987213797206,0.7914364640883977,0.7679558011049724,0.8158379373848986,0.7497291958710335,ok,False
judge_local_qwen8b_disg,ADD,UP,E_bases_endorsed,172,133,0.8431127012522361,0.7918492445054945,0.8935921952993289,0.11205630354957162,,,,,ok,False
judge_local_qwen8b_disg,ADD,ALL,all,761,281,0.7543212372384515,0.7206724837057578,0.7854861506497657,0.08435806994490169,0.7279062870699882,0.7062561783313562,0.7479747429814155,0.6814927537147478,ok,False
judge_local_qwen8b_disg,ADD,ALL,E_bases,476,181,0.699644473173885,0.6553815681106903,0.7417694046825009,0.09007813651776503,0.7104818907305096,0.6871470227133211,0.7356507059545733,0.6723538099450307,ok,False
judge_local_qwen8b_disg,ADD,ALL,E_bases_endorsed,347,133,0.6773221015295944,0.6236153908825409,0.729346970839618,0.08406896203043633,,,,,ok,False
judge_local_qwen8b_disg,SWAP,DOWN,all,134,134,0.48513203214695755,0.40309988518943746,0.5746268656716418,0.03409269442262373,0.5006218905472638,0.46455223880597013,0.5373134328358209,0.4622376837616429,ok,False
judge_local_qwen8b_disg,SWAP,DOWN,E_bases,65,65,0.4001183431952663,0.29193491124260357,0.5230769230769231,0.058569500674763846,0.5012820512820512,0.4551282051282051,0.5512820512820512,0.4590544871794872,ok,False
judge_local_qwen8b_disg,SWAP,DOWN,E_bases_endorsed,48,48,0.2918269230769231,0.16682692307692307,0.4375,0.04758771929824562,,,,,ok,False
judge_local_qwen8b_disg,SWAP,UP,all,108,108,0.5742877492877493,0.48155270655270654,0.6670227920227921,0.08460038986354777,0.5686728395061729,0.5185185185185185,0.6165316358024692,0.5336328976034859,ok,False
judge_local_qwen8b_disg,SWAP,UP,E_bases,55,55,0.6184615384615385,0.4910489510489511,0.7457342657342658,0.16612440191387562,0.6348484848484849,0.5696969696969697,0.7,0.5703772418058133,ok,False
judge_local_qwen8b_disg,SWAP,UP,E_bases_endorsed,44,44,0.5685314685314685,0.4097902097902098,0.70506993006993,0.19035087719298247,,,,,ok,False
judge_local_qwen8b_disg,SWAP,ALL,all,242,177,0.5249205340114431,0.4488797879075657,0.5984888498736328,0.05663331883427579,0.52424670433145,0.49034839924670426,0.5590925141242938,0.5031897926634769,ok,False
judge_local_qwen8b_disg,SWAP,ALL,E_bases,120,91,0.5001923076923077,0.40003082089349323,0.5951717348308257,0.10786549707602341,0.5618131868131867,0.516929945054945,0.6085279304029303,0.525359477124183,ok,False
judge_local_qwen8b_disg,SWAP,ALL,E_bases_endorsed,92,73,0.42416387959866225,0.311901364764268,0.541680689102564,0.11586575133485891,,,,,ok,False
judge_local_qwen8b_disg,BIND,DOWN,all,250,250,0.7561538461538462,0.7042146153846155,0.8041546153846154,0.07918596491228072,0.7066666666666667,0.6786666666666666,0.7346666666666666,0.6829636608344549,ok,False
judge_local_qwen8b_disg,BIND,DOWN,E_bases,165,165,0.7153379953379954,0.6427027972027973,0.7819114219114219,0.08767676767676769,0.7,0.6636363636363637,0.7358585858585858,0.6918156979632389,ok,False
judge_local_qwen8b_disg,BIND,DOWN,E_bases_endorsed,121,121,0.69446916719644,0.612015257469803,0.777050222504768,0.07551109177903438,,,,,ok,False
judge_local_qwen8b_disg,BIND,UP,all,231,231,0.8788544788544789,0.8397244422244422,0.9178163503163503,0.18891167312219947,0.803030303030303,0.7792027417027417,0.829004329004329,0.7635177168510502,ok,False
judge_local_qwen8b_disg,BIND,UP,E_bases,153,153,0.902061337355455,0.856309703368527,0.9413273001508295,0.2553606237816764,0.8159041394335511,0.7875816993464052,0.8442265795206971,0.7837357165088258,ok,False
judge_local_qwen8b_disg,BIND,UP,E_bases_endorsed,113,113,0.8850918992511914,0.823281143635126,0.9381892443839347,0.21099208197484867,,,,,ok,False
judge_local_qwen8b_disg,BIND,ALL,all,481,271,0.8150807612346074,0.7788705918631628,0.8507667479636589,0.1318816792501003,0.7524600246002461,0.730315959409594,0.7746079335793359,0.7271309771309771,ok,False
judge_local_qwen8b_disg,BIND,ALL,E_bases,318,176,0.8051765844218675,0.7597879684418146,0.8480897861769491,0.16835484938762002,0.7556818181818182,0.7275094696969696,0.7821969696969696,0.7444829546156603,ok,False
judge_local_qwen8b_disg,BIND,ALL,E_bases_endorsed,234,132,0.7865220249835635,0.7318989343989345,0.8369825335563749,0.14093567251461991,,,,,ok,False
judge_local_qwen8b_disg,MEANING_RENAME,DOWN,all,264,264,0.3449009324009324,0.28828598484848483,0.4017198426573427,0.017304625199362045,0.4823232323232323,0.4532749368686868,0.5132654671717172,0.45914225373944045,ok,False
judge_local_qwen8b_disg,MEANING_RENAME,DOWN,E_bases,171,171,0.2166441745389114,0.15811853351327038,0.28097165991902834,0.017810608392325847,0.45711500974658864,0.41957846003898636,0.4926900584795322,0.44660690825805405,ok,False
judge_local_qwen8b_disg,MEANING_RENAME,DOWN,E_bases_endorsed,126,126,0.166971916971917,0.10341880341880341,0.23052655677655678,0.018128654970760237,,,,,ok,False
judge_local_qwen8b_disg,MEANING_RENAME,UP,all,234,234,0.5045036160420776,0.4404659763313609,0.5686406969099278,0.09640125955915431,0.6349715099715099,0.6007834757834758,0.6677439458689458,0.5644847983557661,ok,False
judge_local_qwen8b_disg,MEANING_RENAME,UP,E_bases,151,151,0.3777890983188996,0.30494014263881813,0.4571574121242996,0.0939235505983502,0.5943708609271523,0.5573951434878587,0.6318984547461368,0.5572243549546518,ok,False
judge_local_qwen8b_disg,MEANING_RENAME,UP,E_bases_endorsed,113,113,0.35432266848196053,0.26589516678012254,0.4428863172226004,0.08507995652848938,,,,,ok,False
judge_local_qwen8b_disg,MEANING_RENAME,ALL,all,498,281,0.41989496447327773,0.3718978431207347,0.4721889297115201,0.05447051363348131,0.5502669039145908,0.5244661921708185,0.5753336298932384,0.5132250614178325,ok,False
judge_local_qwen8b_disg,MEANING_RENAME,ALL,E_bases,322,186,0.29221213569039656,0.23928895664298921,0.3497534779050737,0.053503323526206834,0.5226254480286738,0.4935035842293907,0.5539930555555554,0.5014684672110173,ok,False
judge_local_qwen8b_disg,MEANING_RENAME,ALL,E_bases_endorsed,239,141,0.2555519794013518,0.1953071560533847,0.3180083815632558,0.04978345445202967,,,,,ok,False
judge_local_qwen8b_disg,SCOPE,DOWN,all,0,0,,,,,,,,,absent (0 rows),
judge_local_qwen8b_disg,SCOPE,DOWN,E_bases,0,0,,,,,,,,,absent (0 rows),
judge_local_qwen8b_disg,SCOPE,DOWN,E_bases_endorsed,0,0,,,,,,,,,absent (0 rows),
judge_local_qwen8b_disg,SCOPE,UP,all,0,0,,,,,,,,,absent (0 rows),
judge_local_qwen8b_disg,SCOPE,UP,E_bases,0,0,,,,,,,,,absent (0 rows),
judge_local_qwen8b_disg,SCOPE,UP,E_bases_endorsed,0,0,,,,,,,,,absent (0 rows),
judge_local_qwen8b_disg,SCOPE,ALL,all,0,0,,,,,,,,,absent (0 rows),
judge_local_qwen8b_disg,SCOPE,ALL,E_bases,0,0,,,,,,,,,absent (0 rows),
judge_local_qwen8b_disg,SCOPE,ALL,E_bases_endorsed,0,0,,,,,,,,,absent (0 rows),
judge_local_qwen8b_disg,UNGLUE,DOWN,all,0,0,,,,,,,,,absent (0 rows),
judge_local_qwen8b_disg,UNGLUE,DOWN,E_bases,0,0,,,,,,,,,absent (0 rows),
judge_local_qwen8b_disg,UNGLUE,DOWN,E_bases_endorsed,0,0,,,,,,,,,absent (0 rows),
judge_local_qwen8b_disg,UNGLUE,UP,all,0,0,,,,,,,,,absent (0 rows),
judge_local_qwen8b_disg,UNGLUE,UP,E_bases,0,0,,,,,,,,,absent (0 rows),
judge_local_qwen8b_disg,UNGLUE,UP,E_bases_endorsed,0,0,,,,,,,,,absent (0 rows),
judge_local_qwen8b_disg,UNGLUE,ALL,all,0,0,,,,,,,,,absent (0 rows),
judge_local_qwen8b_disg,UNGLUE,ALL,E_bases,0,0,,,,,,,,,absent (0 rows),
judge_local_qwen8b_disg,UNGLUE,ALL,E_bases_endorsed,0,0,,,,,,,,,absent (0 rows),
judge_local_qwen8b_disg,ADD[ADD_FOREIGN],ALL,all,561,281,0.7308652132181545,0.6921708185053381,0.7665529613781654,0.11036057166088128,0.7219750889679716,0.6991399762752076,0.7434793890865955,0.6748348159193748,ok,False
judge_local_qwen8b_disg,ADD[ADD_FOREIGN],ALL,E_bases,361,181,0.6787129767739186,0.6316210313232474,0.7230742095021031,0.11666423676920835,0.70695211786372,0.6820844843462247,0.7336613720073665,0.6683997042467664,ok,False
judge_local_qwen8b_disg,ADD[ADD_FOREIGN],ALL,E_bases_endorsed,265,133,0.6604354136429609,0.6053202718334297,0.7133194070080862,0.1072095332671301,,,,,ok,False
judge_local_qwen8b_disg,ADD[ADD_INTERNAL],ALL,all,200,165,0.8201153846153847,0.7611904455209879,0.8763451524024481,0.01142105263157895,0.7823232323232322,0.7464520202020202,0.8161742424242425,0.7220454545454544,ok,False
judge_local_qwen8b_disg,ADD[ADD_INTERNAL],ALL,E_bases,115,80,0.765351170568562,0.6783277591973245,0.8482274159663865,0.006620900076277652,0.7614583333333332,0.7145833333333333,0.8072916666666667,0.7115398550724638,ok,False
judge_local_qwen8b_disg,ADD[ADD_INTERNAL],ALL,E_bases_endorsed,82,60,0.7318949343339588,0.6224179174484052,0.8373061829159213,0.009285408643560122,,,,,ok,False
judge_local_llama8b_disg,NEG,DOWN,all,283,283,0.14487632508833923,0.10600706713780919,0.1872791519434629,0.12014134275618374,0.6018845700824499,0.5653710247349824,0.6366313309776208,0.5201185455374444,ok,False
judge_local_llama8b_disg,NEG,DOWN,E_bases,183,183,0.18579234972677597,0.13114754098360656,0.24057377049180254,0.14754098360655737,0.5737704918032787,0.5300546448087432,0.6147540983606558,0.490856916079006,ok,False
judge_local_llama8b_disg,NEG,DOWN,E_bases_endorsed,135,135,0.1925925925925926,0.1259259259259259,0.25925925925925924,0.14814814814814814,,,,,ok,False
judge_local_llama8b_disg,NEG,UP,all,300,300,0.21333333333333335,0.16666666666666666,0.2633333333333333,0.15666666666666668,0.6805555555555555,0.6422222222222221,0.7177777777777777,0.5921198156682028,ok,False
judge_local_llama8b_disg,NEG,UP,E_bases,200,200,0.24,0.185,0.3,0.185,0.6558333333333334,0.6116666666666667,0.6991875,0.5698591549295775,ok,False
judge_local_llama8b_disg,NEG,UP,E_bases_endorsed,152,152,0.2236842105263158,0.15789473684210525,0.2894736842105263,0.18421052631578946,,,,,ok,False
judge_local_llama8b_disg,NEG,ALL,all,583,300,0.18010291595197256,0.1423609724147654,0.21807118960143315,0.13893653516295026,0.6413888888888889,0.6125,0.6691736111111111,0.5560247725494226,ok,False
judge_local_llama8b_disg,NEG,ALL,E_bases,383,200,0.21409921671018275,0.16666666666666666,0.26440749539024744,0.1671018276762402,0.61625,0.5825,0.6520833333333332,0.5313453830029787,ok,False
judge_local_llama8b_disg,NEG,ALL,E_bases_endorsed,287,152,0.20905923344947736,0.1543859649122807,0.2650301571828926,0.1672473867595819,,,,,ok,False
judge_local_llama8b_disg,REV,DOWN,all,0,0,,,,,,,,,absent (0 rows),
judge_local_llama8b_disg,REV,DOWN,E_bases,0,0,,,,,,,,,absent (0 rows),
judge_local_llama8b_disg,REV,DOWN,E_bases_endorsed,0,0,,,,,,,,,absent (0 rows),
judge_local_llama8b_disg,REV,UP,all,281,281,0.09608540925266904,0.06396797153024912,0.13176156583629844,0.06761565836298933,0.42645314353499403,0.3855278766310795,0.4679715302491103,0.4682385409679886,ok,False
judge_local_llama8b_disg,REV,UP,E_bases,181,181,0.143646408839779,0.09392265193370165,0.19337016574585636,0.10497237569060773,0.43922651933701656,0.39226519337016574,0.4862108655616941,0.48216599463062204,ok,False
judge_local_llama8b_disg,REV,UP,E_bases_endorsed,133,133,0.12781954887218044,0.07518796992481203,0.18796992481203006,0.09022556390977443,,,,,ok,False
judge_local_llama8b_disg,REV,ALL,all,281,281,0.09608540925266904,0.06396797153024912,0.13176156583629844,0.06761565836298933,0.42645314353499403,0.3855278766310795,0.4679715302491103,0.4682385409679886,ok,False
judge_local_llama8b_disg,REV,ALL,E_bases,181,181,0.143646408839779,0.09392265193370165,0.19337016574585636,0.10497237569060773,0.43922651933701656,0.39226519337016574,0.4862108655616941,0.48216599463062204,ok,False
judge_local_llama8b_disg,REV,ALL,E_bases_endorsed,133,133,0.12781954887218044,0.07518796992481203,0.18796992481203006,0.09022556390977443,,,,,ok,False
judge_local_llama8b_disg,QUANT,DOWN,all,0,0,,,,,,,,,absent (0 rows),
judge_local_llama8b_disg,QUANT,DOWN,E_bases,0,0,,,,,,,,,absent (0 rows),
judge_local_llama8b_disg,QUANT,DOWN,E_bases_endorsed,0,0,,,,,,,,,absent (0 rows),
judge_local_llama8b_disg,QUANT,UP,all,281,281,0.2704626334519573,0.2206405693950178,0.3238434163701068,0.20640569395017794,0.8173190984578884,0.7858837485172004,0.8451957295373665,0.668247844237613,ok,False
judge_local_llama8b_disg,QUANT,UP,E_bases,181,181,0.27071823204419887,0.20441988950276244,0.3370165745856354,0.20441988950276244,0.7605893186003684,0.7228360957642724,0.7992863720073664,0.6015660698708096,ok,False
judge_local_llama8b_disg,QUANT,UP,E_bases_endorsed,133,133,0.2556390977443609,0.18796992481203006,0.3308270676691729,0.19548872180451127,,,,,ok,False
judge_local_llama8b_disg,QUANT,ALL,all,281,281,0.2704626334519573,0.2206405693950178,0.3238434163701068,0.20640569395017794,0.8173190984578884,0.7858837485172004,0.8451957295373665,0.668247844237613,ok,False
judge_local_llama8b_disg,QUANT,ALL,E_bases,181,181,0.27071823204419887,0.20441988950276244,0.3370165745856354,0.20441988950276244,0.7605893186003684,0.7228360957642724,0.7992863720073664,0.6015660698708096,ok,False
judge_local_llama8b_disg,QUANT,ALL,E_bases_endorsed,133,133,0.2556390977443609,0.18796992481203006,0.3308270676691729,0.19548872180451127,,,,,ok,False
judge_local_llama8b_disg,RESTR,DOWN,all,0,0,,,,,,,,,absent (0 rows),
judge_local_llama8b_disg,RESTR,DOWN,E_bases,0,0,,,,,,,,,absent (0 rows),
judge_local_llama8b_disg,RESTR,DOWN,E_bases_endorsed,0,0,,,,,,,,,absent (0 rows),
judge_local_llama8b_disg,RESTR,UP,all,279,279,0.22939068100358423,0.17921146953405018,0.27956989247311825,0.15770609318996415,0.7718040621266428,0.7383512544802867,0.8034647550776582,0.623508735476945,ok,False
judge_local_llama8b_disg,RESTR,UP,E_bases,179,179,0.22905027932960895,0.1730446927374302,0.2905027932960894,0.16759776536312848,0.6759776536312849,0.630330540037244,0.7206703910614524,0.5418253766717454,ok,False
judge_local_llama8b_disg,RESTR,UP,E_bases_endorsed,132,132,0.23484848484848486,0.16666666666666666,0.3106060606060606,0.17424242424242425,,,,,ok,False
judge_local_llama8b_disg,RESTR,ALL,all,279,279,0.22939068100358423,0.17921146953405018,0.27956989247311825,0.15770609318996415,0.7718040621266428,0.7383512544802867,0.8034647550776582,0.623508735476945,ok,False
judge_local_llama8b_disg,RESTR,ALL,E_bases,179,179,0.22905027932960895,0.1730446927374302,0.2905027932960894,0.16759776536312848,0.6759776536312849,0.630330540037244,0.7206703910614524,0.5418253766717454,ok,False
judge_local_llama8b_disg,RESTR,ALL,E_bases_endorsed,132,132,0.23484848484848486,0.16666666666666666,0.3106060606060606,0.17424242424242425,,,,,ok,False
judge_local_llama8b_disg,CONN,DOWN,all,241,241,0.15767634854771784,0.11618257261410789,0.20342323651452227,0.12863070539419086,0.6998616874135547,0.6639004149377593,0.7385892116182573,0.5572964193683534,ok,False
judge_local_llama8b_disg,CONN,DOWN,E_bases,141,141,0.19148936170212766,0.1347517730496454,0.2624113475177305,0.16312056737588654,0.6548463356973996,0.6052009456264774,0.7021276595744681,0.5176131314655533,ok,False
judge_local_llama8b_disg,CONN,DOWN,E_bases_endorsed,99,99,0.1717171717171717,0.10101010101010101,0.25252525252525254,0.15151515151515152,,,,,ok,False
judge_local_llama8b_disg,CONN,UP,all,289,289,0.2629757785467128,0.21107266435986158,0.314878892733564,0.1903114186851211,0.732410611303345,0.6943483275663207,0.7687427912341408,0.6330564898071247,ok,False
judge_local_llama8b_disg,CONN,UP,E_bases,189,189,0.2751322751322751,0.21693121693121692,0.3386243386243386,0.21164021164021163,0.6472663139329806,0.5969797178130511,0.6975308641975307,0.5575123725931626,ok,False
judge_local_llama8b_disg,CONN,UP,E_bases_endorsed,141,141,0.2765957446808511,0.19858156028368795,0.3475177304964539,0.19858156028368795,,,,,ok,False
judge_local_llama8b_disg,CONN,ALL,all,530,289,0.21509433962264152,0.17471976253844124,0.2596221751412429,0.16226415094339622,0.7058823529411765,0.6753171856978085,0.7364475201845443,0.5923317408247286,ok,False
judge_local_llama8b_disg,CONN,ALL,E_bases,330,189,0.23939393939393938,0.18787412587412586,0.2955223880597015,0.19090909090909092,0.6410934744268078,0.6031746031746031,0.6798941798941799,0.5358032751210489,ok,False
judge_local_llama8b_disg,CONN,ALL,E_bases_endorsed,240,141,0.23333333333333334,0.17072928765001938,0.2946058091286307,0.17916666666666667,,,,,ok,False
judge_local_llama8b_disg,MOVE,DOWN,all,0,0,,,,,,,,,absent (0 rows),
judge_local_llama8b_disg,MOVE,DOWN,E_bases,0,0,,,,,,,,,absent (0 rows),
judge_local_llama8b_disg,MOVE,DOWN,E_bases_endorsed,0,0,,,,,,,,,absent (0 rows),
judge_local_llama8b_disg,MOVE,UP,all,6,6,0.0,0.0,0.0,0.0,0.4444444444444444,0.2222222222222222,0.611111111111111,0.4444444444444444,untestable (<30 rows),False
judge_local_llama8b_disg,MOVE,UP,E_bases,6,6,0.0,0.0,0.0,0.0,0.4444444444444444,0.2222222222222222,0.611111111111111,0.4444444444444444,untestable (<30 rows),False
judge_local_llama8b_disg,MOVE,UP,E_bases_endorsed,5,5,0.0,0.0,0.0,0.0,,,,,untestable (<30 rows),False
judge_local_llama8b_disg,MOVE,ALL,all,6,6,0.0,0.0,0.0,0.0,0.4444444444444444,0.2222222222222222,0.611111111111111,0.4444444444444444,untestable (<30 rows),False
judge_local_llama8b_disg,MOVE,ALL,E_bases,6,6,0.0,0.0,0.0,0.0,0.4444444444444444,0.2222222222222222,0.611111111111111,0.4444444444444444,untestable (<30 rows),False
judge_local_llama8b_disg,MOVE,ALL,E_bases_endorsed,5,5,0.0,0.0,0.0,0.0,,,,,untestable (<30 rows),False
judge_local_llama8b_disg,DROP,DOWN,all,241,241,0.07468879668049792,0.04564315352697095,0.11203319502074689,0.03319502074688797,0.44536652835408025,0.3983402489626556,0.4923928077455048,0.4749516479858588,ok,False
judge_local_llama8b_disg,DROP,DOWN,E_bases,141,141,0.05673758865248227,0.02127659574468085,0.09929078014184398,0.0425531914893617,0.3900709219858156,0.3285460992907801,0.4515366430260047,0.4326744127558976,ok,False
judge_local_llama8b_disg,DROP,DOWN,E_bases_endorsed,99,99,0.030303030303030304,0.0,0.0707070707070707,0.020202020202020204,,,,,ok,False
judge_local_llama8b_disg,DROP,UP,all,51,51,0.49019607843137253,0.35294117647058826,0.6274509803921569,0.49019607843137253,0.6993464052287581,0.5947712418300654,0.8039215686274508,0.6202742534922465,ok,False
judge_local_llama8b_disg,DROP,UP,E_bases,51,51,0.49019607843137253,0.35294117647058826,0.6274509803921569,0.49019607843137253,0.6993464052287581,0.5947712418300654,0.8039215686274508,0.6202742534922465,ok,False
judge_local_llama8b_disg,DROP,UP,E_bases_endorsed,39,39,0.46153846153846156,0.3076923076923077,0.6153846153846154,0.46153846153846156,,,,,ok,False
judge_local_llama8b_disg,DROP,ALL,all,292,269,0.14726027397260275,0.10801393728222997,0.18875290853767668,0.11301369863013698,0.483271375464684,0.4368029739776952,0.5303593556381659,0.5093870414693351,ok,False
judge_local_llama8b_disg,DROP,ALL,E_bases,192,169,0.171875,0.11917098445595854,0.22730156898938608,0.16145833333333334,0.4595660749506903,0.40236686390532544,0.5177514792899408,0.49255218606180146,ok,False
judge_local_llama8b_disg,DROP,ALL,E_bases_endorsed,138,124,0.15217391304347827,0.0948905109489051,0.20864114678406526,0.14492753623188406,,,,,ok,False
judge_local_llama8b_disg,ADD,DOWN,all,340,280,0.3029411764705882,0.25147885739991005,0.35693236230539743,0.24411764705882352,0.7505952380952381,0.7154761904761905,0.7845386904761905,0.64857365328803,ok,False
judge_local_llama8b_disg,ADD,DOWN,E_bases,240,180,0.35,0.2809917355371901,0.4204129806429009,0.275,0.7305555555555555,0.687962962962963,0.7713194444444443,0.6197347771500313,ok,False
judge_local_llama8b_disg,ADD,DOWN,E_bases_endorsed,175,132,0.33714285714285713,0.26011560693641617,0.41711229946524064,0.26285714285714284,,,,,ok,False
judge_local_llama8b_disg,ADD,UP,all,421,281,0.5154394299287411,0.46776044715630205,0.5657389188069593,0.46318289786223277,0.8873072360616845,0.8647686832740213,0.9092526690391459,0.7766364425360862,ok,False
judge_local_llama8b_disg,ADD,UP,E_bases,236,181,0.6313559322033898,0.5683760683760684,0.6995987654320988,0.5635593220338984,0.9060773480662984,0.8766114180478821,0.9337016574585635,0.796355295017204,ok,False
judge_local_llama8b_disg,ADD,UP,E_bases_endorsed,172,133,0.6162790697674418,0.5389213240186295,0.695906432748538,0.5406976744186046,,,,,ok,False
judge_local_llama8b_disg,ADD,ALL,all,761,281,0.4204993429697766,0.3797238366862202,0.46064700829002186,0.36530880420499345,0.821075523922499,0.7972469355476473,0.843418841439304,0.7196091933690488,ok,False
judge_local_llama8b_disg,ADD,ALL,E_bases,476,181,0.4894957983193277,0.4407484407484408,0.5435766835188853,0.4180672268907563,0.8173726212400246,0.7915899324739103,0.8443830570902393,0.7076633284892905,ok,False
judge_local_llama8b_disg,ADD,ALL,E_bases_endorsed,347,133,0.4755043227665706,0.4178628224502706,0.5331424092872948,0.40057636887608067,,,,,ok,False
judge_local_llama8b_disg,SWAP,DOWN,all,134,134,0.12686567164179105,0.07462686567164178,0.1865671641791045,0.09701492537313433,0.6243781094527362,0.5671641791044776,0.6803482587064676,0.5254928365690346,ok,False
judge_local_llama8b_disg,SWAP,DOWN,E_bases,65,65,0.2,0.1076923076923077,0.3076923076923077,0.15384615384615385,0.5538461538461538,0.46923076923076923,0.641025641025641,0.465224358974359,ok,False
judge_local_llama8b_disg,SWAP,DOWN,E_bases_endorsed,48,48,0.22916666666666666,0.10416666666666667,0.3541666666666667,0.1875,,,,,ok,False
judge_local_llama8b_disg,SWAP,UP,all,108,108,0.18518518518518517,0.1111111111111111,0.25925925925925924,0.14814814814814814,0.5601851851851851,0.49537037037037035,0.6250385802469134,0.5072319051077221,ok,False
judge_local_llama8b_disg,SWAP,UP,E_bases,55,55,0.2909090909090909,0.16363636363636364,0.41818181818181815,0.23636363636363636,0.48181818181818187,0.3787878787878788,0.5878787878787879,0.45590599876314164,ok,False
judge_local_llama8b_disg,SWAP,UP,E_bases_endorsed,44,44,0.29545454545454547,0.1590909090909091,0.4318181818181818,0.25,,,,,ok,False
judge_local_llama8b_disg,SWAP,ALL,all,242,177,0.15289256198347106,0.10221768707482994,0.21008403361344538,0.11983471074380166,0.60075329566855,0.5513182674199624,0.64784604519774,0.5028031511285099,ok,False
judge_local_llama8b_disg,SWAP,ALL,E_bases,120,91,0.24166666666666667,0.1504424778761062,0.33088972431077657,0.19166666666666668,0.5256410256410255,0.456043956043956,0.597069597069597,0.45964052287581697,ok,False
judge_local_llama8b_disg,SWAP,ALL,E_bases_endorsed,92,73,0.2608695652173913,0.16300779534475188,0.36264005602240895,0.21739130434782608,,,,,ok,False
judge_local_llama8b_disg,BIND,DOWN,all,250,250,0.28,0.228,0.34,0.236,0.7166666666666667,0.678,0.7586666666666665,0.5950417227456258,ok,False
judge_local_llama8b_disg,BIND,DOWN,E_bases,165,165,0.3151515151515151,0.24848484848484848,0.38181818181818183,0.26666666666666666,0.68989898989899,0.6414141414141414,0.7343434343434343,0.5663065076999503,ok,False
judge_local_llama8b_disg,BIND,DOWN,E_bases_endorsed,121,121,0.3140495867768595,0.23140495867768596,0.39669421487603307,0.256198347107438,,,,,ok,False
judge_local_llama8b_disg,BIND,UP,all,231,231,0.45021645021645024,0.38961038961038963,0.5151515151515151,0.39826839826839827,0.8333333333333334,0.7965187590187589,0.8686868686868686,0.7331409331409331,ok,False
judge_local_llama8b_disg,BIND,UP,E_bases,153,153,0.5490196078431373,0.47058823529411764,0.6274509803921569,0.49019607843137253,0.8529411764705882,0.8082788671023965,0.8954248366013072,0.7619936863634342,ok,False
judge_local_llama8b_disg,BIND,UP,E_bases_endorsed,113,113,0.5929203539823009,0.49557522123893805,0.6814159292035398,0.5221238938053098,,,,,ok,False
judge_local_llama8b_disg,BIND,ALL,all,481,271,0.36174636174636177,0.3163450345937038,0.4100433202316048,0.31392931392931395,0.7644526445264453,0.7361546740467406,0.7918204182041819,0.6627198793445644,ok,False
judge_local_llama8b_disg,BIND,ALL,E_bases,318,176,0.4276729559748428,0.36645962732919257,0.4890282131661442,0.3742138364779874,0.7575757575757577,0.7182765151515151,0.793560606060606,0.6633922724296005,ok,False
judge_local_llama8b_disg,BIND,ALL,E_bases_endorsed,234,132,0.44871794871794873,0.3797397716998192,0.5211864406779662,0.38461538461538464,,,,,ok,False
judge_local_llama8b_disg,MEANING_RENAME,DOWN,all,264,264,0.16666666666666666,0.12121212121212122,0.2159090909090909,0.13257575757575757,0.538510101010101,0.49493371212121207,0.5782828282828284,0.4983530961791831,ok,False
judge_local_llama8b_disg,MEANING_RENAME,DOWN,E_bases,171,171,0.19883040935672514,0.14619883040935672,0.2631578947368421,0.16374269005847952,0.5331384015594542,0.4805068226120857,0.5857699805068226,0.48141559996744676,ok,False
judge_local_llama8b_disg,MEANING_RENAME,DOWN,E_bases_endorsed,126,126,0.1984126984126984,0.1349206349206349,0.2698412698412698,0.15873015873015872,,,,,ok,False
judge_local_llama8b_disg,MEANING_RENAME,UP,all,234,234,0.25213675213675213,0.20085470085470086,0.3076923076923077,0.21367521367521367,0.6958689458689458,0.6524216524216525,0.7378917378917379,0.6024701105346266,ok,False
judge_local_llama8b_disg,MEANING_RENAME,UP,E_bases,151,151,0.2980132450331126,0.2251655629139073,0.3708609271523179,0.2582781456953642,0.6721854304635762,0.6147902869757175,0.7240618101545253,0.5808696450147592,ok,False
judge_local_llama8b_disg,MEANING_RENAME,UP,E_bases_endorsed,113,113,0.30973451327433627,0.23008849557522124,0.39823008849557523,0.26548672566371684,,,,,ok,False
judge_local_llama8b_disg,MEANING_RENAME,ALL,all,498,281,0.20682730923694778,0.16496892518949335,0.24702222039676341,0.1706827309236948,0.603202846975089,0.5702846975088968,0.6370106761565836,0.5522529679156185,ok,False
judge_local_llama8b_disg,MEANING_RENAME,ALL,E_bases,322,186,0.2453416149068323,0.18844079618107498,0.3065015479876161,0.2080745341614907,0.5940860215053764,0.5541890681003584,0.6353046594982078,0.5348128503966315,ok,False
judge_local_llama8b_disg,MEANING_RENAME,ALL,E_bases_endorsed,239,141,0.2510460251046025,0.18333333333333332,0.317606443155494,0.20920502092050208,,,,,ok,False
judge_local_llama8b_disg,SCOPE,DOWN,all,0,0,,,,,,,,,absent (0 rows),
judge_local_llama8b_disg,SCOPE,DOWN,E_bases,0,0,,,,,,,,,absent (0 rows),
judge_local_llama8b_disg,SCOPE,DOWN,E_bases_endorsed,0,0,,,,,,,,,absent (0 rows),
judge_local_llama8b_disg,SCOPE,UP,all,0,0,,,,,,,,,absent (0 rows),
judge_local_llama8b_disg,SCOPE,UP,E_bases,0,0,,,,,,,,,absent (0 rows),
judge_local_llama8b_disg,SCOPE,UP,E_bases_endorsed,0,0,,,,,,,,,absent (0 rows),
judge_local_llama8b_disg,SCOPE,ALL,all,0,0,,,,,,,,,absent (0 rows),
judge_local_llama8b_disg,SCOPE,ALL,E_bases,0,0,,,,,,,,,absent (0 rows),
judge_local_llama8b_disg,SCOPE,ALL,E_bases_endorsed,0,0,,,,,,,,,absent (0 rows),
judge_local_llama8b_disg,UNGLUE,DOWN,all,0,0,,,,,,,,,absent (0 rows),
judge_local_llama8b_disg,UNGLUE,DOWN,E_bases,0,0,,,,,,,,,absent (0 rows),
judge_local_llama8b_disg,UNGLUE,DOWN,E_bases_endorsed,0,0,,,,,,,,,absent (0 rows),
judge_local_llama8b_disg,UNGLUE,UP,all,0,0,,,,,,,,,absent (0 rows),
judge_local_llama8b_disg,UNGLUE,UP,E_bases,0,0,,,,,,,,,absent (0 rows),
judge_local_llama8b_disg,UNGLUE,UP,E_bases_endorsed,0,0,,,,,,,,,absent (0 rows),
judge_local_llama8b_disg,UNGLUE,ALL,all,0,0,,,,,,,,,absent (0 rows),
judge_local_llama8b_disg,UNGLUE,ALL,E_bases,0,0,,,,,,,,,absent (0 rows),
judge_local_llama8b_disg,UNGLUE,ALL,E_bases_endorsed,0,0,,,,,,,,,absent (0 rows),
judge_local_llama8b_disg,ADD[ADD_FOREIGN],ALL,all,561,281,0.41711229946524064,0.3718861209964413,0.4626334519572954,0.37433155080213903,0.8066429418742586,0.7799451364175565,0.8324436536180309,0.7043247806115454,ok,False
judge_local_llama8b_disg,ADD[ADD_FOREIGN],ALL,E_bases,361,181,0.4903047091412742,0.4388584949215143,0.5457127369809952,0.4293628808864266,0.8093922651933702,0.7813075506445674,0.8383977900552486,0.6987482556807532,ok,False
judge_local_llama8b_disg,ADD[ADD_FOREIGN],ALL,E_bases_endorsed,265,133,0.49056603773584906,0.43018867924528303,0.5526315789473685,0.4188679245283019,,,,,ok,False
judge_local_llama8b_disg,ADD[ADD_INTERNAL],ALL,all,200,165,0.43,0.35996464646464643,0.49751305051099187,0.34,0.8434343434343435,0.8060353535353535,0.8808080808080808,0.7751313131313131,ok,False
judge_local_llama8b_disg,ADD[ADD_INTERNAL],ALL,E_bases,115,80,0.48695652173913045,0.3888157894736842,0.5855855855855856,0.3826086956521739,0.80625,0.75,0.85625,0.711304347826087,ok,False
judge_local_llama8b_disg,ADD[ADD_INTERNAL],ALL,E_bases_endorsed,82,60,0.4268292682926829,0.3170731707317073,0.5385057471264365,0.34146341463414637,,,,,ok,False
rt_nli_min_local,NEG,DOWN,all,283,283,0.784452296819788,0.7385159010600707,0.8304770318021196,0.6855123674911661,0.9022379269729094,0.8769140164899882,0.9269729093050647,0.8654267512696784,ok,False
rt_nli_min_local,NEG,DOWN,E_bases,183,183,0.8032786885245902,0.7484972677595629,0.8579234972677595,0.6939890710382514,0.9107468123861567,0.8797814207650273,0.9389799635701274,0.8845590255517904,ok,False
rt_nli_min_local,NEG,DOWN,E_bases_endorsed,135,135,0.8222222222222222,0.7555555555555555,0.8814814814814815,0.7185185185185186,,,,,ok,False
rt_nli_min_local,NEG,UP,all,300,300,0.63,0.5733333333333334,0.6833333333333333,0.45,0.8022222222222223,0.768888888888889,0.8333333333333334,0.7766263440860215,ok,False
rt_nli_min_local,NEG,UP,E_bases,200,200,0.645,0.58,0.71,0.415,0.83,0.7916666666666665,0.8675,0.8203301056338028,ok,False
rt_nli_min_local,NEG,UP,E_bases_endorsed,152,152,0.6842105263157895,0.6118421052631579,0.756578947368421,0.4605263157894737,,,,,ok,False
rt_nli_min_local,NEG,ALL,all,583,300,0.7049742710120068,0.6649484536082474,0.7449055276560886,0.5643224699828473,0.8544444444444443,0.8316666666666667,0.8750069444444444,0.8210867039229791,ok,False
rt_nli_min_local,NEG,ALL,E_bases,383,200,0.720626631853786,0.6727736792003808,0.7678100263852242,0.5483028720626631,0.8733333333333334,0.8479166666666668,0.8991666666666666,0.8526688853749127,ok,False
rt_nli_min_local,NEG,ALL,E_bases_endorsed,287,152,0.7491289198606271,0.698961937716263,0.8,0.5818815331010453,,,,,ok,False
rt_nli_min_local,REV,DOWN,all,0,0,,,,,,,,,absent (0 rows),
rt_nli_min_local,REV,DOWN,E_bases,0,0,,,,,,,,,absent (0 rows),
rt_nli_min_local,REV,DOWN,E_bases_endorsed,0,0,,,,,,,,,absent (0 rows),
rt_nli_min_local,REV,UP,all,281,281,0.2775800711743772,0.22419928825622776,0.3309608540925267,0.20284697508896798,0.6358244365361804,0.5966785290628708,0.6749851720047448,0.6015196114032803,ok,False
rt_nli_min_local,REV,UP,E_bases,181,181,0.19337016574585636,0.13812154696132597,0.2541436464088398,0.11602209944751381,0.5782688766114181,0.5239410681399632,0.6307780847145487,0.5610740829040249,ok,False
rt_nli_min_local,REV,UP,E_bases_endorsed,133,133,0.21804511278195488,0.15037593984962405,0.2932330827067669,0.14285714285714285,,,,,ok,False
rt_nli_min_local,REV,ALL,all,281,281,0.2775800711743772,0.22419928825622776,0.3309608540925267,0.20284697508896798,0.6358244365361804,0.5966785290628708,0.6749851720047448,0.6015196114032803,ok,False
rt_nli_min_local,REV,ALL,E_bases,181,181,0.19337016574585636,0.13812154696132597,0.2541436464088398,0.11602209944751381,0.5782688766114181,0.5239410681399632,0.6307780847145487,0.5610740829040249,ok,False
rt_nli_min_local,REV,ALL,E_bases_endorsed,133,133,0.21804511278195488,0.15037593984962405,0.2932330827067669,0.14285714285714285,,,,,ok,False
rt_nli_min_local,QUANT,DOWN,all,0,0,,,,,,,,,absent (0 rows),
rt_nli_min_local,QUANT,DOWN,E_bases,0,0,,,,,,,,,absent (0 rows),
rt_nli_min_local,QUANT,DOWN,E_bases_endorsed,0,0,,,,,,,,,absent (0 rows),
rt_nli_min_local,QUANT,UP,all,281,281,0.19572953736654805,0.1494661921708185,0.24199288256227758,0.13167259786476868,0.4276393831553974,0.38076809015421115,0.4721233689205219,0.45612125307966056,ok,False
rt_nli_min_local,QUANT,UP,E_bases,181,181,0.13812154696132597,0.09392265193370165,0.1878453038674033,0.08287292817679558,0.35082872928176795,0.2937384898710865,0.4116022099447514,0.3803483155402318,ok,False
rt_nli_min_local,QUANT,UP,E_bases_endorsed,133,133,0.15037593984962405,0.09022556390977443,0.21804511278195488,0.08270676691729323,,,,,ok,False
rt_nli_min_local,QUANT,ALL,all,281,281,0.19572953736654805,0.1494661921708185,0.24199288256227758,0.13167259786476868,0.4276393831553974,0.38076809015421115,0.4721233689205219,0.45612125307966056,ok,False
rt_nli_min_local,QUANT,ALL,E_bases,181,181,0.13812154696132597,0.09392265193370165,0.1878453038674033,0.08287292817679558,0.35082872928176795,0.2937384898710865,0.4116022099447514,0.3803483155402318,ok,False
rt_nli_min_local,QUANT,ALL,E_bases_endorsed,133,133,0.15037593984962405,0.09022556390977443,0.21804511278195488,0.08270676691729323,,,,,ok,False
rt_nli_min_local,RESTR,DOWN,all,0,0,,,,,,,,,absent (0 rows),
rt_nli_min_local,RESTR,DOWN,E_bases,0,0,,,,,,,,,absent (0 rows),
rt_nli_min_local,RESTR,DOWN,E_bases_endorsed,0,0,,,,,,,,,absent (0 rows),
rt_nli_min_local,RESTR,UP,all,279,279,0.3046594982078853,0.25089605734767023,0.35842293906810035,0.1827956989247312,0.6227598566308243,0.5857153524492233,0.6583034647550777,0.5760761345730957,ok,False
rt_nli_min_local,RESTR,UP,E_bases,179,179,0.30726256983240224,0.24022346368715083,0.3743016759776536,0.15083798882681565,0.6075418994413407,0.5567970204841712,0.6573556797020483,0.5768526747926189,ok,False
rt_nli_min_local,RESTR,UP,E_bases_endorsed,132,132,0.3106060606060606,0.23484848484848486,0.3939393939393939,0.13636363636363635,,,,,ok,False
rt_nli_min_local,RESTR,ALL,all,279,279,0.3046594982078853,0.25089605734767023,0.35842293906810035,0.1827956989247312,0.6227598566308243,0.5857153524492233,0.6583034647550777,0.5760761345730957,ok,False
rt_nli_min_local,RESTR,ALL,E_bases,179,179,0.30726256983240224,0.24022346368715083,0.3743016759776536,0.15083798882681565,0.6075418994413407,0.5567970204841712,0.6573556797020483,0.5768526747926189,ok,False
rt_nli_min_local,RESTR,ALL,E_bases_endorsed,132,132,0.3106060606060606,0.23484848484848486,0.3939393939393939,0.13636363636363635,,,,,ok,False
rt_nli_min_local,CONN,DOWN,all,241,241,0.24896265560165975,0.1950207468879668,0.3070539419087137,0.15767634854771784,0.49861687413554634,0.4508990318118949,0.5442600276625172,0.5010732138450325,ok,False
rt_nli_min_local,CONN,DOWN,E_bases,141,141,0.22695035460992907,0.16312056737588654,0.2978723404255319,0.10638297872340426,0.5200945626477542,0.4550827423167848,0.5815898345153662,0.504971245577855,ok,False
rt_nli_min_local,CONN,DOWN,E_bases_endorsed,99,99,0.24242424242424243,0.16161616161616163,0.32323232323232326,0.10101010101010101,,,,,ok,False
rt_nli_min_local,CONN,UP,all,289,289,0.25259515570934254,0.2041522491349481,0.3044982698961938,0.17301038062283736,0.5576701268742791,0.5155709342560554,0.6015138408304497,0.5472255756582268,ok,False
rt_nli_min_local,CONN,UP,E_bases,189,189,0.2275132275132275,0.1693121693121693,0.2857142857142857,0.13756613756613756,0.5493827160493827,0.5,0.6031966490299823,0.5563439818376982,ok,False
rt_nli_min_local,CONN,UP,E_bases_endorsed,141,141,0.24822695035460993,0.1773049645390071,0.3191489361702128,0.15602836879432624,,,,,ok,False
rt_nli_min_local,CONN,ALL,all,530,289,0.2509433962264151,0.21182197382769902,0.2908762646798098,0.1660377358490566,0.5481545559400232,0.5135524798154556,0.5827638408304499,0.5307710090046455,ok,False
rt_nli_min_local,CONN,ALL,E_bases,330,189,0.22727272727272727,0.183728722228363,0.2738535825545171,0.12424242424242424,0.562610229276896,0.5193893298059964,0.6049382716049383,0.5446602469941788,ok,False
rt_nli_min_local,CONN,ALL,E_bases_endorsed,240,141,0.24583333333333332,0.189873417721519,0.3008576519395787,0.13333333333333333,,,,,ok,False
rt_nli_min_local,MOVE,DOWN,all,0,0,,,,,,,,,absent (0 rows),
rt_nli_min_local,MOVE,DOWN,E_bases,0,0,,,,,,,,,absent (0 rows),
rt_nli_min_local,MOVE,DOWN,E_bases_endorsed,0,0,,,,,,,,,absent (0 rows),
rt_nli_min_local,MOVE,UP,all,6,6,0.0,0.0,0.0,0.0,0.5555555555555555,0.27777777777777773,0.7777777777777777,0.4722222222222222,untestable (<30 rows),False
rt_nli_min_local,MOVE,UP,E_bases,6,6,0.0,0.0,0.0,0.0,0.5555555555555555,0.27777777777777773,0.7777777777777777,0.4722222222222222,untestable (<30 rows),False
rt_nli_min_local,MOVE,UP,E_bases_endorsed,5,5,0.0,0.0,0.0,0.0,,,,,untestable (<30 rows),False
rt_nli_min_local,MOVE,ALL,all,6,6,0.0,0.0,0.0,0.0,0.5555555555555555,0.27777777777777773,0.7777777777777777,0.4722222222222222,untestable (<30 rows),False
rt_nli_min_local,MOVE,ALL,E_bases,6,6,0.0,0.0,0.0,0.0,0.5555555555555555,0.27777777777777773,0.7777777777777777,0.4722222222222222,untestable (<30 rows),False
rt_nli_min_local,MOVE,ALL,E_bases_endorsed,5,5,0.0,0.0,0.0,0.0,,,,,untestable (<30 rows),False
rt_nli_min_local,DROP,DOWN,all,241,241,0.6099585062240664,0.5477178423236515,0.6721991701244814,0.46887966804979253,0.8229598893499308,0.7883644536652835,0.8575380359612724,0.7843356691517019,ok,False
rt_nli_min_local,DROP,DOWN,E_bases,141,141,0.524822695035461,0.44663120567375886,0.6099290780141844,0.3333333333333333,0.7825059101654847,0.7304964539007093,0.83451536643026,0.7509011954462385,ok,False
rt_nli_min_local,DROP,DOWN,E_bases_endorsed,99,99,0.5656565656565656,0.46464646464646464,0.6565656565656566,0.36363636363636365,,,,,ok,False
rt_nli_min_local,DROP,UP,all,51,51,0.6666666666666666,0.5294117647058824,0.7843137254901961,0.5294117647058824,0.8169934640522876,0.7385620915032679,0.8954248366013071,0.7845700371651929,ok,False
rt_nli_min_local,DROP,UP,E_bases,51,51,0.6666666666666666,0.5294117647058824,0.7843137254901961,0.5294117647058824,0.8169934640522876,0.7385620915032679,0.8954248366013071,0.7845700371651929,ok,False
rt_nli_min_local,DROP,UP,E_bases_endorsed,39,39,0.7692307692307693,0.6153846153846154,0.8974358974358975,0.6410256410256411,,,,,ok,False
rt_nli_min_local,DROP,ALL,all,292,269,0.6198630136986302,0.5644599303135889,0.6757726748403514,0.4794520547945205,0.8249690210656753,0.7930452292441139,0.857806691449814,0.7850910695795352,ok,False
rt_nli_min_local,DROP,ALL,E_bases,192,169,0.5625,0.4919786096256685,0.6329919516542274,0.3854166666666667,0.7924063116370809,0.7445636094674556,0.8372781065088757,0.7621733234714004,ok,False
rt_nli_min_local,DROP,ALL,E_bases_endorsed,138,124,0.6231884057971014,0.5428420523138833,0.7007299270072993,0.4420289855072464,,,,,ok,False
rt_nli_min_local,ADD,DOWN,all,340,280,0.7411764705882353,0.6936358215876907,0.7867867867867868,0.6205882352941177,0.8836309523809525,0.8580357142857142,0.9077380952380953,0.8339120124584131,ok,False
rt_nli_min_local,ADD,DOWN,E_bases,240,180,0.6875,0.6330645161290323,0.7443970881649908,0.5666666666666667,0.863425925925926,0.8305555555555556,0.8949074074074073,0.8073564030131827,ok,False
rt_nli_min_local,ADD,DOWN,E_bases_endorsed,175,132,0.7028571428571428,0.6348208892110668,0.7724688659490834,0.5942857142857143,,,,,ok,False
rt_nli_min_local,ADD,UP,all,421,281,0.7767220902612827,0.739434116547627,0.8144622392007053,0.6769596199524941,0.930308422301305,0.9139976275207593,0.946923190984579,0.8678755367257446,ok,False
rt_nli_min_local,ADD,UP,E_bases,236,181,0.7966101694915254,0.75,0.844835215135795,0.7245762711864406,0.9410681399631676,0.9198664825046041,0.9604051565377532,0.8888189754046132,ok,False
rt_nli_min_local,ADD,UP,E_bases_endorsed,172,133,0.813953488372093,0.7597765363128491,0.8674698795180723,0.7383720930232558,,,,,ok,False
rt_nli_min_local,ADD,ALL,all,761,281,0.7608409986859396,0.7264431888226833,0.7938015764766163,0.6517739816031537,0.9017398181099248,0.8840426057730328,0.9189427639383155,0.8527083543919943,ok,False
rt_nli_min_local,ADD,ALL,E_bases,476,181,0.7415966386554622,0.6993686059304047,0.7851099598467716,0.6449579831932774,0.8950276243093923,0.8707796193984041,0.9162062615101288,0.8477502843242559,ok,False
rt_nli_min_local,ADD,ALL,E_bases_endorsed,347,133,0.7579250720461095,0.7071788187689674,0.806062937062937,0.6657060518731989,,,,,ok,False
rt_nli_min_local,SWAP,DOWN,all,134,134,0.15671641791044777,0.09701492537313433,0.21641791044776118,0.09701492537313433,0.44900497512437804,0.4017412935323383,0.4962997512437809,0.46032992930086414,ok,False
rt_nli_min_local,SWAP,DOWN,E_bases,65,65,0.13846153846153847,0.06153846153846154,0.23076923076923078,0.07692307692307693,0.4641025641025641,0.4025641025641025,0.5282051282051281,0.47451923076923075,ok,False
rt_nli_min_local,SWAP,DOWN,E_bases_endorsed,48,48,0.14583333333333334,0.0625,0.25,0.08333333333333333,,,,,ok,False
rt_nli_min_local,SWAP,UP,all,108,108,0.14814814814814814,0.08333333333333333,0.2222222222222222,0.1111111111111111,0.44212962962962965,0.3850308641975309,0.5000192901234566,0.45562515129508596,ok,False
rt_nli_min_local,SWAP,UP,E_bases,55,55,0.16363636363636364,0.07272727272727272,0.2727272727272727,0.10909090909090909,0.4348484848484848,0.3575757575757576,0.5136742424242422,0.45701917130488556,ok,False
rt_nli_min_local,SWAP,UP,E_bases_endorsed,44,44,0.18181818181818182,0.06818181818181818,0.29545454545454547,0.11363636363636363,,,,,ok,False
rt_nli_min_local,SWAP,ALL,all,242,177,0.15289256198347106,0.10115914069908119,0.20675469227411608,0.10330578512396695,0.43903013182674194,0.39877589453860646,0.4778719397363465,0.4625159086881575,ok,False
rt_nli_min_local,SWAP,ALL,E_bases,120,91,0.15,0.08403361344537816,0.2212407514870158,0.09166666666666666,0.45375457875457875,0.40383470695970686,0.5041208791208791,0.48369281045751633,ok,False
rt_nli_min_local,SWAP,ALL,E_bases_endorsed,92,73,0.16304347826086957,0.08421052631578947,0.24731182795698925,0.09782608695652174,,,,,ok,False
rt_nli_min_local,BIND,DOWN,all,250,250,0.636,0.576,0.696,0.524,0.8193333333333334,0.784,0.8573333333333333,0.7980942126514132,ok,False
rt_nli_min_local,BIND,DOWN,E_bases,165,165,0.6545454545454545,0.5818181818181818,0.7212121212121212,0.5212121212121212,0.8282828282828281,0.7808080808080807,0.8687121212121214,0.8148720814704422,ok,False
rt_nli_min_local,BIND,DOWN,E_bases_endorsed,121,121,0.6776859504132231,0.5950413223140496,0.7520661157024794,0.512396694214876,,,,,ok,False
rt_nli_min_local,BIND,UP,all,231,231,0.7402597402597403,0.683982683982684,0.7965367965367965,0.6138528138528139,0.8506493506493507,0.8138528138528138,0.8860209235209235,0.842972582972583,ok,False
rt_nli_min_local,BIND,UP,E_bases,153,153,0.7189542483660131,0.6470588235294118,0.7908496732026143,0.5803921568627451,0.8333333333333334,0.7875816993464052,0.8790849673202614,0.8344004268374016,ok,False
rt_nli_min_local,BIND,UP,E_bases_endorsed,113,113,0.7433628318584071,0.6637168141592921,0.8230088495575221,0.5823008849557523,,,,,ok,False
rt_nli_min_local,BIND,ALL,all,481,271,0.6860706860706861,0.6407563025210085,0.7314177070511693,0.5671517671517672,0.8367158671586716,0.8087330873308732,0.8647063345633457,0.8219428981393716,ok,False
rt_nli_min_local,BIND,ALL,E_bases,318,176,0.6855345911949685,0.6273105196949446,0.7420431617676148,0.549685534591195,0.8333333333333333,0.800189393939394,0.8669744318181818,0.8274394237066143,ok,False
rt_nli_min_local,BIND,ALL,E_bases_endorsed,234,132,0.7094017094017094,0.6412498562722778,0.7711955727644653,0.5461538461538462,,,,,ok,False
rt_nli_min_local,MEANING_RENAME,DOWN,all,264,264,0.8106060606060606,0.7613636363636364,0.8560606060606061,0.6666666666666666,0.9078282828282828,0.8813131313131314,0.9324494949494949,0.8855256529489266,ok,False
rt_nli_min_local,MEANING_RENAME,DOWN,E_bases,171,171,0.847953216374269,0.7953216374269005,0.9005847953216374,0.6900584795321637,0.9288499025341129,0.8996101364522416,0.9551656920077973,0.9217502005510795,ok,False
rt_nli_min_local,MEANING_RENAME,DOWN,E_bases_endorsed,126,126,0.8492063492063492,0.7857142857142857,0.9126984126984127,0.7063492063492064,,,,,ok,False
rt_nli_min_local,MEANING_RENAME,UP,all,234,234,0.8418803418803419,0.7948717948717948,0.8888888888888888,0.7948717948717948,0.9095441595441595,0.8796296296296297,0.9366274928774928,0.8913514800611575,ok,False
rt_nli_min_local,MEANING_RENAME,UP,E_bases,151,151,0.8874172185430463,0.8344370860927153,0.9337748344370861,0.8410596026490066,0.9370860927152318,0.9050772626931568,0.9646799116997794,0.9332395270941988,ok,False
rt_nli_min_local,MEANING_RENAME,UP,E_bases_endorsed,113,113,0.8938053097345132,0.831858407079646,0.9469026548672567,0.8495575221238938,,,,,ok,False
rt_nli_min_local,MEANING_RENAME,ALL,all,498,281,0.8253012048192772,0.7875720063609,0.8582995951417004,0.7269076305220884,0.9095492289442468,0.8879003558718861,0.9297153024911032,0.8904923724200833,ok,False
rt_nli_min_local,MEANING_RENAME,ALL,E_bases,322,186,0.8664596273291926,0.8240740740740741,0.904622699386503,0.7608695652173914,0.9301075268817204,0.9045586917562723,0.9525089605734767,0.9279927652546119,ok,False
rt_nli_min_local,MEANING_RENAME,ALL,E_bases_endorsed,239,141,0.8702928870292888,0.8264372978799857,0.9125,0.7740585774058577,,,,,ok,False
rt_nli_min_local,SCOPE,DOWN,all,0,0,,,,,,,,,absent (0 rows),
rt_nli_min_local,SCOPE,DOWN,E_bases,0,0,,,,,,,,,absent (0 rows),
rt_nli_min_local,SCOPE,DOWN,E_bases_endorsed,0,0,,,,,,,,,absent (0 rows),
rt_nli_min_local,SCOPE,UP,all,0,0,,,,,,,,,absent (0 rows),
rt_nli_min_local,SCOPE,UP,E_bases,0,0,,,,,,,,,absent (0 rows),
rt_nli_min_local,SCOPE,UP,E_bases_endorsed,0,0,,,,,,,,,absent (0 rows),
rt_nli_min_local,SCOPE,ALL,all,0,0,,,,,,,,,absent (0 rows),
rt_nli_min_local,SCOPE,ALL,E_bases,0,0,,,,,,,,,absent (0 rows),
rt_nli_min_local,SCOPE,ALL,E_bases_endorsed,0,0,,,,,,,,,absent (0 rows),
rt_nli_min_local,UNGLUE,DOWN,all,0,0,,,,,,,,,absent (0 rows),
rt_nli_min_local,UNGLUE,DOWN,E_bases,0,0,,,,,,,,,absent (0 rows),
rt_nli_min_local,UNGLUE,DOWN,E_bases_endorsed,0,0,,,,,,,,,absent (0 rows),
rt_nli_min_local,UNGLUE,UP,all,0,0,,,,,,,,,absent (0 rows),
rt_nli_min_local,UNGLUE,UP,E_bases,0,0,,,,,,,,,absent (0 rows),
rt_nli_min_local,UNGLUE,UP,E_bases_endorsed,0,0,,,,,,,,,absent (0 rows),
rt_nli_min_local,UNGLUE,ALL,all,0,0,,,,,,,,,absent (0 rows),
rt_nli_min_local,UNGLUE,ALL,E_bases,0,0,,,,,,,,,absent (0 rows),
rt_nli_min_local,UNGLUE,ALL,E_bases_endorsed,0,0,,,,,,,,,absent (0 rows),
rt_nli_min_local,ADD[ADD_FOREIGN],ALL,all,561,281,0.8877005347593583,0.8591800356506238,0.9145907473309609,0.7843137254901961,0.9415776986951363,0.9261491696322658,0.9567022538552789,0.9203431372549019,ok,False
rt_nli_min_local,ADD[ADD_FOREIGN],ALL,E_bases,361,181,0.8975069252077562,0.8642659279778393,0.9281767955801105,0.8005540166204986,0.9488950276243094,0.9272559852670349,0.9663904235727441,0.9383604440464041,ok,False
rt_nli_min_local,ADD[ADD_FOREIGN],ALL,E_bases_endorsed,265,133,0.9132075471698113,0.875,0.9471747765640516,0.8226415094339623,,,,,ok,False
rt_nli_min_local,ADD[ADD_INTERNAL],ALL,all,200,165,0.405,0.3317523985666397,0.47692307692307695,0.28,0.7565656565656566,0.7080808080808081,0.8,0.6925858585858586,ok,False
rt_nli_min_local,ADD[ADD_INTERNAL],ALL,E_bases,115,80,0.25217391304347825,0.168141592920354,0.34782608695652173,0.1565217391304348,0.6208333333333333,0.5520833333333334,0.6895833333333333,0.5872282608695651,ok,False
rt_nli_min_local,ADD[ADD_INTERNAL],ALL,E_bases_endorsed,82,60,0.25609756097560976,0.15853658536585366,0.36252840909090894,0.15853658536585366,,,,,ok,False
rt_nli_fwd_local,NEG,DOWN,all,283,283,0.823321554770318,0.7773851590106007,0.8657243816254417,0.7067137809187279,0.9022379269729094,0.875736160188457,0.9258097762073026,0.8648525990940216,ok,False
rt_nli_fwd_local,NEG,DOWN,E_bases,183,183,0.8524590163934426,0.7978142076502732,0.9016393442622951,0.7431693989071039,0.9052823315118397,0.8715619307832422,0.9353597449908925,0.880844806707981,ok,False
rt_nli_fwd_local,NEG,DOWN,E_bases_endorsed,135,135,0.8444444444444444,0.7851851851851852,0.9037037037037037,0.762962962962963,,,,,ok,False
rt_nli_fwd_local,NEG,UP,all,300,300,0.55,0.49333333333333335,0.6034166666666663,0.44,0.7655555555555557,0.726111111111111,0.8016666666666666,0.736918202764977,ok,False
rt_nli_fwd_local,NEG,UP,E_bases,200,200,0.595,0.525,0.665,0.45,0.8066666666666668,0.765,0.8475,0.7823723591549295,ok,False
rt_nli_fwd_local,NEG,UP,E_bases_endorsed,152,152,0.6447368421052632,0.5657894736842105,0.7171052631578947,0.4934210526315789,,,,,ok,False
rt_nli_fwd_local,NEG,ALL,all,583,300,0.6826758147512865,0.6442076157858966,0.7204892905309483,0.5694682675814752,0.8361111111111111,0.8113888888888889,0.8580624999999998,0.8006971725778786,ok,False
rt_nli_fwd_local,NEG,ALL,E_bases,383,200,0.7180156657963447,0.670983623479894,0.7643979057591623,0.5900783289817232,0.8591666666666667,0.8308229166666666,0.8866666666666667,0.8316708344059133,ok,False
rt_nli_fwd_local,NEG,ALL,E_bases_endorsed,287,152,0.7386759581881533,0.6868274146659316,0.7891004784688994,0.6202090592334495,,,,,ok,False
rt_nli_fwd_local,REV,DOWN,all,0,0,,,,,,,,,absent (0 rows),
rt_nli_fwd_local,REV,DOWN,E_bases,0,0,,,,,,,,,absent (0 rows),
rt_nli_fwd_local,REV,DOWN,E_bases_endorsed,0,0,,,,,,,,,absent (0 rows),
rt_nli_fwd_local,REV,UP,all,281,281,0.30604982206405695,0.2526690391459075,0.36298932384341637,0.2099644128113879,0.6435349940688019,0.604982206405694,0.6826809015421115,0.6089574619883541,ok,False
rt_nli_fwd_local,REV,UP,E_bases,181,181,0.2265193370165746,0.16574585635359115,0.287292817679558,0.1270718232044199,0.5644567219152854,0.511049723756906,0.6206261510128913,0.5496304665554093,ok,False
rt_nli_fwd_local,REV,UP,E_bases_endorsed,133,133,0.24812030075187969,0.17293233082706766,0.3233082706766917,0.15037593984962405,,,,,ok,False
rt_nli_fwd_local,REV,ALL,all,281,281,0.30604982206405695,0.2526690391459075,0.36298932384341637,0.2099644128113879,0.6435349940688019,0.604982206405694,0.6826809015421115,0.6089574619883541,ok,False
rt_nli_fwd_local,REV,ALL,E_bases,181,181,0.2265193370165746,0.16574585635359115,0.287292817679558,0.1270718232044199,0.5644567219152854,0.511049723756906,0.6206261510128913,0.5496304665554093,ok,False
rt_nli_fwd_local,REV,ALL,E_bases_endorsed,133,133,0.24812030075187969,0.17293233082706766,0.3233082706766917,0.15037593984962405,,,,,ok,False
rt_nli_fwd_local,QUANT,DOWN,all,0,0,,,,,,,,,absent (0 rows),
rt_nli_fwd_local,QUANT,DOWN,E_bases,0,0,,,,,,,,,absent (0 rows),
rt_nli_fwd_local,QUANT,DOWN,E_bases_endorsed,0,0,,,,,,,,,absent (0 rows),
rt_nli_fwd_local,QUANT,UP,all,281,281,0.07473309608540925,0.046263345195729534,0.10676156583629894,0.03914590747330961,0.23962040332147092,0.20166073546856464,0.27700177935943054,0.2847338660005475,ok,False
rt_nli_fwd_local,QUANT,UP,E_bases,181,181,0.08287292817679558,0.04419889502762431,0.12154696132596685,0.03314917127071823,0.23941068139963165,0.1915055248618784,0.28821362799263356,0.2704741826943048,ok,False
rt_nli_fwd_local,QUANT,UP,E_bases_endorsed,133,133,0.09022556390977443,0.045112781954887216,0.14285714285714285,0.03007518796992481,,,,,ok,False
rt_nli_fwd_local,QUANT,ALL,all,281,281,0.07473309608540925,0.046263345195729534,0.10676156583629894,0.03914590747330961,0.23962040332147092,0.20166073546856464,0.27700177935943054,0.2847338660005475,ok,False
rt_nli_fwd_local,QUANT,ALL,E_bases,181,181,0.08287292817679558,0.04419889502762431,0.12154696132596685,0.03314917127071823,0.23941068139963165,0.1915055248618784,0.28821362799263356,0.2704741826943048,ok,False
rt_nli_fwd_local,QUANT,ALL,E_bases_endorsed,133,133,0.09022556390977443,0.045112781954887216,0.14285714285714285,0.03007518796992481,,,,,ok,False
rt_nli_fwd_local,RESTR,DOWN,all,0,0,,,,,,,,,absent (0 rows),
rt_nli_fwd_local,RESTR,DOWN,E_bases,0,0,,,,,,,,,absent (0 rows),
rt_nli_fwd_local,RESTR,DOWN,E_bases_endorsed,0,0,,,,,,,,,absent (0 rows),
rt_nli_fwd_local,RESTR,UP,all,279,279,0.3333333333333333,0.27956989247311825,0.3870967741935484,0.20430107526881722,0.6293309438470728,0.5916890681003584,0.6645758661887694,0.5746173358959707,ok,False
rt_nli_fwd_local,RESTR,UP,E_bases,179,179,0.35195530726256985,0.28477653631284916,0.41899441340782123,0.2011173184357542,0.6047486033519553,0.5525954376163873,0.6550395716945996,0.5672348484848485,ok,False
rt_nli_fwd_local,RESTR,UP,E_bases_endorsed,132,132,0.36363636363636365,0.2803030303030303,0.44696969696969696,0.19696969696969696,,,,,ok,False
rt_nli_fwd_local,RESTR,ALL,all,279,279,0.3333333333333333,0.27956989247311825,0.3870967741935484,0.20430107526881722,0.6293309438470728,0.5916890681003584,0.6645758661887694,0.5746173358959707,ok,False
rt_nli_fwd_local,RESTR,ALL,E_bases,179,179,0.35195530726256985,0.28477653631284916,0.41899441340782123,0.2011173184357542,0.6047486033519553,0.5525954376163873,0.6550395716945996,0.5672348484848485,ok,False
rt_nli_fwd_local,RESTR,ALL,E_bases_endorsed,132,132,0.36363636363636365,0.2803030303030303,0.44696969696969696,0.19696969696969696,,,,,ok,False
rt_nli_fwd_local,CONN,DOWN,all,241,241,0.2157676348547718,0.16597510373443983,0.2697095435684647,0.12863070539419086,0.45573997233748276,0.41217150760719223,0.5027662517289073,0.4558031025636611,ok,False
rt_nli_fwd_local,CONN,DOWN,E_bases,141,141,0.2695035460992908,0.19858156028368795,0.3475177304964539,0.14184397163120568,0.49881796690307334,0.4349881796690307,0.5591016548463357,0.49014972419227737,ok,False
rt_nli_fwd_local,CONN,DOWN,E_bases_endorsed,99,99,0.30303030303030304,0.21212121212121213,0.3939393939393939,0.15151515151515152,,,,,ok,False
rt_nli_fwd_local,CONN,UP,all,289,289,0.2179930795847751,0.1695501730103806,0.2664359861591695,0.13494809688581316,0.532871972318339,0.489042675893887,0.5767012687427913,0.5230727612618251,ok,False
rt_nli_fwd_local,CONN,UP,E_bases,189,189,0.2275132275132275,0.1693121693121693,0.2858465608465601,0.13227513227513227,0.5537918871252204,0.5017636684303352,0.6067239858906524,0.5398820210310336,ok,False
rt_nli_fwd_local,CONN,UP,E_bases_endorsed,141,141,0.2553191489361702,0.18439716312056736,0.3262411347517731,0.15602836879432624,,,,,ok,False
rt_nli_fwd_local,CONN,ALL,all,530,289,0.2169811320754717,0.1795756500338838,0.25681368606395233,0.1320754716981132,0.5193194925028835,0.4873053633217993,0.5550749711649365,0.49743620792144605,ok,False
rt_nli_fwd_local,CONN,ALL,E_bases,330,189,0.24545454545454545,0.20059270516717326,0.29596158150987734,0.13636363636363635,0.5590828924162258,0.5180776014109347,0.6005291005291006,0.5310755671617431,ok,False
rt_nli_fwd_local,CONN,ALL,E_bases_endorsed,240,141,0.275,0.21428571428571427,0.3388759991871018,0.15416666666666667,,,,,ok,False
rt_nli_fwd_local,MOVE,DOWN,all,0,0,,,,,,,,,absent (0 rows),
rt_nli_fwd_local,MOVE,DOWN,E_bases,0,0,,,,,,,,,absent (0 rows),
rt_nli_fwd_local,MOVE,DOWN,E_bases_endorsed,0,0,,,,,,,,,absent (0 rows),
rt_nli_fwd_local,MOVE,UP,all,6,6,0.0,0.0,0.0,0.0,0.5555555555555555,0.27777777777777773,0.7777777777777777,0.4722222222222222,untestable (<30 rows),False
rt_nli_fwd_local,MOVE,UP,E_bases,6,6,0.0,0.0,0.0,0.0,0.5555555555555555,0.27777777777777773,0.7777777777777777,0.4722222222222222,untestable (<30 rows),False
rt_nli_fwd_local,MOVE,UP,E_bases_endorsed,5,5,0.0,0.0,0.0,0.0,,,,,untestable (<30 rows),False
rt_nli_fwd_local,MOVE,ALL,all,6,6,0.0,0.0,0.0,0.0,0.5555555555555555,0.27777777777777773,0.7777777777777777,0.4722222222222222,untestable (<30 rows),False
rt_nli_fwd_local,MOVE,ALL,E_bases,6,6,0.0,0.0,0.0,0.0,0.5555555555555555,0.27777777777777773,0.7777777777777777,0.4722222222222222,untestable (<30 rows),False
rt_nli_fwd_local,MOVE,ALL,E_bases_endorsed,5,5,0.0,0.0,0.0,0.0,,,,,untestable (<30 rows),False
rt_nli_fwd_local,DROP,DOWN,all,241,241,0.3775933609958506,0.31950207468879666,0.43983402489626555,0.24066390041493776,0.6500691562932228,0.6085580912863069,0.6936549100968188,0.5976366338963401,ok,False
rt_nli_fwd_local,DROP,DOWN,E_bases,141,141,0.4397163120567376,0.3617021276595745,0.5179078014184387,0.2624113475177305,0.6737588652482269,0.6182033096926715,0.7293144208037825,0.6399745150311017,ok,False
rt_nli_fwd_local,DROP,DOWN,E_bases_endorsed,99,99,0.47474747474747475,0.37373737373737376,0.5656565656565656,0.29292929292929293,,,,,ok,False
rt_nli_fwd_local,DROP,UP,all,51,51,0.39215686274509803,0.2549019607843137,0.5294117647058824,0.3333333333333333,0.6274509803921569,0.5294117647058824,0.7254901960784313,0.5665769575804178,ok,False
rt_nli_fwd_local,DROP,UP,E_bases,51,51,0.39215686274509803,0.2549019607843137,0.5294117647058824,0.3333333333333333,0.6274509803921569,0.5294117647058824,0.7254901960784313,0.5665769575804178,ok,False
rt_nli_fwd_local,DROP,UP,E_bases_endorsed,39,39,0.46153846153846156,0.3076923076923077,0.6153846153846154,0.38461538461538464,,,,,ok,False
rt_nli_fwd_local,DROP,ALL,all,292,269,0.3801369863013699,0.3229166666666667,0.4370629370629371,0.2568493150684932,0.6446716232961586,0.6059402106567534,0.6849442379182156,0.5936115496257065,ok,False
rt_nli_fwd_local,DROP,ALL,E_bases,192,169,0.4270833333333333,0.3523243364703394,0.5,0.28125,0.6612426035502958,0.6099605522682446,0.7120315581854042,0.6171207264957265,ok,False
rt_nli_fwd_local,DROP,ALL,E_bases_endorsed,138,124,0.47101449275362317,0.3868449534356909,0.5524661508704061,0.3188405797101449,,,,,ok,False
rt_nli_fwd_local,ADD,DOWN,all,340,280,0.7264705882352941,0.6797725423304435,0.7740013296194571,0.6529411764705882,0.8925595238095239,0.8681547619047619,0.9166666666666667,0.8457439654562187,ok,False
rt_nli_fwd_local,ADD,DOWN,E_bases,240,180,0.6708333333333333,0.6150550449276356,0.7276595744680852,0.6,0.8625,0.8310185185185186,0.8916666666666667,0.8008199937225361,ok,False
rt_nli_fwd_local,ADD,DOWN,E_bases_endorsed,175,132,0.6914285714285714,0.6242930553080258,0.7630057803468208,0.64,,,,,ok,False
rt_nli_fwd_local,ADD,UP,all,421,281,0.7862232779097387,0.7511848341232228,0.8229665071770335,0.7173396674584323,0.9380189798339266,0.922894424673784,0.952550415183867,0.8809682189841038,ok,False
rt_nli_fwd_local,ADD,UP,E_bases,236,181,0.8135593220338984,0.7685874823624269,0.8608724897640866,0.7627118644067796,0.9475138121546961,0.9281767955801105,0.9650092081031307,0.890603096724863,ok,False
rt_nli_fwd_local,ADD,UP,E_bases_endorsed,172,133,0.8255813953488372,0.7739980335237382,0.8764705882352941,0.7906976744186046,,,,,ok,False
rt_nli_fwd_local,ADD,ALL,all,761,281,0.759526938239159,0.7277234197649928,0.7905436936936937,0.6885676741130092,0.909351522340846,0.8917556346381968,0.9258600237247923,0.8652187784291924,ok,False
rt_nli_fwd_local,ADD,ALL,E_bases,476,181,0.7415966386554622,0.7012046169058364,0.7843179513184584,0.680672268907563,0.8979435236341313,0.8756867710251689,0.919889502762431,0.8453137834081,ok,False
rt_nli_fwd_local,ADD,ALL,E_bases_endorsed,347,133,0.7579250720461095,0.709581873208028,0.8064516129032258,0.7146974063400576,,,,,ok,False
rt_nli_fwd_local,SWAP,DOWN,all,134,134,0.16417910447761194,0.1044776119402985,0.23134328358208955,0.11194029850746269,0.44527363184079594,0.3967661691542288,0.4913246268656714,0.47151460741405754,ok,False
rt_nli_fwd_local,SWAP,DOWN,E_bases,65,65,0.16923076923076924,0.07692307692307693,0.26153846153846155,0.1076923076923077,0.45641025641025645,0.39743589743589747,0.5179487179487179,0.47419871794871793,ok,False
rt_nli_fwd_local,SWAP,DOWN,E_bases_endorsed,48,48,0.16666666666666666,0.0625,0.2708333333333333,0.10416666666666667,,,,,ok,False
rt_nli_fwd_local,SWAP,UP,all,108,108,0.17592592592592593,0.10185185185185185,0.25,0.06481481481481481,0.43595679012345684,0.3803819444444444,0.49305555555555547,0.453143911885742,ok,False
rt_nli_fwd_local,SWAP,UP,E_bases,55,55,0.23636363636363636,0.12727272727272726,0.34545454545454546,0.09090909090909091,0.44696969696969696,0.3666666666666667,0.5287878787878788,0.45244279529993814,ok,False
rt_nli_fwd_local,SWAP,UP,E_bases_endorsed,44,44,0.20454545454545456,0.09090909090909091,0.3409090909090909,0.09090909090909091,,,,,ok,False
rt_nli_fwd_local,SWAP,ALL,all,242,177,0.16942148760330578,0.1153688524590164,0.22178539426523292,0.09090909090909091,0.43950094161958564,0.3985404896421845,0.48046139359698675,0.46486797802587276,ok,False
rt_nli_fwd_local,SWAP,ALL,E_bases,120,91,0.2,0.12605042016806722,0.27679884453781506,0.1,0.46565934065934056,0.41483516483516486,0.5160256410256411,0.4798692810457516,ok,False
rt_nli_fwd_local,SWAP,ALL,E_bases_endorsed,92,73,0.18478260869565216,0.1063396833250866,0.2717391304347826,0.09782608695652174,,,,,ok,False
rt_nli_fwd_local,BIND,DOWN,all,250,250,0.628,0.568,0.688,0.52,0.8046666666666668,0.77,0.842,0.7688559892328398,ok,False
rt_nli_fwd_local,BIND,DOWN,E_bases,165,165,0.6848484848484848,0.6121212121212121,0.7515151515151515,0.5818181818181818,0.8282828282828282,0.7808080808080808,0.8697222222222222,0.8077682563338302,ok,False
rt_nli_fwd_local,BIND,DOWN,E_bases_endorsed,121,121,0.7024793388429752,0.6198347107438017,0.7768595041322314,0.5950413223140496,,,,,ok,False
rt_nli_fwd_local,BIND,UP,all,231,231,0.6666666666666666,0.6060606060606061,0.7272727272727273,0.5757575757575758,0.826118326118326,0.7878787878787878,0.8636363636363636,0.7956100689434022,ok,False
rt_nli_fwd_local,BIND,UP,E_bases,153,153,0.738562091503268,0.6666666666666666,0.803921568627451,0.6339869281045751,0.8289760348583878,0.7810457516339868,0.8747276688453159,0.8298208172157752,ok,False
rt_nli_fwd_local,BIND,UP,E_bases_endorsed,113,113,0.7787610619469026,0.7079646017699115,0.8495575221238938,0.6637168141592921,,,,,ok,False
rt_nli_fwd_local,BIND,ALL,all,481,271,0.6465696465696466,0.6012177782458727,0.6926315789473684,0.5467775467775468,0.813960639606396,0.7856626691266914,0.8419434194341943,0.7868093340385531,ok,False
rt_nli_fwd_local,BIND,ALL,E_bases,318,176,0.710691823899371,0.6517571884984026,0.7647152194211017,0.6069182389937107,0.831439393939394,0.7959280303030304,0.8664772727272727,0.8226081476813581,ok,False
rt_nli_fwd_local,BIND,ALL,E_bases_endorsed,234,132,0.7393162393162394,0.675210970464135,0.8000211864406779,0.6282051282051282,,,,,ok,False
rt_nli_fwd_local,MEANING_RENAME,DOWN,all,264,264,0.8106060606060606,0.7613636363636364,0.8560606060606061,0.7007575757575758,0.9154040404040403,0.8920454545454546,0.9381313131313131,0.8835251491901108,ok,False
rt_nli_fwd_local,MEANING_RENAME,DOWN,E_bases,171,171,0.8596491228070176,0.8070175438596491,0.9064327485380117,0.7602339181286549,0.9385964912280702,0.9122807017543859,0.9619883040935673,0.9190180554102287,ok,False
rt_nli_fwd_local,MEANING_RENAME,DOWN,E_bases_endorsed,126,126,0.8650793650793651,0.8015873015873016,0.9208333333333322,0.7777777777777778,,,,,ok,False
rt_nli_fwd_local,MEANING_RENAME,UP,all,234,234,0.8333333333333334,0.7863247863247863,0.8803418803418803,0.7777777777777778,0.8995726495726496,0.8675213675213675,0.9273504273504274,0.8825099631551244,ok,False
rt_nli_fwd_local,MEANING_RENAME,UP,E_bases,151,151,0.8874172185430463,0.8344370860927153,0.9337748344370861,0.8410596026490066,0.9304635761589404,0.8962472406181015,0.9602649006622517,0.921386293073123,ok,False
rt_nli_fwd_local,MEANING_RENAME,UP,E_bases_endorsed,113,113,0.9026548672566371,0.8407079646017699,0.9557522123893806,0.8584070796460177,,,,,ok,False
rt_nli_fwd_local,MEANING_RENAME,ALL,all,498,281,0.821285140562249,0.7835562691648357,0.8551374438074475,0.7369477911646586,0.9065836298932385,0.8852313167259787,0.926453143534994,0.8842329023051915,ok,False
rt_nli_fwd_local,MEANING_RENAME,ALL,E_bases,322,186,0.8726708074534162,0.8318311430696752,0.9085365853658537,0.7981366459627329,0.9292114695340501,0.9023297491039426,0.9534050179211468,0.9212523553632493,ok,False
rt_nli_fwd_local,MEANING_RENAME,ALL,E_bases_endorsed,239,141,0.8828451882845189,0.8395061728395061,0.9220792527144985,0.8158995815899581,,,,,ok,False
rt_nli_fwd_local,SCOPE,DOWN,all,0,0,,,,,,,,,absent (0 rows),
rt_nli_fwd_local,SCOPE,DOWN,E_bases,0,0,,,,,,,,,absent (0 rows),
rt_nli_fwd_local,SCOPE,DOWN,E_bases_endorsed,0,0,,,,,,,,,absent (0 rows),
rt_nli_fwd_local,SCOPE,UP,all,0,0,,,,,,,,,absent (0 rows),
rt_nli_fwd_local,SCOPE,UP,E_bases,0,0,,,,,,,,,absent (0 rows),
rt_nli_fwd_local,SCOPE,UP,E_bases_endorsed,0,0,,,,,,,,,absent (0 rows),
rt_nli_fwd_local,SCOPE,ALL,all,0,0,,,,,,,,,absent (0 rows),
rt_nli_fwd_local,SCOPE,ALL,E_bases,0,0,,,,,,,,,absent (0 rows),
rt_nli_fwd_local,SCOPE,ALL,E_bases_endorsed,0,0,,,,,,,,,absent (0 rows),
rt_nli_fwd_local,UNGLUE,DOWN,all,0,0,,,,,,,,,absent (0 rows),
rt_nli_fwd_local,UNGLUE,DOWN,E_bases,0,0,,,,,,,,,absent (0 rows),
rt_nli_fwd_local,UNGLUE,DOWN,E_bases_endorsed,0,0,,,,,,,,,absent (0 rows),
rt_nli_fwd_local,UNGLUE,UP,all,0,0,,,,,,,,,absent (0 rows),
rt_nli_fwd_local,UNGLUE,UP,E_bases,0,0,,,,,,,,,absent (0 rows),
rt_nli_fwd_local,UNGLUE,UP,E_bases_endorsed,0,0,,,,,,,,,absent (0 rows),
rt_nli_fwd_local,UNGLUE,ALL,all,0,0,,,,,,,,,absent (0 rows),
rt_nli_fwd_local,UNGLUE,ALL,E_bases,0,0,,,,,,,,,absent (0 rows),
rt_nli_fwd_local,UNGLUE,ALL,E_bases_endorsed,0,0,,,,,,,,,absent (0 rows),
rt_nli_fwd_local,ADD[ADD_FOREIGN],ALL,all,561,281,0.8877005347593583,0.8594306049822064,0.9145907473309609,0.8235294117647058,0.9481020166073546,0.9317912218268092,0.9629300118623961,0.933197929521459,ok,False
rt_nli_fwd_local,ADD[ADD_FOREIGN],ALL,E_bases,361,181,0.9058171745152355,0.8729281767955801,0.9362880886426593,0.8448753462603878,0.949815837937385,0.9277163904235729,0.9682320441988951,0.9385583071251536,ok,False
rt_nli_fwd_local,ADD[ADD_FOREIGN],ALL,E_bases_endorsed,265,133,0.9169811320754717,0.879245283018868,0.9507575757575758,0.8679245283018868,,,,,ok,False
rt_nli_fwd_local,ADD[ADD_INTERNAL],ALL,all,200,165,0.4,0.3333333333333333,0.47237542391761755,0.31,0.7686868686868686,0.7242424242424242,0.811111111111111,0.713959595959596,ok,False
rt_nli_fwd_local,ADD[ADD_INTERNAL],ALL,E_bases,115,80,0.22608695652173913,0.1504424778761062,0.3103448275862069,0.16521739130434782,0.6333333333333333,0.5625,0.6979687499999998,0.5947644927536232,ok,False
rt_nli_fwd_local,ADD[ADD_INTERNAL],ALL,E_bases_endorsed,82,60,0.24390243902439024,0.14457831325301204,0.35526315789473684,0.21951219512195122,,,,,ok,False
rt_nli_bwd_local,NEG,DOWN,all,283,283,0.8021201413427562,0.7526501766784452,0.8480565371024735,0.6325088339222615,0.8875147232037691,0.8604240282685512,0.9128386336866902,0.8444132038113572,ok,False
rt_nli_bwd_local,NEG,DOWN,E_bases,183,183,0.7704918032786885,0.7102459016393443,0.8306010928961749,0.5792349726775956,0.8934426229508197,0.8615664845173041,0.9234972677595629,0.8499659105941733,ok,False
rt_nli_bwd_local,NEG,DOWN,E_bases_endorsed,135,135,0.7777777777777778,0.7037037037037037,0.8518518518518519,0.5777777777777777,,,,,ok,False
rt_nli_bwd_local,NEG,UP,all,300,300,0.7833333333333333,0.7366666666666667,0.83,0.63,0.86,0.8316666666666667,0.8861111111111111,0.8326939324116743,ok,False
rt_nli_bwd_local,NEG,UP,E_bases,200,200,0.855,0.805,0.905,0.675,0.925,0.9016666666666666,0.9475,0.8996875,ok,False
rt_nli_bwd_local,NEG,UP,E_bases_endorsed,152,152,0.8618421052631579,0.8026315789473685,0.9144736842105263,0.6907894736842105,,,,,ok,False
rt_nli_bwd_local,NEG,ALL,all,583,300,0.7924528301886793,0.7572637238256933,0.825568831516884,0.6312178387650086,0.8763888888888888,0.8552777777777779,0.8972222222222221,0.839258048707227,ok,False
rt_nli_bwd_local,NEG,ALL,E_bases,383,200,0.814621409921671,0.7728342670931467,0.8567640984195402,0.6292428198433421,0.9129166666666667,0.8916666666666668,0.9329270833333333,0.8768226197918582,ok,False
rt_nli_bwd_local,NEG,ALL,E_bases_endorsed,287,152,0.8222996515679443,0.7773756171433496,0.8690950851268873,0.6376306620209059,,,,,ok,False
rt_nli_bwd_local,REV,DOWN,all,0,0,,,,,,,,,absent (0 rows),
rt_nli_bwd_local,REV,DOWN,E_bases,0,0,,,,,,,,,absent (0 rows),
rt_nli_bwd_local,REV,DOWN,E_bases_endorsed,0,0,,,,,,,,,absent (0 rows),
rt_nli_bwd_local,REV,UP,all,281,281,0.2206405693950178,0.1708185053380783,0.2669039145907473,0.08540925266903915,0.48457888493475676,0.44661921708185054,0.5237247924080664,0.4920943466354513,ok,False
rt_nli_bwd_local,REV,UP,E_bases,181,181,0.16574585635359115,0.11602209944751381,0.2154696132596685,0.06629834254143646,0.4558011049723757,0.4088397790055249,0.5046040515653775,0.47649083163164824,ok,False
rt_nli_bwd_local,REV,UP,E_bases_endorsed,133,133,0.17293233082706766,0.11278195488721804,0.24060150375939848,0.06766917293233082,,,,,ok,False
rt_nli_bwd_local,REV,ALL,all,281,281,0.2206405693950178,0.1708185053380783,0.2669039145907473,0.08540925266903915,0.48457888493475676,0.44661921708185054,0.5237247924080664,0.4920943466354513,ok,False
rt_nli_bwd_local,REV,ALL,E_bases,181,181,0.16574585635359115,0.11602209944751381,0.2154696132596685,0.06629834254143646,0.4558011049723757,0.4088397790055249,0.5046040515653775,0.47649083163164824,ok,False
rt_nli_bwd_local,REV,ALL,E_bases_endorsed,133,133,0.17293233082706766,0.11278195488721804,0.24060150375939848,0.06766917293233082,,,,,ok,False
rt_nli_bwd_local,QUANT,DOWN,all,0,0,,,,,,,,,absent (0 rows),
rt_nli_bwd_local,QUANT,DOWN,E_bases,0,0,,,,,,,,,absent (0 rows),
rt_nli_bwd_local,QUANT,DOWN,E_bases_endorsed,0,0,,,,,,,,,absent (0 rows),
rt_nli_bwd_local,QUANT,UP,all,281,281,0.4875444839857651,0.4306049822064057,0.5516014234875445,0.2099644128113879,0.7348754448398577,0.697508896797153,0.7681049822064056,0.6841444531891596,ok,False
rt_nli_bwd_local,QUANT,UP,E_bases,181,181,0.39226519337016574,0.32044198895027626,0.46408839779005523,0.11602209944751381,0.7117863720073665,0.6629834254143646,0.7550644567219154,0.6636948033066091,ok,False
rt_nli_bwd_local,QUANT,UP,E_bases_endorsed,133,133,0.38345864661654133,0.3082706766917293,0.46616541353383456,0.12030075187969924,,,,,ok,False
rt_nli_bwd_local,QUANT,ALL,all,281,281,0.4875444839857651,0.4306049822064057,0.5516014234875445,0.2099644128113879,0.7348754448398577,0.697508896797153,0.7681049822064056,0.6841444531891596,ok,False
rt_nli_bwd_local,QUANT,ALL,E_bases,181,181,0.39226519337016574,0.32044198895027626,0.46408839779005523,0.11602209944751381,0.7117863720073665,0.6629834254143646,0.7550644567219154,0.6636948033066091,ok,False
rt_nli_bwd_local,QUANT,ALL,E_bases_endorsed,133,133,0.38345864661654133,0.3082706766917293,0.46616541353383456,0.12030075187969924,,,,,ok,False
rt_nli_bwd_local,RESTR,DOWN,all,0,0,,,,,,,,,absent (0 rows),
rt_nli_bwd_local,RESTR,DOWN,E_bases,0,0,,,,,,,,,absent (0 rows),
rt_nli_bwd_local,RESTR,DOWN,E_bases_endorsed,0,0,,,,,,,,,absent (0 rows),
rt_nli_bwd_local,RESTR,UP,all,279,279,0.27956989247311825,0.22580645161290322,0.32974910394265233,0.0967741935483871,0.5564516129032258,0.5197132616487455,0.5937873357228196,0.5211287725312971,ok,False
rt_nli_bwd_local,RESTR,UP,E_bases,179,179,0.21787709497206703,0.1564245810055866,0.27932960893854747,0.07262569832402235,0.5302607076350092,0.48510242085661076,0.5740339851024208,0.49093236837650245,ok,False
rt_nli_bwd_local,RESTR,UP,E_bases_endorsed,132,132,0.1893939393939394,0.12121212121212122,0.26515151515151514,0.06060606060606061,,,,,ok,False
rt_nli_bwd_local,RESTR,ALL,all,279,279,0.27956989247311825,0.22580645161290322,0.32974910394265233,0.0967741935483871,0.5564516129032258,0.5197132616487455,0.5937873357228196,0.5211287725312971,ok,False
rt_nli_bwd_local,RESTR,ALL,E_bases,179,179,0.21787709497206703,0.1564245810055866,0.27932960893854747,0.07262569832402235,0.5302607076350092,0.48510242085661076,0.5740339851024208,0.49093236837650245,ok,False
rt_nli_bwd_local,RESTR,ALL,E_bases_endorsed,132,132,0.1893939393939394,0.12121212121212122,0.26515151515151514,0.06060606060606061,,,,,ok,False
rt_nli_bwd_local,CONN,DOWN,all,241,241,0.2821576763485477,0.22406639004149378,0.34024896265560167,0.14937759336099585,0.5138312586445366,0.46611341632088527,0.5567081604426002,0.5050848527630952,ok,False
rt_nli_bwd_local,CONN,DOWN,E_bases,141,141,0.24113475177304963,0.1702127659574468,0.3120567375886525,0.09929078014184398,0.536643026004728,0.4798758865248226,0.5933806146572104,0.5165233137166139,ok,False
rt_nli_bwd_local,CONN,DOWN,E_bases_endorsed,99,99,0.24242424242424243,0.16161616161616163,0.32323232323232326,0.10101010101010101,,,,,ok,False
rt_nli_bwd_local,CONN,UP,all,289,289,0.356401384083045,0.30103806228373703,0.4117647058823529,0.17301038062283736,0.5974625144175317,0.5599769319492504,0.637831603229527,0.5642722460663859,ok,False
rt_nli_bwd_local,CONN,UP,E_bases,189,189,0.328042328042328,0.26455026455026454,0.3915343915343915,0.1164021164021164,0.6102292768959436,0.562610229276896,0.6552028218694886,0.5708206282712566,ok,False
rt_nli_bwd_local,CONN,UP,E_bases_endorsed,141,141,0.3404255319148936,0.2695035460992908,0.41843971631205673,0.11347517730496454,,,,,ok,False
rt_nli_bwd_local,CONN,ALL,all,530,289,0.32264150943396225,0.27714851092268494,0.36981837418444713,0.16226415094339622,0.5694925028835063,0.536613321799308,0.6014994232987312,0.5440005724224478,ok,False
rt_nli_bwd_local,CONN,ALL,E_bases,330,189,0.2909090909090909,0.23836505865816576,0.3446153846153846,0.10909090909090909,0.591710758377425,0.552469135802469,0.6291997354497354,0.5547249877590991,ok,False
rt_nli_bwd_local,CONN,ALL,E_bases_endorsed,240,141,0.3,0.24066390041493776,0.36213991769547327,0.10833333333333334,,,,,ok,False
rt_nli_bwd_local,MOVE,DOWN,all,0,0,,,,,,,,,absent (0 rows),
rt_nli_bwd_local,MOVE,DOWN,E_bases,0,0,,,,,,,,,absent (0 rows),
rt_nli_bwd_local,MOVE,DOWN,E_bases_endorsed,0,0,,,,,,,,,absent (0 rows),
rt_nli_bwd_local,MOVE,UP,all,6,6,0.16666666666666666,0.0,0.5,0.0,0.6666666666666666,0.4444444444444444,0.8888888888888888,0.6388888888888888,untestable (<30 rows),False
rt_nli_bwd_local,MOVE,UP,E_bases,6,6,0.16666666666666666,0.0,0.5,0.0,0.6666666666666666,0.4444444444444444,0.8888888888888888,0.6388888888888888,untestable (<30 rows),False
rt_nli_bwd_local,MOVE,UP,E_bases_endorsed,5,5,0.2,0.0,0.6,0.0,,,,,untestable (<30 rows),False
rt_nli_bwd_local,MOVE,ALL,all,6,6,0.16666666666666666,0.0,0.5,0.0,0.6666666666666666,0.4444444444444444,0.8888888888888888,0.6388888888888888,untestable (<30 rows),False
rt_nli_bwd_local,MOVE,ALL,E_bases,6,6,0.16666666666666666,0.0,0.5,0.0,0.6666666666666666,0.4444444444444444,0.8888888888888888,0.6388888888888888,untestable (<30 rows),False
rt_nli_bwd_local,MOVE,ALL,E_bases_endorsed,5,5,0.2,0.0,0.6,0.0,,,,,untestable (<30 rows),False
rt_nli_bwd_local,DROP,DOWN,all,241,241,0.8091286307053942,0.7593360995850622,0.8589211618257261,0.5767634854771784,0.8699861687413554,0.8402489626556017,0.8990318118948823,0.8390236623565939,ok,False
rt_nli_bwd_local,DROP,DOWN,E_bases,141,141,0.7304964539007093,0.6595744680851063,0.8014184397163121,0.46099290780141844,0.851063829787234,0.8096631205673758,0.8900709219858156,0.820079472863538,ok,False
rt_nli_bwd_local,DROP,DOWN,E_bases_endorsed,99,99,0.7474747474747475,0.6565656565656566,0.8282828282828283,0.48484848484848486,,,,,ok,False
rt_nli_bwd_local,DROP,UP,all,51,51,0.803921568627451,0.6862745098039216,0.9019607843137255,0.6666666666666666,0.8235294117647058,0.7385620915032679,0.9019607843137254,0.8589004229142637,ok,False
rt_nli_bwd_local,DROP,UP,E_bases,51,51,0.803921568627451,0.6862745098039216,0.9019607843137255,0.6666666666666666,0.8235294117647058,0.7385620915032679,0.9019607843137254,0.8589004229142637,ok,False
rt_nli_bwd_local,DROP,UP,E_bases_endorsed,39,39,0.8205128205128205,0.6923076923076923,0.9230769230769231,0.6923076923076923,,,,,ok,False
rt_nli_bwd_local,DROP,ALL,all,292,269,0.8082191780821918,0.7636986301369864,0.8536606105856976,0.5924657534246576,0.8652416356877324,0.8364234820322182,0.8934324659231722,0.842032897082039,ok,False
rt_nli_bwd_local,DROP,ALL,E_bases,192,169,0.75,0.6864811870694223,0.8108211527854385,0.515625,0.846646942800789,0.8076923076923077,0.8836291913214989,0.8332306048652203,ok,False
rt_nli_bwd_local,DROP,ALL,E_bases_endorsed,138,124,0.7681159420289855,0.6971777635510029,0.8382584327437268,0.5434782608695652,,,,,ok,False
rt_nli_bwd_local,ADD,DOWN,all,340,280,0.2,0.15451354344196347,0.24633431085043989,0.10294117647058823,0.4389880952380952,0.40177083333333335,0.4758928571428571,0.4426010476392723,ok,False
rt_nli_bwd_local,ADD,DOWN,E_bases,240,180,0.19166666666666668,0.13385232826500137,0.24805388462708244,0.1,0.4884259259259259,0.43981481481481477,0.5338194444444443,0.47338747645951035,ok,False
rt_nli_bwd_local,ADD,DOWN,E_bases_endorsed,175,132,0.16,0.10344827586206896,0.22527869529314615,0.06857142857142857,,,,,ok,False
rt_nli_bwd_local,ADD,UP,all,421,281,0.2042755344418052,0.16018693375350465,0.24822695035460993,0.10451306413301663,0.4498813760379597,0.41192170818505336,0.4860690984578885,0.44393071670016443,ok,False
rt_nli_bwd_local,ADD,UP,E_bases,236,181,0.1483050847457627,0.1,0.1991701244813278,0.0635593220338983,0.44383057090239414,0.3959484346224677,0.4889502762430939,0.4343897349305467,ok,False
rt_nli_bwd_local,ADD,UP,E_bases_endorsed,172,133,0.12790697674418605,0.07601234190126478,0.18824369747899156,0.040697674418604654,,,,,ok,False
rt_nli_bwd_local,ADD,ALL,all,761,281,0.202365308804205,0.16179733898070991,0.24026224418255265,0.1038107752956636,0.4530446816923685,0.4218984776591538,0.48359035191775407,0.4434622333973517,ok,False
rt_nli_bwd_local,ADD,ALL,E_bases,476,181,0.17016806722689076,0.12420400265369307,0.2174820134707623,0.0819327731092437,0.4697667280540208,0.43124232658072437,0.506602977286679,0.45426723320907314,ok,False
rt_nli_bwd_local,ADD,ALL,E_bases_endorsed,347,133,0.1440922190201729,0.09825881627825624,0.19553226526309309,0.05475504322766571,,,,,ok,False
rt_nli_bwd_local,SWAP,DOWN,all,134,134,0.19402985074626866,0.13432835820895522,0.26865671641791045,0.05970149253731343,0.4166666666666667,0.3694029850746269,0.46641791044776115,0.40908240751131564,ok,False
rt_nli_bwd_local,SWAP,DOWN,E_bases,65,65,0.2,0.1076923076923077,0.3076923076923077,0.06153846153846154,0.4230769230769231,0.35384615384615387,0.49237179487179455,0.4233974358974359,ok,False
rt_nli_bwd_local,SWAP,DOWN,E_bases_endorsed,48,48,0.14583333333333334,0.0625,0.25,0.041666666666666664,,,,,ok,False
rt_nli_bwd_local,SWAP,UP,all,108,108,0.2037037037037037,0.12962962962962962,0.28703703703703703,0.09259259259259259,0.42669753086419754,0.3719135802469136,0.48072916666666654,0.41883018639554587,ok,False
rt_nli_bwd_local,SWAP,UP,E_bases,55,55,0.18181818181818182,0.09045454545454548,0.2909090909090909,0.09090909090909091,0.42878787878787883,0.3621212121212121,0.5030303030303029,0.43673469387755104,ok,False
rt_nli_bwd_local,SWAP,UP,E_bases_endorsed,44,44,0.1590909090909091,0.045454545454545456,0.2727272727272727,0.06818181818181818,,,,,ok,False
rt_nli_bwd_local,SWAP,ALL,all,242,177,0.19834710743801653,0.14112777740596977,0.2586223538809746,0.0743801652892562,0.4145480225988701,0.3754649246704331,0.45033545197740116,0.41671902437452674,ok,False
rt_nli_bwd_local,SWAP,ALL,E_bases,120,91,0.19166666666666668,0.11965811965811966,0.2698519948519948,0.075,0.42445054945054944,0.36858974358974356,0.48031135531135527,0.42661764705882355,ok,False
rt_nli_bwd_local,SWAP,ALL,E_bases_endorsed,92,73,0.15217391304347827,0.07954545454545454,0.23076923076923078,0.05434782608695652,,,,,ok,False
rt_nli_bwd_local,BIND,DOWN,all,250,250,0.396,0.336,0.456,0.24,0.6086666666666666,0.566,0.6526833333333333,0.5774804845222072,ok,False
rt_nli_bwd_local,BIND,DOWN,E_bases,165,165,0.28484848484848485,0.21818181818181817,0.3575757575757576,0.16363636363636364,0.5696969696969697,0.5161616161616162,0.6212121212121212,0.5328055141579733,ok,False
rt_nli_bwd_local,BIND,DOWN,E_bases_endorsed,121,121,0.32231404958677684,0.2396694214876033,0.4049586776859504,0.19008264462809918,,,,,ok,False
rt_nli_bwd_local,BIND,UP,all,231,231,0.4199134199134199,0.3593073593073593,0.48484848484848486,0.31601731601731603,0.655122655122655,0.6118326118326117,0.6976911976911978,0.6138752605419272,ok,False
rt_nli_bwd_local,BIND,UP,E_bases,153,153,0.2875816993464052,0.21568627450980393,0.35947712418300654,0.17647058823529413,0.6122004357298474,0.5631808278867102,0.6623366013071894,0.5654484015828554,ok,False
rt_nli_bwd_local,BIND,UP,E_bases_endorsed,113,113,0.2831858407079646,0.20353982300884957,0.3630530973451315,0.18584070796460178,,,,,ok,False
rt_nli_bwd_local,BIND,ALL,all,481,271,0.4074844074844075,0.35683386411889595,0.45868008841053237,0.2765072765072765,0.6472939729397295,0.6128536285362853,0.6817420049200492,0.5970859931817111,ok,False
rt_nli_bwd_local,BIND,ALL,E_bases,318,176,0.2861635220125786,0.2302839116719243,0.34579439252336447,0.16981132075471697,0.6003787878787878,0.559185606060606,0.6420454545454546,0.5544476158703092,ok,False
rt_nli_bwd_local,BIND,ALL,E_bases_endorsed,234,132,0.3034188034188034,0.23931159420289855,0.3678180776442806,0.18803418803418803,,,,,ok,False
rt_nli_bwd_local,MEANING_RENAME,DOWN,all,264,264,0.678030303030303,0.6212121212121212,0.7310606060606061,0.45075757575757575,0.8055555555555555,0.7689393939393939,0.8409090909090909,0.7784720607610632,ok,False
rt_nli_bwd_local,MEANING_RENAME,DOWN,E_bases,171,171,0.6900584795321637,0.6198830409356725,0.7602339181286549,0.42105263157894735,0.8157894736842105,0.7729044834307992,0.8557748538011697,0.8029542045969795,ok,False
rt_nli_bwd_local,MEANING_RENAME,DOWN,E_bases_endorsed,126,126,0.6825396825396826,0.6029761904761904,0.7619047619047619,0.4365079365079365,,,,,ok,False
rt_nli_bwd_local,MEANING_RENAME,UP,all,234,234,0.8418803418803419,0.7948717948717948,0.8888888888888888,0.7051282051282052,0.8767806267806267,0.8461360398860399,0.9052706552706552,0.8573952928791638,ok,False
rt_nli_bwd_local,MEANING_RENAME,UP,E_bases,151,151,0.847682119205298,0.7880794701986755,0.9006622516556292,0.7284768211920529,0.8973509933774835,0.8609271523178808,0.9315673289183223,0.880779407491244,ok,False
rt_nli_bwd_local,MEANING_RENAME,UP,E_bases_endorsed,113,113,0.8230088495575221,0.7522123893805309,0.8938053097345132,0.7079646017699115,,,,,ok,False
rt_nli_bwd_local,MEANING_RENAME,ALL,all,498,281,0.7550200803212851,0.7154238780591486,0.7911668542959113,0.570281124497992,0.8389679715302492,0.8119810201660737,0.8641755634638197,0.8216087794401048,ok,False
rt_nli_bwd_local,MEANING_RENAME,ALL,E_bases,322,186,0.7639751552795031,0.71875,0.8074534161490683,0.5652173913043478,0.8557347670250895,0.8239247311827957,0.8835125448028672,0.843740549468444,ok,False
rt_nli_bwd_local,MEANING_RENAME,ALL,E_bases_endorsed,239,141,0.7489539748953975,0.7,0.7975877192982455,0.5648535564853556,,,,,ok,False
rt_nli_bwd_local,SCOPE,DOWN,all,0,0,,,,,,,,,absent (0 rows),
rt_nli_bwd_local,SCOPE,DOWN,E_bases,0,0,,,,,,,,,absent (0 rows),
rt_nli_bwd_local,SCOPE,DOWN,E_bases_endorsed,0,0,,,,,,,,,absent (0 rows),
rt_nli_bwd_local,SCOPE,UP,all,0,0,,,,,,,,,absent (0 rows),
rt_nli_bwd_local,SCOPE,UP,E_bases,0,0,,,,,,,,,absent (0 rows),
rt_nli_bwd_local,SCOPE,UP,E_bases_endorsed,0,0,,,,,,,,,absent (0 rows),
rt_nli_bwd_local,SCOPE,ALL,all,0,0,,,,,,,,,absent (0 rows),
rt_nli_bwd_local,SCOPE,ALL,E_bases,0,0,,,,,,,,,absent (0 rows),
rt_nli_bwd_local,SCOPE,ALL,E_bases_endorsed,0,0,,,,,,,,,absent (0 rows),
rt_nli_bwd_local,UNGLUE,DOWN,all,0,0,,,,,,,,,absent (0 rows),
rt_nli_bwd_local,UNGLUE,DOWN,E_bases,0,0,,,,,,,,,absent (0 rows),
rt_nli_bwd_local,UNGLUE,DOWN,E_bases_endorsed,0,0,,,,,,,,,absent (0 rows),
rt_nli_bwd_local,UNGLUE,UP,all,0,0,,,,,,,,,absent (0 rows),
rt_nli_bwd_local,UNGLUE,UP,E_bases,0,0,,,,,,,,,absent (0 rows),
rt_nli_bwd_local,UNGLUE,UP,E_bases_endorsed,0,0,,,,,,,,,absent (0 rows),
rt_nli_bwd_local,UNGLUE,ALL,all,0,0,,,,,,,,,absent (0 rows),
rt_nli_bwd_local,UNGLUE,ALL,E_bases,0,0,,,,,,,,,absent (0 rows),
rt_nli_bwd_local,UNGLUE,ALL,E_bases_endorsed,0,0,,,,,,,,,absent (0 rows),
rt_nli_bwd_local,ADD[ADD_FOREIGN],ALL,all,561,281,0.18716577540106952,0.14590747330960854,0.22638146167557932,0.09269162210338681,0.4181494661921708,0.38343712930011864,0.4525504151838671,0.41799928013163307,ok,False
rt_nli_bwd_local,ADD[ADD_FOREIGN],ALL,E_bases,361,181,0.15512465373961218,0.11080332409972299,0.1994459833795014,0.07202216066481995,0.45119705340699817,0.4088397790055249,0.49125230202578263,0.43209391206548226,ok,False
rt_nli_bwd_local,ADD[ADD_FOREIGN],ALL,E_bases_endorsed,265,133,0.1320754716981132,0.08711299313893654,0.18421052631578946,0.052830188679245285,,,,,ok,False
rt_nli_bwd_local,ADD[ADD_INTERNAL],ALL,all,200,165,0.245,0.18316831683168316,0.31344015218027504,0.135,0.5535353535353535,0.5040151515151514,0.601010101010101,0.5146363636363637,ok,False
rt_nli_bwd_local,ADD[ADD_INTERNAL],ALL,E_bases,115,80,0.21739130434782608,0.12931034482758622,0.3166939252336447,0.11304347826086956,0.5354166666666667,0.4729166666666666,0.6020833333333333,0.5183876811594202,ok,False
rt_nli_bwd_local,ADD[ADD_INTERNAL],ALL,E_bases_endorsed,82,60,0.18292682926829268,0.08860759493670886,0.2823529411764706,0.06097560975609756,,,,,ok,False
rt_nli_contra_local,NEG,DOWN,all,283,283,0.9328621908127208,0.9045936395759717,0.9611307420494699,0.8657243816254417,0.9475853945818609,0.9299175500588927,0.964075382803298,0.9333033592123983,ok,False
rt_nli_contra_local,NEG,DOWN,E_bases,183,183,0.9289617486338798,0.8907103825136612,0.9617486338797814,0.8688524590163934,0.9590163934426229,0.9380692167577415,0.977231329690346,0.9423990800948399,ok,False
rt_nli_contra_local,NEG,DOWN,E_bases_endorsed,135,135,0.9185185185185185,0.8666666666666667,0.9629629629629629,0.8518518518518519,,,,,ok,False
rt_nli_contra_local,NEG,UP,all,300,300,0.84,0.7966666666666666,0.88,0.7333333333333333,0.8572222222222223,0.8233333333333334,0.8872222222222222,0.8645948540706605,ok,False
rt_nli_contra_local,NEG,UP,E_bases,200,200,0.895,0.855,0.935,0.8,0.9125,0.88,0.9425,0.9186047535211268,ok,False
rt_nli_contra_local,NEG,UP,E_bases_endorsed,152,152,0.9013157894736842,0.8552631578947368,0.9473684210526315,0.8223684210526315,,,,,ok,False
rt_nli_contra_local,NEG,ALL,all,583,300,0.8850771869639794,0.8591004666678496,0.9106529209621993,0.7975986277873071,0.9033333333333333,0.8836041666666665,0.9205555555555555,0.8984297808095739,ok,False
rt_nli_contra_local,NEG,ALL,E_bases,383,200,0.9112271540469974,0.882051282051282,0.9376663750757015,0.8328981723237598,0.9366666666666668,0.9187395833333333,0.95459375,0.9304370610083478,ok,False
rt_nli_contra_local,NEG,ALL,E_bases_endorsed,287,152,0.9094076655052264,0.8736742970439799,0.941980758767374,0.8362369337979094,,,,,ok,False
rt_nli_contra_local,REV,DOWN,all,0,0,,,,,,,,,absent (0 rows),
rt_nli_contra_local,REV,DOWN,E_bases,0,0,,,,,,,,,absent (0 rows),
rt_nli_contra_local,REV,DOWN,E_bases_endorsed,0,0,,,,,,,,,absent (0 rows),
rt_nli_contra_local,REV,UP,all,281,281,0.30604982206405695,0.2526690391459075,0.36298932384341637,0.13523131672597866,0.5100830367734283,0.46856465005931197,0.5516014234875444,0.5075745600731396,ok,False
rt_nli_contra_local,REV,UP,E_bases,181,181,0.16022099447513813,0.10497237569060773,0.2154696132596685,0.055248618784530384,0.4198895027624309,0.36556169429097607,0.4714548802946594,0.41007846755050636,ok,False
rt_nli_contra_local,REV,UP,E_bases_endorsed,133,133,0.17293233082706766,0.11278195488721804,0.23308270676691728,0.05263157894736842,,,,,ok,False
rt_nli_contra_local,REV,ALL,all,281,281,0.30604982206405695,0.2526690391459075,0.36298932384341637,0.13523131672597866,0.5100830367734283,0.46856465005931197,0.5516014234875444,0.5075745600731396,ok,False
rt_nli_contra_local,REV,ALL,E_bases,181,181,0.16022099447513813,0.10497237569060773,0.2154696132596685,0.055248618784530384,0.4198895027624309,0.36556169429097607,0.4714548802946594,0.41007846755050636,ok,False
rt_nli_contra_local,REV,ALL,E_bases_endorsed,133,133,0.17293233082706766,0.11278195488721804,0.23308270676691728,0.05263157894736842,,,,,ok,False
rt_nli_contra_local,QUANT,DOWN,all,0,0,,,,,,,,,absent (0 rows),
rt_nli_contra_local,QUANT,DOWN,E_bases,0,0,,,,,,,,,absent (0 rows),
rt_nli_contra_local,QUANT,DOWN,E_bases_endorsed,0,0,,,,,,,,,absent (0 rows),
rt_nli_contra_local,QUANT,UP,all,281,281,0.1103202846975089,0.0711743772241993,0.1494661921708185,0.03914590747330961,0.35587188612099646,0.3155397390272835,0.39325326215895606,0.34492839789214347,ok,False
rt_nli_contra_local,QUANT,UP,E_bases,181,181,0.09392265193370165,0.055248618784530384,0.13812154696132597,0.03314917127071823,0.3186003683241252,0.26795580110497236,0.3711095764272559,0.3124091305612096,ok,False
rt_nli_contra_local,QUANT,UP,E_bases_endorsed,133,133,0.06015037593984962,0.022556390977443608,0.10526315789473684,0.03007518796992481,,,,,ok,False
rt_nli_contra_local,QUANT,ALL,all,281,281,0.1103202846975089,0.0711743772241993,0.1494661921708185,0.03914590747330961,0.35587188612099646,0.3155397390272835,0.39325326215895606,0.34492839789214347,ok,False
rt_nli_contra_local,QUANT,ALL,E_bases,181,181,0.09392265193370165,0.055248618784530384,0.13812154696132597,0.03314917127071823,0.3186003683241252,0.26795580110497236,0.3711095764272559,0.3124091305612096,ok,False
rt_nli_contra_local,QUANT,ALL,E_bases_endorsed,133,133,0.06015037593984962,0.022556390977443608,0.10526315789473684,0.03007518796992481,,,,,ok,False
rt_nli_contra_local,RESTR,DOWN,all,0,0,,,,,,,,,absent (0 rows),
rt_nli_contra_local,RESTR,DOWN,E_bases,0,0,,,,,,,,,absent (0 rows),
rt_nli_contra_local,RESTR,DOWN,E_bases_endorsed,0,0,,,,,,,,,absent (0 rows),
rt_nli_contra_local,RESTR,UP,all,279,279,0.3118279569892473,0.25806451612903225,0.36200716845878134,0.1039426523297491,0.5642174432497011,0.5274716248506571,0.5979689366786141,0.5214815680570706,ok,False
rt_nli_contra_local,RESTR,UP,E_bases,179,179,0.24581005586592178,0.18435754189944134,0.3074022346368708,0.0670391061452514,0.5274674115456238,0.47811918063314707,0.5726256983240223,0.4961645082105976,ok,False
rt_nli_contra_local,RESTR,UP,E_bases_endorsed,132,132,0.2727272727272727,0.19696969696969696,0.3484848484848485,0.06818181818181818,,,,,ok,False
rt_nli_contra_local,RESTR,ALL,all,279,279,0.3118279569892473,0.25806451612903225,0.36200716845878134,0.1039426523297491,0.5642174432497011,0.5274716248506571,0.5979689366786141,0.5214815680570706,ok,False
rt_nli_contra_local,RESTR,ALL,E_bases,179,179,0.24581005586592178,0.18435754189944134,0.3074022346368708,0.0670391061452514,0.5274674115456238,0.47811918063314707,0.5726256983240223,0.4961645082105976,ok,False
rt_nli_contra_local,RESTR,ALL,E_bases_endorsed,132,132,0.2727272727272727,0.19696969696969696,0.3484848484848485,0.06818181818181818,,,,,ok,False
rt_nli_contra_local,CONN,DOWN,all,241,241,0.2946058091286307,0.24066390041493776,0.3486514522821571,0.14522821576763487,0.487551867219917,0.4439661134163208,0.531137621023513,0.44698208823309976,ok,False
rt_nli_contra_local,CONN,DOWN,E_bases,141,141,0.3262411347517731,0.24822695035460993,0.41134751773049644,0.16312056737588654,0.5153664302600474,0.4515070921985815,0.5804078014184396,0.47383599081199806,ok,False
rt_nli_contra_local,CONN,DOWN,E_bases_endorsed,99,99,0.32323232323232326,0.23232323232323232,0.41414141414141414,0.15151515151515152,,,,,ok,False
rt_nli_contra_local,CONN,UP,all,289,289,0.3391003460207612,0.2837370242214533,0.3944636678200692,0.17647058823529413,0.54959630911188,0.5092272202998847,0.5928489042675893,0.5284992712164831,ok,False
rt_nli_contra_local,CONN,UP,E_bases,189,189,0.31216931216931215,0.24338624338624337,0.38095238095238093,0.14285714285714285,0.5352733686067019,0.48148148148148145,0.5881834215167548,0.5278276481149012,ok,False
rt_nli_contra_local,CONN,UP,E_bases_endorsed,141,141,0.3262411347517731,0.2553191489361702,0.40425531914893614,0.14893617021276595,,,,,ok,False
rt_nli_contra_local,CONN,ALL,all,530,289,0.31886792452830187,0.2749456337627993,0.3612690536975122,0.16226415094339622,0.5377739331026528,0.5057598039215686,0.5726715686274509,0.5002080535435152,ok,False
rt_nli_contra_local,CONN,ALL,E_bases,330,189,0.3181818181818182,0.2702619797711822,0.37135143372025226,0.15151515151515152,0.5511463844797179,0.5079254850088183,0.5943562610229277,0.5180512485718949,ok,False
rt_nli_contra_local,CONN,ALL,E_bases_endorsed,240,141,0.325,0.2669491525423729,0.38619517213690646,0.15,,,,,ok,False
rt_nli_contra_local,MOVE,DOWN,all,0,0,,,,,,,,,absent (0 rows),
rt_nli_contra_local,MOVE,DOWN,E_bases,0,0,,,,,,,,,absent (0 rows),
rt_nli_contra_local,MOVE,DOWN,E_bases_endorsed,0,0,,,,,,,,,absent (0 rows),
rt_nli_contra_local,MOVE,UP,all,6,6,0.5,0.16666666666666666,0.8333333333333334,0.3333333333333333,0.611111111111111,0.3333333333333333,0.8888888888888888,0.5370370370370371,untestable (<30 rows),False
rt_nli_contra_local,MOVE,UP,E_bases,6,6,0.5,0.16666666666666666,0.8333333333333334,0.3333333333333333,0.611111111111111,0.3333333333333333,0.8888888888888888,0.5370370370370371,untestable (<30 rows),False
rt_nli_contra_local,MOVE,UP,E_bases_endorsed,5,5,0.6,0.2,1.0,0.4,,,,,untestable (<30 rows),False
rt_nli_contra_local,MOVE,ALL,all,6,6,0.5,0.16666666666666666,0.8333333333333334,0.3333333333333333,0.611111111111111,0.3333333333333333,0.8888888888888888,0.5370370370370371,untestable (<30 rows),False
rt_nli_contra_local,MOVE,ALL,E_bases,6,6,0.5,0.16666666666666666,0.8333333333333334,0.3333333333333333,0.611111111111111,0.3333333333333333,0.8888888888888888,0.5370370370370371,untestable (<30 rows),False
rt_nli_contra_local,MOVE,ALL,E_bases_endorsed,5,5,0.6,0.2,1.0,0.4,,,,,untestable (<30 rows),False
rt_nli_contra_local,DROP,DOWN,all,241,241,0.33195020746887965,0.27385892116182575,0.3901452282157671,0.08713692946058091,0.5449515905947442,0.505515214384509,0.5885200553250346,0.5160207296706324,ok,False
rt_nli_contra_local,DROP,DOWN,E_bases,141,141,0.3120567375886525,0.24113475177304963,0.3900709219858156,0.07801418439716312,0.5437352245862885,0.4905437352245862,0.5981087470449172,0.5205640226011434,ok,False
rt_nli_contra_local,DROP,DOWN,E_bases_endorsed,99,99,0.32323232323232326,0.23232323232323232,0.41414141414141414,0.06060606060606061,,,,,ok,False
rt_nli_contra_local,DROP,UP,all,51,51,0.27450980392156865,0.1568627450980392,0.4117647058823529,0.21568627450980393,0.6078431372549019,0.5098039215686274,0.7058823529411763,0.5240292195309496,ok,False
rt_nli_contra_local,DROP,UP,E_bases,51,51,0.27450980392156865,0.1568627450980392,0.4117647058823529,0.21568627450980393,0.6078431372549019,0.5098039215686274,0.7058823529411763,0.5240292195309496,ok,False
rt_nli_contra_local,DROP,UP,E_bases_endorsed,39,39,0.3076923076923077,0.1794871794871795,0.46153846153846156,0.23076923076923078,,,,,ok,False
rt_nli_contra_local,DROP,ALL,all,292,269,0.3219178082191781,0.26779183576032467,0.37628107344632766,0.1095890410958904,0.5542131350681536,0.5161090458488229,0.5929445477075588,0.5227758822630748,ok,False
rt_nli_contra_local,DROP,ALL,E_bases,192,169,0.3020833333333333,0.23316062176165803,0.36842769803296116,0.11458333333333333,0.5586785009861933,0.507396449704142,0.6094674556213018,0.5255691157133465,ok,False
rt_nli_contra_local,DROP,ALL,E_bases_endorsed,138,124,0.3188405797101449,0.24056472703497875,0.4044413307280953,0.10869565217391304,,,,,ok,False
rt_nli_contra_local,ADD,DOWN,all,340,280,0.2676470588235294,0.21790386303775242,0.31871345029239767,0.10294117647058823,0.45267857142857143,0.4133854166666666,0.49286458333333333,0.46080731931761876,ok,False
rt_nli_contra_local,ADD,DOWN,E_bases,240,180,0.25833333333333336,0.19918613063249277,0.31915776463317735,0.09166666666666666,0.44305555555555554,0.39305555555555555,0.4967708333333333,0.4588002197112367,ok,False
rt_nli_contra_local,ADD,DOWN,E_bases_endorsed,175,132,0.24571428571428572,0.18020651297217366,0.31429020664869717,0.09714285714285714,,,,,ok,False
rt_nli_contra_local,ADD,UP,all,421,281,0.40617577197149646,0.36453142904395697,0.448119297546284,0.23515439429928742,0.47479240806642947,0.4374258600237248,0.5130486358244366,0.5252960556367623,ok,False
rt_nli_contra_local,ADD,UP,E_bases,236,181,0.3008474576271186,0.2447211320546128,0.35714285714285715,0.13135593220338984,0.40147329650092084,0.34988489871086553,0.45398250460405143,0.44031954887218044,ok,False
rt_nli_contra_local,ADD,UP,E_bases_endorsed,172,133,0.31976744186046513,0.2545401996847083,0.38461538461538464,0.13372093023255813,,,,,ok,False
rt_nli_contra_local,ADD,ALL,all,761,281,0.3442838370565046,0.30918777303931766,0.38182292283987196,0.17608409986859397,0.47499011466983,0.4445408264136022,0.5055357848952154,0.4965442737288992,ok,False
rt_nli_contra_local,ADD,ALL,E_bases,476,181,0.27941176470588236,0.2309320941813734,0.3277712202232182,0.11134453781512606,0.4264886433394721,0.3848948741559239,0.4686962860650705,0.4497516111707841,ok,False
rt_nli_contra_local,ADD,ALL,E_bases_endorsed,347,133,0.2824207492795389,0.22983513663772825,0.3372789896670494,0.11527377521613832,,,,,ok,False
rt_nli_contra_local,SWAP,DOWN,all,134,134,0.22388059701492538,0.15671641791044777,0.291044776119403,0.014925373134328358,0.40671641791044766,0.3619402985074626,0.4539800995024875,0.40825945460666596,ok,False
rt_nli_contra_local,SWAP,DOWN,E_bases,65,65,0.2,0.1076923076923077,0.3076923076923077,0.03076923076923077,0.458974358974359,0.3999358974358974,0.5230769230769231,0.4425480769230769,ok,False
rt_nli_contra_local,SWAP,DOWN,E_bases_endorsed,48,48,0.1875,0.08333333333333333,0.2916666666666667,0.0,,,,,ok,False
rt_nli_contra_local,SWAP,UP,all,108,108,0.2222222222222222,0.1388888888888889,0.3055555555555556,0.07407407407407407,0.4174382716049383,0.35800540123456787,0.47376543209876537,0.406181917211329,ok,False
rt_nli_contra_local,SWAP,UP,E_bases,55,55,0.21818181818181817,0.10909090909090909,0.32727272727272727,0.12727272727272726,0.42272727272727273,0.3348484848484848,0.5136363636363637,0.4376004947433519,ok,False
rt_nli_contra_local,SWAP,UP,E_bases_endorsed,44,44,0.20454545454545456,0.09090909090909091,0.3409090909090909,0.11363636363636363,,,,,ok,False
rt_nli_contra_local,SWAP,ALL,all,242,177,0.2231404958677686,0.16326317137733753,0.2834118593426798,0.04132231404958678,0.4173728813559322,0.3780543785310734,0.45574387947269296,0.4157161728932064,ok,False
rt_nli_contra_local,SWAP,ALL,E_bases,120,91,0.20833333333333334,0.13114754098360656,0.2895017993702203,0.075,0.4757326007326007,0.42077609890109885,0.5343406593406593,0.4540196078431373,ok,False
rt_nli_contra_local,SWAP,ALL,E_bases_endorsed,92,73,0.1956521739130435,0.10866643291257597,0.29213483146067415,0.05434782608695652,,,,,ok,False
rt_nli_contra_local,BIND,DOWN,all,250,250,0.332,0.276,0.392,0.128,0.5186666666666666,0.47533333333333333,0.5640166666666665,0.504021534320323,ok,False
rt_nli_contra_local,BIND,DOWN,E_bases,165,165,0.28484848484848485,0.21818181818181817,0.3575757575757576,0.08484848484848485,0.49393939393939396,0.43636363636363634,0.550530303030303,0.48140213611525084,ok,False
rt_nli_contra_local,BIND,DOWN,E_bases_endorsed,121,121,0.3140495867768595,0.23140495867768596,0.39669421487603307,0.09917355371900827,,,,,ok,False
rt_nli_contra_local,BIND,UP,all,231,231,0.3593073593073593,0.2987012987012987,0.42424242424242425,0.16883116883116883,0.5303030303030303,0.48340548340548334,0.577922077922078,0.5309443642776976,ok,False
rt_nli_contra_local,BIND,UP,E_bases,153,153,0.2679738562091503,0.19607843137254902,0.33986928104575165,0.12418300653594772,0.4869281045751634,0.42483660130718953,0.5490196078431373,0.48993671542691153,ok,False
rt_nli_contra_local,BIND,UP,E_bases_endorsed,113,113,0.25663716814159293,0.17699115044247787,0.336283185840708,0.1415929203539823,,,,,ok,False
rt_nli_contra_local,BIND,ALL,all,481,271,0.34511434511434513,0.3018423338792408,0.3884297520661157,0.14760914760914762,0.545510455104551,0.5110624231242312,0.5811808118081181,0.5236925066899878,ok,False
rt_nli_contra_local,BIND,ALL,E_bases,318,176,0.27672955974842767,0.23100657254138268,0.3259528068244359,0.10377358490566038,0.5080492424242423,0.46495028409090905,0.5520951704545455,0.49115295745758736,ok,False
rt_nli_contra_local,BIND,ALL,E_bases_endorsed,234,132,0.2863247863247863,0.23010831567316922,0.3446882839357056,0.11965811965811966,,,,,ok,False
rt_nli_contra_local,MEANING_RENAME,DOWN,all,264,264,0.5568181818181818,0.4962121212121212,0.6136363636363636,0.32954545454545453,0.6893939393939394,0.6496212121212122,0.726641414141414,0.6776621715880028,ok,False
rt_nli_contra_local,MEANING_RENAME,DOWN,E_bases,171,171,0.5321637426900585,0.45614035087719296,0.6081871345029239,0.3216374269005848,0.7202729044834307,0.6705653021442496,0.7709551656920078,0.6822398939695162,ok,False
rt_nli_contra_local,MEANING_RENAME,DOWN,E_bases_endorsed,126,126,0.5317460317460317,0.4444444444444444,0.6111111111111112,0.30952380952380953,,,,,ok,False
rt_nli_contra_local,MEANING_RENAME,UP,all,234,234,0.5641025641025641,0.5042735042735043,0.6282051282051282,0.3162393162393162,0.6737891737891739,0.6289173789173789,0.7207977207977208,0.6641915432238013,ok,False
rt_nli_contra_local,MEANING_RENAME,UP,E_bases,151,151,0.5960264900662252,0.5165562913907285,0.6754966887417219,0.3443708609271523,0.7152317880794702,0.6589403973509934,0.7704194260485652,0.7048009421409235,ok,False
rt_nli_contra_local,MEANING_RENAME,UP,E_bases_endorsed,113,113,0.6017699115044248,0.5132743362831859,0.6902654867256637,0.3274336283185841,,,,,ok,False
rt_nli_contra_local,MEANING_RENAME,ALL,all,498,281,0.5602409638554217,0.5156744421906694,0.60321414313001,0.3232931726907631,0.6874258600237247,0.6553899762752076,0.7188686239620403,0.6763537667152125,ok,False
rt_nli_contra_local,MEANING_RENAME,ALL,E_bases,322,186,0.562111801242236,0.5107692307692308,0.6151573426573426,0.33229813664596275,0.7271505376344086,0.6859318996415771,0.767921146953405,0.6989002489124619,ok,False
rt_nli_contra_local,MEANING_RENAME,ALL,E_bases_endorsed,239,141,0.5648535564853556,0.5061715797430083,0.6276271655313115,0.3179916317991632,,,,,ok,False
rt_nli_contra_local,SCOPE,DOWN,all,0,0,,,,,,,,,absent (0 rows),
rt_nli_contra_local,SCOPE,DOWN,E_bases,0,0,,,,,,,,,absent (0 rows),
rt_nli_contra_local,SCOPE,DOWN,E_bases_endorsed,0,0,,,,,,,,,absent (0 rows),
rt_nli_contra_local,SCOPE,UP,all,0,0,,,,,,,,,absent (0 rows),
rt_nli_contra_local,SCOPE,UP,E_bases,0,0,,,,,,,,,absent (0 rows),
rt_nli_contra_local,SCOPE,UP,E_bases_endorsed,0,0,,,,,,,,,absent (0 rows),
rt_nli_contra_local,SCOPE,ALL,all,0,0,,,,,,,,,absent (0 rows),
rt_nli_contra_local,SCOPE,ALL,E_bases,0,0,,,,,,,,,absent (0 rows),
rt_nli_contra_local,SCOPE,ALL,E_bases_endorsed,0,0,,,,,,,,,absent (0 rows),
rt_nli_contra_local,UNGLUE,DOWN,all,0,0,,,,,,,,,absent (0 rows),
rt_nli_contra_local,UNGLUE,DOWN,E_bases,0,0,,,,,,,,,absent (0 rows),
rt_nli_contra_local,UNGLUE,DOWN,E_bases_endorsed,0,0,,,,,,,,,absent (0 rows),
rt_nli_contra_local,UNGLUE,UP,all,0,0,,,,,,,,,absent (0 rows),
rt_nli_contra_local,UNGLUE,UP,E_bases,0,0,,,,,,,,,absent (0 rows),
rt_nli_contra_local,UNGLUE,UP,E_bases_endorsed,0,0,,,,,,,,,absent (0 rows),
rt_nli_contra_local,UNGLUE,ALL,all,0,0,,,,,,,,,absent (0 rows),
rt_nli_contra_local,UNGLUE,ALL,E_bases,0,0,,,,,,,,,absent (0 rows),
rt_nli_contra_local,UNGLUE,ALL,E_bases_endorsed,0,0,,,,,,,,,absent (0 rows),
rt_nli_contra_local,ADD[ADD_FOREIGN],ALL,all,561,281,0.24598930481283424,0.20677361853832443,0.28647686832740216,0.08912655971479501,0.39827995255041515,0.36506524317912215,0.43268831553973897,0.4167630776086658,ok,False
rt_nli_contra_local,ADD[ADD_FOREIGN],ALL,E_bases,361,181,0.2299168975069252,0.18232044198895028,0.2805858655616941,0.07756232686980609,0.3779926335174954,0.33471454880294654,0.4226519337016574,0.3981838252140045,ok,False
rt_nli_contra_local,ADD[ADD_FOREIGN],ALL,E_bases_endorsed,265,133,0.22641509433962265,0.16981132075471697,0.28679245283018867,0.0830188679245283,,,,,ok,False
rt_nli_contra_local,ADD[ADD_INTERNAL],ALL,all,200,165,0.62,0.5480449507389163,0.6979192450495049,0.42,0.7515151515151515,0.7050505050505051,0.7979797979797979,0.7207878787878788,ok,False
rt_nli_contra_local,ADD[ADD_INTERNAL],ALL,E_bases,115,80,0.43478260869565216,0.3333333333333333,0.5384615384615384,0.21739130434782608,0.61875,0.5436979166666667,0.6937499999999999,0.6278079710144927,ok,False
rt_nli_contra_local,ADD[ADD_INTERNAL],ALL,E_bases_endorsed,82,60,0.4634146341463415,0.34146341463414637,0.582304852320675,0.21951219512195122,,,,,ok,False
rt_nli_min_alt_local,NEG,DOWN,all,283,283,0.5512367491166078,0.4910777385159011,0.6113074204946997,0.4416961130742049,0.8138987043580682,0.7814929328621908,0.8474676089517078,0.7753566287135191,ok,False
rt_nli_min_alt_local,NEG,DOWN,E_bases,183,183,0.6338797814207651,0.5628415300546448,0.6994535519125683,0.5355191256830601,0.8633879781420765,0.8269581056466303,0.8979963570127504,0.8318069420276583,ok,False
rt_nli_min_alt_local,NEG,DOWN,E_bases_endorsed,135,135,0.6444444444444445,0.562962962962963,0.725925925925926,0.5481481481481482,,,,,ok,False
rt_nli_min_alt_local,NEG,UP,all,300,300,0.43333333333333335,0.38,0.48674999999999957,0.3566666666666667,0.7366666666666667,0.6972222222222223,0.7733472222222221,0.7298675115207374,ok,False
rt_nli_min_alt_local,NEG,UP,E_bases,200,200,0.5,0.43,0.575,0.405,0.805,0.7616666666666667,0.8483333333333333,0.791175176056338,ok,False
rt_nli_min_alt_local,NEG,UP,E_bases_endorsed,152,152,0.5263157894736842,0.4473684210526316,0.6118421052631579,0.42105263157894735,,,,,ok,False
rt_nli_min_alt_local,NEG,ALL,all,583,300,0.49056603773584906,0.44655091914993267,0.5368884641102422,0.3979416809605489,0.7805555555555557,0.7519444444444445,0.8066666666666666,0.7540451027973852,ok,False
rt_nli_min_alt_local,NEG,ALL,E_bases,383,200,0.5639686684073107,0.5090897345548507,0.6178069493243712,0.46736292428198434,0.84,0.8091666666666667,0.8695833333333334,0.8127689111168315,ok,False
rt_nli_min_alt_local,NEG,ALL,E_bases_endorsed,287,152,0.5818815331010453,0.5172326421248835,0.6466431095406361,0.4808362369337979,,,,,ok,False
rt_nli_min_alt_local,REV,DOWN,all,0,0,,,,,,,,,absent (0 rows),
rt_nli_min_alt_local,REV,DOWN,E_bases,0,0,,,,,,,,,absent (0 rows),
rt_nli_min_alt_local,REV,DOWN,E_bases_endorsed,0,0,,,,,,,,,absent (0 rows),
rt_nli_min_alt_local,REV,UP,all,281,281,0.17437722419928825,0.13167259786476868,0.22419928825622776,0.099644128113879,0.5705812574139976,0.5320136417556346,0.6103499406880188,0.5469767978365724,ok,False
rt_nli_min_alt_local,REV,UP,E_bases,181,181,0.17679558011049723,0.12154696132596685,0.23756906077348067,0.10497237569060773,0.565377532228361,0.5128683241252302,0.6160451197053406,0.5603795880712739,ok,False
rt_nli_min_alt_local,REV,UP,E_bases_endorsed,133,133,0.21052631578947367,0.14285714285714285,0.2781954887218045,0.12030075187969924,,,,,ok,False
rt_nli_min_alt_local,REV,ALL,all,281,281,0.17437722419928825,0.13167259786476868,0.22419928825622776,0.099644128113879,0.5705812574139976,0.5320136417556346,0.6103499406880188,0.5469767978365724,ok,False
rt_nli_min_alt_local,REV,ALL,E_bases,181,181,0.17679558011049723,0.12154696132596685,0.23756906077348067,0.10497237569060773,0.565377532228361,0.5128683241252302,0.6160451197053406,0.5603795880712739,ok,False
rt_nli_min_alt_local,REV,ALL,E_bases_endorsed,133,133,0.21052631578947367,0.14285714285714285,0.2781954887218045,0.12030075187969924,,,,,ok,False
rt_nli_min_alt_local,QUANT,DOWN,all,0,0,,,,,,,,,absent (0 rows),
rt_nli_min_alt_local,QUANT,DOWN,E_bases,0,0,,,,,,,,,absent (0 rows),
rt_nli_min_alt_local,QUANT,DOWN,E_bases_endorsed,0,0,,,,,,,,,absent (0 rows),
rt_nli_min_alt_local,QUANT,UP,all,281,281,0.07473309608540925,0.046263345195729534,0.10320284697508897,0.05693950177935943,0.2805456702253855,0.23309608540925267,0.32326512455516004,0.2998605598138516,ok,False
rt_nli_min_alt_local,QUANT,UP,E_bases,181,181,0.08287292817679558,0.04419889502762431,0.1270718232044199,0.06629834254143646,0.15377532228360957,0.10955340699815838,0.20441988950276244,0.18223216881983967,ok,False
rt_nli_min_alt_local,QUANT,UP,E_bases_endorsed,133,133,0.08270676691729323,0.03759398496240601,0.13533834586466165,0.07518796992481203,,,,,ok,False
rt_nli_min_alt_local,QUANT,ALL,all,281,281,0.07473309608540925,0.046263345195729534,0.10320284697508897,0.05693950177935943,0.2805456702253855,0.23309608540925267,0.32326512455516004,0.2998605598138516,ok,False
rt_nli_min_alt_local,QUANT,ALL,E_bases,181,181,0.08287292817679558,0.04419889502762431,0.1270718232044199,0.06629834254143646,0.15377532228360957,0.10955340699815838,0.20441988950276244,0.18223216881983967,ok,False
rt_nli_min_alt_local,QUANT,ALL,E_bases_endorsed,133,133,0.08270676691729323,0.03759398496240601,0.13533834586466165,0.07518796992481203,,,,,ok,False
rt_nli_min_alt_local,RESTR,DOWN,all,0,0,,,,,,,,,absent (0 rows),
rt_nli_min_alt_local,RESTR,DOWN,E_bases,0,0,,,,,,,,,absent (0 rows),
rt_nli_min_alt_local,RESTR,DOWN,E_bases_endorsed,0,0,,,,,,,,,absent (0 rows),
rt_nli_min_alt_local,RESTR,UP,all,279,279,0.14695340501792115,0.10752688172043011,0.18996415770609318,0.1039426523297491,0.5200119474313022,0.47968936678614094,0.5612305854241337,0.49647853791145047,ok,False
rt_nli_min_alt_local,RESTR,UP,E_bases,179,179,0.1005586592178771,0.055865921787709494,0.1452513966480447,0.07262569832402235,0.44925512104283055,0.4022346368715084,0.4958216945996275,0.44814944134078216,ok,False
rt_nli_min_alt_local,RESTR,UP,E_bases_endorsed,132,132,0.09090909090909091,0.045454545454545456,0.14393939393939395,0.06818181818181818,,,,,ok,False
rt_nli_min_alt_local,RESTR,ALL,all,279,279,0.14695340501792115,0.10752688172043011,0.18996415770609318,0.1039426523297491,0.5200119474313022,0.47968936678614094,0.5612305854241337,0.49647853791145047,ok,False
rt_nli_min_alt_local,RESTR,ALL,E_bases,179,179,0.1005586592178771,0.055865921787709494,0.1452513966480447,0.07262569832402235,0.44925512104283055,0.4022346368715084,0.4958216945996275,0.44814944134078216,ok,False
rt_nli_min_alt_local,RESTR,ALL,E_bases_endorsed,132,132,0.09090909090909091,0.045454545454545456,0.14393939393939395,0.06818181818181818,,,,,ok,False
rt_nli_min_alt_local,CONN,DOWN,all,241,241,0.15352697095435686,0.1078838174273859,0.1991701244813278,0.12033195020746888,0.533195020746888,0.48824343015214383,0.578146611341632,0.5195933265611817,ok,False
rt_nli_min_alt_local,CONN,DOWN,E_bases,141,141,0.1276595744680851,0.07092198581560284,0.18439716312056736,0.09219858156028368,0.5650118203309692,0.5082742316784871,0.6217494089834515,0.5617088342303372,ok,False
rt_nli_min_alt_local,CONN,DOWN,E_bases_endorsed,99,99,0.13131313131313133,0.0707070707070707,0.20202020202020202,0.1111111111111111,,,,,ok,False
rt_nli_min_alt_local,CONN,UP,all,289,289,0.1903114186851211,0.14870242214532872,0.23538062283736977,0.1384083044982699,0.5628604382929643,0.52479815455594,0.6049740484429065,0.5415931490311823,ok,False
rt_nli_min_alt_local,CONN,UP,E_bases,189,189,0.20634920634920634,0.15343915343915343,0.26468253968253896,0.13756613756613756,0.5502645502645502,0.49823633156966485,0.6022927689594356,0.5516609197040077,ok,False
rt_nli_min_alt_local,CONN,UP,E_bases_endorsed,141,141,0.23404255319148937,0.16312056737588654,0.3049645390070922,0.14893617021276595,,,,,ok,False
rt_nli_min_alt_local,CONN,ALL,all,530,289,0.17358490566037735,0.14124293785310735,0.20961844569288388,0.13018867924528302,0.5568050749711649,0.5239258938869665,0.5899726066897347,0.5299564078289778,ok,False
rt_nli_min_alt_local,CONN,ALL,E_bases,330,189,0.17272727272727273,0.1296268406961178,0.21921921921921922,0.11818181818181818,0.5670194003527338,0.5229166666666666,0.607583774250441,0.5533376856536641,ok,False
rt_nli_min_alt_local,CONN,ALL,E_bases_endorsed,240,141,0.19166666666666668,0.1382079804061639,0.24670272343005936,0.13333333333333333,,,,,ok,False
rt_nli_min_alt_local,MOVE,DOWN,all,0,0,,,,,,,,,absent (0 rows),
rt_nli_min_alt_local,MOVE,DOWN,E_bases,0,0,,,,,,,,,absent (0 rows),
rt_nli_min_alt_local,MOVE,DOWN,E_bases_endorsed,0,0,,,,,,,,,absent (0 rows),
rt_nli_min_alt_local,MOVE,UP,all,6,6,0.16666666666666666,0.0,0.5,0.16666666666666666,0.6666666666666666,0.4444444444444444,0.888888888888889,0.6759259259259259,untestable (<30 rows),False
rt_nli_min_alt_local,MOVE,UP,E_bases,6,6,0.16666666666666666,0.0,0.5,0.16666666666666666,0.6666666666666666,0.4444444444444444,0.888888888888889,0.6759259259259259,untestable (<30 rows),False
rt_nli_min_alt_local,MOVE,UP,E_bases_endorsed,5,5,0.2,0.0,0.6,0.2,,,,,untestable (<30 rows),False
rt_nli_min_alt_local,MOVE,ALL,all,6,6,0.16666666666666666,0.0,0.5,0.16666666666666666,0.6666666666666666,0.4444444444444444,0.888888888888889,0.6759259259259259,untestable (<30 rows),False
rt_nli_min_alt_local,MOVE,ALL,E_bases,6,6,0.16666666666666666,0.0,0.5,0.16666666666666666,0.6666666666666666,0.4444444444444444,0.888888888888889,0.6759259259259259,untestable (<30 rows),False
rt_nli_min_alt_local,MOVE,ALL,E_bases_endorsed,5,5,0.2,0.0,0.6,0.2,,,,,untestable (<30 rows),False
rt_nli_min_alt_local,DROP,DOWN,all,241,241,0.5394190871369294,0.4730290456431535,0.6058091286307054,0.4605809128630705,0.7704011065006915,0.7289073305670816,0.8091286307053942,0.7497001314256526,ok,False
rt_nli_min_alt_local,DROP,DOWN,E_bases,141,141,0.45390070921985815,0.375886524822695,0.5390070921985816,0.3971631205673759,0.7304964539007093,0.6713947990543736,0.7872340425531915,0.7213419848096172,ok,False
rt_nli_min_alt_local,DROP,DOWN,E_bases_endorsed,99,99,0.45454545454545453,0.35353535353535354,0.5457070707070693,0.40404040404040403,,,,,ok,False
rt_nli_min_alt_local,DROP,UP,all,51,51,0.7058823529411765,0.5882352941176471,0.8235294117647058,0.5882352941176471,0.8300653594771241,0.7450980392156863,0.9019607843137255,0.7999487376650006,ok,False
rt_nli_min_alt_local,DROP,UP,E_bases,51,51,0.7058823529411765,0.5882352941176471,0.8235294117647058,0.5882352941176471,0.8300653594771241,0.7450980392156863,0.9019607843137255,0.7999487376650006,ok,False
rt_nli_min_alt_local,DROP,UP,E_bases_endorsed,39,39,0.717948717948718,0.5641025641025641,0.8461538461538461,0.6410256410256411,,,,,ok,False
rt_nli_min_alt_local,DROP,ALL,all,292,269,0.5684931506849316,0.5132428546531892,0.6232876712328768,0.4828767123287671,0.7828376703841388,0.7456552044609666,0.8197026022304833,0.7595398142961416,ok,False
rt_nli_min_alt_local,DROP,ALL,E_bases,192,169,0.5208333333333334,0.45454545454545453,0.5914034791420368,0.4479166666666667,0.7569033530571991,0.7061143984220907,0.805239151873767,0.7444937541091388,ok,False
rt_nli_min_alt_local,DROP,ALL,E_bases_endorsed,138,124,0.5289855072463768,0.45112781954887216,0.6071428571428571,0.47101449275362317,,,,,ok,False
rt_nli_min_alt_local,ADD,DOWN,all,340,280,0.48823529411764705,0.43412614426319773,0.5421837793652485,0.40588235294117647,0.7758928571428572,0.7404613095238094,0.8074404761904761,0.7398934664118355,ok,False
rt_nli_min_alt_local,ADD,DOWN,E_bases,240,180,0.48333333333333334,0.42352208933365876,0.5488214798114366,0.4,0.7662037037037036,0.725,0.8078703703703705,0.7262437225360955,ok,False
rt_nli_min_alt_local,ADD,DOWN,E_bases_endorsed,175,132,0.5142857142857142,0.44133667433453827,0.5934199134199134,0.42857142857142855,,,,,ok,False
rt_nli_min_alt_local,ADD,UP,all,421,281,0.5391923990498813,0.48935916315442035,0.588520576519669,0.45368171021377673,0.818208778173191,0.7903321470937129,0.845499703440095,0.7683614448200257,ok,False
rt_nli_min_alt_local,ADD,UP,E_bases,236,181,0.5466101694915254,0.48333333333333334,0.6076033011766018,0.4661016949152542,0.8222836095764271,0.7863720073664826,0.856353591160221,0.7707563400025488,ok,False
rt_nli_min_alt_local,ADD,UP,E_bases_endorsed,172,133,0.5755813953488372,0.5054347826086957,0.6467153927439239,0.5,,,,,ok,False
rt_nli_min_alt_local,ADD,ALL,all,761,281,0.5164257555847569,0.47522510677631163,0.5588303648152488,0.4323258869908016,0.7936931593515223,0.7713448991696323,0.8174204230921314,0.7557727054482968,ok,False
rt_nli_min_alt_local,ADD,ALL,E_bases,476,181,0.5147058823529411,0.46458333333333335,0.5653149443299337,0.4327731092436975,0.78683241252302,0.7565876304481278,0.817219152854512,0.7485566595059076,ok,False
rt_nli_min_alt_local,ADD,ALL,E_bases_endorsed,347,133,0.5446685878962536,0.48458725370490074,0.605191168044878,0.46397694524495675,,,,,ok,False
rt_nli_min_alt_local,SWAP,DOWN,all,134,134,0.08955223880597014,0.04477611940298507,0.1417910447761194,0.06716417910447761,0.41044776119402987,0.3694029850746268,0.4539800995024875,0.4122058878539633,ok,False
rt_nli_min_alt_local,SWAP,DOWN,E_bases,65,65,0.046153846153846156,0.0,0.1076923076923077,0.03076923076923077,0.3948717948717949,0.33589743589743587,0.4487179487179487,0.40360576923076924,ok,False
rt_nli_min_alt_local,SWAP,DOWN,E_bases_endorsed,48,48,0.020833333333333332,0.0,0.0625,0.0,,,,,ok,False
rt_nli_min_alt_local,SWAP,UP,all,108,108,0.12962962962962962,0.06481481481481481,0.19444444444444445,0.08333333333333333,0.4313271604938272,0.37654320987654316,0.4876543209876543,0.43444383926410074,ok,False
rt_nli_min_alt_local,SWAP,UP,E_bases,55,55,0.12727272727272726,0.05454545454545454,0.21818181818181817,0.09090909090909091,0.4318181818181818,0.35151515151515156,0.509090909090909,0.44032158317872605,ok,False
rt_nli_min_alt_local,SWAP,UP,E_bases_endorsed,44,44,0.09090909090909091,0.022727272727272728,0.18181818181818182,0.045454545454545456,,,,,ok,False
rt_nli_min_alt_local,SWAP,ALL,all,242,177,0.10743801652892562,0.06275496861924686,0.15481897361455038,0.0743801652892562,0.4060734463276836,0.3686440677966102,0.4413841807909605,0.43078713772493676,ok,False
rt_nli_min_alt_local,SWAP,ALL,E_bases,120,91,0.08333333333333333,0.03225806451612903,0.14285714285714285,0.058333333333333334,0.4061355311355311,0.35666208791208787,0.4592490842490842,0.43584967320261436,ok,False
rt_nli_min_alt_local,SWAP,ALL,E_bases_endorsed,92,73,0.05434782608695652,0.010752688172043012,0.10344827586206896,0.021739130434782608,,,,,ok,False
rt_nli_min_alt_local,BIND,DOWN,all,250,250,0.424,0.364,0.488,0.32,0.716,0.676,0.7566833333333333,0.7063687752355317,ok,False
rt_nli_min_alt_local,BIND,DOWN,E_bases,165,165,0.41818181818181815,0.34545454545454546,0.49696969696969695,0.3393939393939394,0.702020202020202,0.6525,0.7525252525252526,0.7020057128663687,ok,False
rt_nli_min_alt_local,BIND,DOWN,E_bases_endorsed,121,121,0.4380165289256198,0.34710743801652894,0.5289256198347108,0.35537190082644626,,,,,ok,False
rt_nli_min_alt_local,BIND,UP,all,231,231,0.5281385281385281,0.46320346320346323,0.5930735930735931,0.4458874458874459,0.7611832611832611,0.7185966810966811,0.8023088023088022,0.7572903639570306,ok,False
rt_nli_min_alt_local,BIND,UP,E_bases,153,153,0.46405228758169936,0.38562091503267976,0.5424836601307189,0.41830065359477125,0.733115468409586,0.6797385620915033,0.7821350762527234,0.7336934773909564,ok,False
rt_nli_min_alt_local,BIND,UP,E_bases_endorsed,113,113,0.46017699115044247,0.36283185840707965,0.5486725663716814,0.39823008849557523,,,,,ok,False
rt_nli_min_alt_local,BIND,ALL,all,481,271,0.47401247401247404,0.42494062204215943,0.5232193657836356,0.3804573804573805,0.7361623616236163,0.7041820418204181,0.7690651906519066,0.7353370130448216,ok,False
rt_nli_min_alt_local,BIND,ALL,E_bases,318,176,0.44025157232704404,0.38125,0.5047036871174801,0.37735849056603776,0.7163825757575757,0.67421875,0.758996212121212,0.7227267672461726,ok,False
rt_nli_min_alt_local,BIND,ALL,E_bases_endorsed,234,132,0.44871794871794873,0.3803374655647383,0.5193260668166606,0.37606837606837606,,,,,ok,False
rt_nli_min_alt_local,MEANING_RENAME,DOWN,all,264,264,0.5643939393939394,0.5037878787878788,0.625,0.49242424242424243,0.7904040404040403,0.7512468434343433,0.827020202020202,0.7763262419592343,ok,False
rt_nli_min_alt_local,MEANING_RENAME,DOWN,E_bases,171,171,0.6198830409356725,0.543859649122807,0.6900584795321637,0.5263157894736842,0.8079922027290449,0.7553362573099415,0.8538011695906432,0.8037331566158604,ok,False
rt_nli_min_alt_local,MEANING_RENAME,DOWN,E_bases_endorsed,126,126,0.6666666666666666,0.5793650793650794,0.746031746031746,0.5714285714285714,,,,,ok,False
rt_nli_min_alt_local,MEANING_RENAME,UP,all,234,234,0.8205128205128205,0.7735042735042735,0.8675213675213675,0.7606837606837606,0.9138176638176637,0.8853276353276353,0.9415954415954415,0.8963205253527834,ok,False
rt_nli_min_alt_local,MEANING_RENAME,UP,E_bases,151,151,0.8145695364238411,0.7483443708609272,0.8741721854304636,0.7417218543046358,0.9105960264900662,0.8719646799116999,0.9459161147902868,0.9067647553645443,ok,False
rt_nli_min_alt_local,MEANING_RENAME,UP,E_bases_endorsed,113,113,0.8141592920353983,0.7433628318584071,0.8761061946902655,0.7345132743362832,,,,,ok,False
rt_nli_min_alt_local,MEANING_RENAME,ALL,all,498,281,0.6847389558232931,0.6469329707931076,0.7236580516898609,0.6184738955823293,0.8454922894424675,0.8205738434163701,0.8709964412811388,0.837148349196542,ok,False
rt_nli_min_alt_local,MEANING_RENAME,ALL,E_bases,322,186,0.7111801242236024,0.6666666666666666,0.7554368287275922,0.6273291925465838,0.8548387096774194,0.8216845878136201,0.8870967741935484,0.857599390513411,ok,False
rt_nli_min_alt_local,MEANING_RENAME,ALL,E_bases_endorsed,239,141,0.7364016736401674,0.6837606837606838,0.7863453815261043,0.6485355648535565,,,,,ok,False
rt_nli_min_alt_local,SCOPE,DOWN,all,0,0,,,,,,,,,absent (0 rows),
rt_nli_min_alt_local,SCOPE,DOWN,E_bases,0,0,,,,,,,,,absent (0 rows),
rt_nli_min_alt_local,SCOPE,DOWN,E_bases_endorsed,0,0,,,,,,,,,absent (0 rows),
rt_nli_min_alt_local,SCOPE,UP,all,0,0,,,,,,,,,absent (0 rows),
rt_nli_min_alt_local,SCOPE,UP,E_bases,0,0,,,,,,,,,absent (0 rows),
rt_nli_min_alt_local,SCOPE,UP,E_bases_endorsed,0,0,,,,,,,,,absent (0 rows),
rt_nli_min_alt_local,SCOPE,ALL,all,0,0,,,,,,,,,absent (0 rows),
rt_nli_min_alt_local,SCOPE,ALL,E_bases,0,0,,,,,,,,,absent (0 rows),
rt_nli_min_alt_local,SCOPE,ALL,E_bases_endorsed,0,0,,,,,,,,,absent (0 rows),
rt_nli_min_alt_local,UNGLUE,DOWN,all,0,0,,,,,,,,,absent (0 rows),
rt_nli_min_alt_local,UNGLUE,DOWN,E_bases,0,0,,,,,,,,,absent (0 rows),
rt_nli_min_alt_local,UNGLUE,DOWN,E_bases_endorsed,0,0,,,,,,,,,absent (0 rows),
rt_nli_min_alt_local,UNGLUE,UP,all,0,0,,,,,,,,,absent (0 rows),
rt_nli_min_alt_local,UNGLUE,UP,E_bases,0,0,,,,,,,,,absent (0 rows),
rt_nli_min_alt_local,UNGLUE,UP,E_bases_endorsed,0,0,,,,,,,,,absent (0 rows),
rt_nli_min_alt_local,UNGLUE,ALL,all,0,0,,,,,,,,,absent (0 rows),
rt_nli_min_alt_local,UNGLUE,ALL,E_bases,0,0,,,,,,,,,absent (0 rows),
rt_nli_min_alt_local,UNGLUE,ALL,E_bases_endorsed,0,0,,,,,,,,,absent (0 rows),
rt_nli_min_alt_local,ADD[ADD_FOREIGN],ALL,all,561,281,0.5989304812834224,0.5543672014260249,0.6464285714285715,0.5062388591800356,0.8389679715302492,0.8143460854092527,0.8621070581257415,0.8122171945701357,ok,False
rt_nli_min_alt_local,ADD[ADD_FOREIGN],ALL,E_bases,361,181,0.6260387811634349,0.5666666666666667,0.6795580110497238,0.5346260387811634,0.8522099447513812,0.8218232044198897,0.8812269797421731,0.8246360360735634,ok,False
rt_nli_min_alt_local,ADD[ADD_FOREIGN],ALL,E_bases_endorsed,265,133,0.6641509433962264,0.5962264150943396,0.7283018867924528,0.5773584905660377,,,,,ok,False
rt_nli_min_alt_local,ADD[ADD_INTERNAL],ALL,all,200,165,0.285,0.21951219512195122,0.3538592233009708,0.225,0.6373737373737374,0.5858585858585859,0.6868686868686869,0.6042222222222222,ok,False
rt_nli_min_alt_local,ADD[ADD_INTERNAL],ALL,E_bases,115,80,0.16521739130434782,0.08928571428571429,0.24561403508771928,0.11304347826086956,0.4916666666666666,0.4208333333333334,0.5604166666666666,0.4955978260869565,ok,False
rt_nli_min_alt_local,ADD[ADD_INTERNAL],ALL,E_bases_endorsed,82,60,0.15853658536585366,0.08235294117647059,0.24706212822207535,0.0975609756097561,,,,,ok,False
rt_embed_cos_local,NEG,DOWN,all,283,283,0.22614840989399293,0.18021201413427562,0.2756183745583039,0.05653710247349823,0.4705535924617196,0.43404004711425204,0.5094228504122497,0.46012175403489664,ok,False
rt_embed_cos_local,NEG,DOWN,E_bases,183,183,0.16939890710382513,0.11475409836065574,0.22404371584699453,0.0273224043715847,0.4726775956284153,0.4271402550091074,0.5163934426229508,0.46310203417081336,ok,False
rt_embed_cos_local,NEG,DOWN,E_bases_endorsed,135,135,0.17037037037037037,0.1111111111111111,0.23703703703703705,0.022222222222222223,,,,,ok,False
rt_embed_cos_local,NEG,UP,all,300,300,0.3333333333333333,0.28,0.38674999999999954,0.10666666666666667,0.6199999999999999,0.5844444444444444,0.6533333333333333,0.5633659754224271,ok,False
rt_embed_cos_local,NEG,UP,E_bases,200,200,0.3,0.244875,0.365,0.095,0.6833333333333335,0.6466666666666666,0.7241666666666666,0.6204621478873239,ok,False
rt_embed_cos_local,NEG,UP,E_bases_endorsed,152,152,0.29605263157894735,0.2236842105263158,0.375,0.07894736842105263,,,,,ok,False
rt_embed_cos_local,NEG,ALL,all,583,300,0.28130360205831906,0.23580034423407917,0.32699043827311225,0.0823327615780446,0.5536111111111112,0.5255486111111111,0.5816666666666667,0.5160302266206102,ok,False
rt_embed_cos_local,NEG,ALL,E_bases,383,200,0.23759791122715404,0.1909719096065544,0.28940568475452194,0.06266318537859007,0.5904166666666666,0.5570833333333333,0.625,0.5487855330415916,ok,False
rt_embed_cos_local,NEG,ALL,E_bases_endorsed,287,152,0.23693379790940766,0.17894103816241635,0.2968197879858657,0.05226480836236934,,,,,ok,False
rt_embed_cos_local,REV,DOWN,all,0,0,,,,,,,,,absent (0 rows),
rt_embed_cos_local,REV,DOWN,E_bases,0,0,,,,,,,,,absent (0 rows),
rt_embed_cos_local,REV,DOWN,E_bases_endorsed,0,0,,,,,,,,,absent (0 rows),
rt_embed_cos_local,REV,UP,all,281,281,0.30604982206405695,0.2526690391459075,0.36298932384341637,0.08896797153024912,0.49110320284697506,0.4501779359430605,0.531435349940688,0.4991284770135812,ok,False
rt_embed_cos_local,REV,UP,E_bases,181,181,0.16022099447513813,0.11049723756906077,0.2154696132596685,0.027624309392265192,0.434622467771639,0.3839779005524862,0.48252762430939217,0.45421516901101866,ok,False
rt_embed_cos_local,REV,UP,E_bases_endorsed,133,133,0.18796992481203006,0.12781954887218044,0.2556390977443609,0.03007518796992481,,,,,ok,False
rt_embed_cos_local,REV,ALL,all,281,281,0.30604982206405695,0.2526690391459075,0.36298932384341637,0.08896797153024912,0.49110320284697506,0.4501779359430605,0.531435349940688,0.4991284770135812,ok,False
rt_embed_cos_local,REV,ALL,E_bases,181,181,0.16022099447513813,0.11049723756906077,0.2154696132596685,0.027624309392265192,0.434622467771639,0.3839779005524862,0.48252762430939217,0.45421516901101866,ok,False
rt_embed_cos_local,REV,ALL,E_bases_endorsed,133,133,0.18796992481203006,0.12781954887218044,0.2556390977443609,0.03007518796992481,,,,,ok,False
rt_embed_cos_local,QUANT,DOWN,all,0,0,,,,,,,,,absent (0 rows),
rt_embed_cos_local,QUANT,DOWN,E_bases,0,0,,,,,,,,,absent (0 rows),
rt_embed_cos_local,QUANT,DOWN,E_bases_endorsed,0,0,,,,,,,,,absent (0 rows),
rt_embed_cos_local,QUANT,UP,all,281,281,0.5658362989323843,0.505338078291815,0.6227758007117438,0.20284697508896798,0.7366548042704626,0.6986951364175563,0.7734282325029657,0.6914415377771694,ok,False
rt_embed_cos_local,QUANT,UP,E_bases,181,181,0.5303867403314917,0.4530386740331492,0.6022099447513812,0.1878453038674033,0.7605893186003684,0.7154465930018417,0.8047882136279927,0.7236478627507997,ok,False
rt_embed_cos_local,QUANT,UP,E_bases_endorsed,133,133,0.5413533834586466,0.45845864661654134,0.631578947368421,0.19548872180451127,,,,,ok,False
rt_embed_cos_local,QUANT,ALL,all,281,281,0.5658362989323843,0.505338078291815,0.6227758007117438,0.20284697508896798,0.7366548042704626,0.6986951364175563,0.7734282325029657,0.6914415377771694,ok,False
rt_embed_cos_local,QUANT,ALL,E_bases,181,181,0.5303867403314917,0.4530386740331492,0.6022099447513812,0.1878453038674033,0.7605893186003684,0.7154465930018417,0.8047882136279927,0.7236478627507997,ok,False
rt_embed_cos_local,QUANT,ALL,E_bases_endorsed,133,133,0.5413533834586466,0.45845864661654134,0.631578947368421,0.19548872180451127,,,,,ok,False
rt_embed_cos_local,RESTR,DOWN,all,0,0,,,,,,,,,absent (0 rows),
rt_embed_cos_local,RESTR,DOWN,E_bases,0,0,,,,,,,,,absent (0 rows),
rt_embed_cos_local,RESTR,DOWN,E_bases_endorsed,0,0,,,,,,,,,absent (0 rows),
rt_embed_cos_local,RESTR,UP,all,279,279,0.3942652329749104,0.33691756272401435,0.4551971326164875,0.17921146953405018,0.613500597371565,0.5722744922341696,0.6523297491039427,0.5785024154589372,ok,False
rt_embed_cos_local,RESTR,UP,E_bases,179,179,0.2122905027932961,0.1564245810055866,0.2737430167597765,0.061452513966480445,0.5446927374301676,0.4943901303538175,0.5935870577281191,0.5244095987811072,ok,False
rt_embed_cos_local,RESTR,UP,E_bases_endorsed,132,132,0.21212121212121213,0.14393939393939395,0.2803030303030303,0.05303030303030303,,,,,ok,False
rt_embed_cos_local,RESTR,ALL,all,279,279,0.3942652329749104,0.33691756272401435,0.4551971326164875,0.17921146953405018,0.613500597371565,0.5722744922341696,0.6523297491039427,0.5785024154589372,ok,False
rt_embed_cos_local,RESTR,ALL,E_bases,179,179,0.2122905027932961,0.1564245810055866,0.2737430167597765,0.061452513966480445,0.5446927374301676,0.4943901303538175,0.5935870577281191,0.5244095987811072,ok,False
rt_embed_cos_local,RESTR,ALL,E_bases_endorsed,132,132,0.21212121212121213,0.14393939393939395,0.2803030303030303,0.05303030303030303,,,,,ok,False
rt_embed_cos_local,CONN,DOWN,all,241,241,0.22821576763485477,0.17427385892116182,0.2821576763485477,0.04149377593360996,0.41009681881051174,0.369277316735823,0.4509163208852005,0.4364795142416051,ok,False
rt_embed_cos_local,CONN,DOWN,E_bases,141,141,0.14893617021276595,0.09219858156028368,0.20585106382978627,0.014184397163120567,0.4397163120567376,0.3853427895981087,0.49408983451536637,0.4524420300789699,ok,False
rt_embed_cos_local,CONN,DOWN,E_bases_endorsed,99,99,0.1717171717171717,0.10101010101010101,0.25252525252525254,0.020202020202020204,,,,,ok,False
rt_embed_cos_local,CONN,UP,all,289,289,0.29411764705882354,0.2422145328719723,0.3460207612456747,0.11072664359861592,0.5161476355247983,0.4769319492502883,0.5576701268742791,0.5041203522386373,ok,False
rt_embed_cos_local,CONN,UP,E_bases,189,189,0.19047619047619047,0.13756613756613756,0.24867724867724866,0.0582010582010582,0.5035273368606702,0.45679012345679015,0.5502645502645502,0.48401774434090417,ok,False
rt_embed_cos_local,CONN,UP,E_bases_endorsed,141,141,0.20567375886524822,0.14184397163120568,0.2695035460992908,0.05673758865248227,,,,,ok,False
rt_embed_cos_local,CONN,ALL,all,530,289,0.2641509433962264,0.22033423981785985,0.3084326765188834,0.07924528301886792,0.47549019607843146,0.4431877162629757,0.5095227797001153,0.47828427379406,ok,False
rt_embed_cos_local,CONN,ALL,E_bases,330,189,0.17272727272727273,0.12574850299401197,0.2218929415737926,0.03939393939393939,0.48677248677248675,0.44753086419753074,0.5282297178130511,0.4710244273978565,ok,False
rt_embed_cos_local,CONN,ALL,E_bases_endorsed,240,141,0.19166666666666668,0.13304721030042918,0.2520582379293179,0.041666666666666664,,,,,ok,False
rt_embed_cos_local,MOVE,DOWN,all,0,0,,,,,,,,,absent (0 rows),
rt_embed_cos_local,MOVE,DOWN,E_bases,0,0,,,,,,,,,absent (0 rows),
rt_embed_cos_local,MOVE,DOWN,E_bases_endorsed,0,0,,,,,,,,,absent (0 rows),
rt_embed_cos_local,MOVE,UP,all,6,6,0.0,0.0,0.0,0.0,0.611111111111111,0.49999999999999994,0.6666666666666666,0.5092592592592593,untestable (<30 rows),False
rt_embed_cos_local,MOVE,UP,E_bases,6,6,0.0,0.0,0.0,0.0,0.611111111111111,0.49999999999999994,0.6666666666666666,0.5092592592592593,untestable (<30 rows),False
rt_embed_cos_local,MOVE,UP,E_bases_endorsed,5,5,0.0,0.0,0.0,0.0,,,,,untestable (<30 rows),False
rt_embed_cos_local,MOVE,ALL,all,6,6,0.0,0.0,0.0,0.0,0.611111111111111,0.49999999999999994,0.6666666666666666,0.5092592592592593,untestable (<30 rows),False
rt_embed_cos_local,MOVE,ALL,E_bases,6,6,0.0,0.0,0.0,0.0,0.611111111111111,0.49999999999999994,0.6666666666666666,0.5092592592592593,untestable (<30 rows),False
rt_embed_cos_local,MOVE,ALL,E_bases_endorsed,5,5,0.0,0.0,0.0,0.0,,,,,untestable (<30 rows),False
rt_embed_cos_local,DROP,DOWN,all,241,241,0.3900414937759336,0.3278008298755187,0.44813278008298757,0.18672199170124482,0.6348547717842323,0.5933609958506224,0.6749654218533887,0.5720057620679166,ok,False
rt_embed_cos_local,DROP,DOWN,E_bases,141,141,0.23404255319148937,0.1702127659574468,0.3049645390070922,0.04964539007092199,0.6288416075650117,0.5839243498817968,0.6737588652482269,0.5704944419294804,ok,False
rt_embed_cos_local,DROP,DOWN,E_bases_endorsed,99,99,0.23232323232323232,0.15151515151515152,0.31313131313131315,0.04040404040404041,,,,,ok,False
rt_embed_cos_local,DROP,UP,all,51,51,0.37254901960784315,0.2549019607843137,0.5098039215686274,0.17647058823529413,0.65359477124183,0.5620915032679739,0.7385620915032679,0.5970780469050365,ok,False
rt_embed_cos_local,DROP,UP,E_bases,51,51,0.37254901960784315,0.2549019607843137,0.5098039215686274,0.17647058823529413,0.65359477124183,0.5620915032679739,0.7385620915032679,0.5970780469050365,ok,False
rt_embed_cos_local,DROP,UP,E_bases_endorsed,39,39,0.38461538461538464,0.23076923076923078,0.5384615384615384,0.23076923076923078,,,,,ok,False
rt_embed_cos_local,DROP,ALL,all,292,269,0.386986301369863,0.32666326530612244,0.4463667820069204,0.18493150684931506,0.6428128872366791,0.605312887236679,0.6821638785625774,0.5749435589278742,ok,False
rt_embed_cos_local,DROP,ALL,E_bases,192,169,0.2708333333333333,0.21051956815114709,0.34408602150537637,0.08333333333333333,0.6425049309664693,0.5996055226824458,0.6873890532544379,0.5825936883629191,ok,False
rt_embed_cos_local,DROP,ALL,E_bases_endorsed,138,124,0.2753623188405797,0.20149253731343283,0.3571558915537017,0.09420289855072464,,,,,ok,False
rt_embed_cos_local,ADD,DOWN,all,340,280,0.34705882352941175,0.2948274451725118,0.4018807389444429,0.11470588235294117,0.6122023809523809,0.5788616071428572,0.6479241071428571,0.5515661499256743,ok,False
rt_embed_cos_local,ADD,DOWN,E_bases,240,180,0.30833333333333335,0.2509868421052631,0.3673469387755102,0.07083333333333333,0.6319444444444445,0.5898148148148148,0.6712962962962963,0.5782995919648463,ok,False
rt_embed_cos_local,ADD,DOWN,E_bases_endorsed,175,132,0.2857142857142857,0.21685118853793553,0.3546646651416952,0.06857142857142857,,,,,ok,False
rt_embed_cos_local,ADD,UP,all,421,281,0.5415676959619953,0.4871179225788676,0.5947273094873047,0.23515439429928742,0.7256820877817319,0.6948324436536181,0.757717971530249,0.6624466129179609,ok,False
rt_embed_cos_local,ADD,UP,E_bases,236,181,0.4915254237288136,0.4250986842105263,0.5565227228014952,0.1864406779661017,0.7523020257826889,0.710865561694291,0.7937384898710865,0.6856840193704601,ok,False
rt_embed_cos_local,ADD,UP,E_bases_endorsed,172,133,0.47093023255813954,0.3988439306358382,0.5474893588720404,0.1744186046511628,,,,,ok,False
rt_embed_cos_local,ADD,ALL,all,761,281,0.45466491458607095,0.4097346870236896,0.49799785888009196,0.18134034165571616,0.6722024515618822,0.6458061486753657,0.6972123368920522,0.6128844258566664,ok,False
rt_embed_cos_local,ADD,ALL,E_bases,476,181,0.39915966386554624,0.34727601231024585,0.44924643913949436,0.12815126050420167,0.690914671577655,0.6583755371393493,0.7222222222222222,0.6314348107664117,ok,False
rt_embed_cos_local,ADD,ALL,E_bases_endorsed,347,133,0.37752161383285304,0.3211188227631686,0.43675206691870117,0.12103746397694524,,,,,ok,False
rt_embed_cos_local,SWAP,DOWN,all,134,134,0.19402985074626866,0.13432835820895522,0.26865671641791045,0.04477611940298507,0.34203980099502485,0.28980099502487566,0.39430970149253713,0.36828077656828634,ok,False
rt_embed_cos_local,SWAP,DOWN,E_bases,65,65,0.13846153846153847,0.06153846153846154,0.23076923076923078,0.03076923076923077,0.36923076923076925,0.3,0.4384615384615384,0.3818108974358974,ok,False
rt_embed_cos_local,SWAP,DOWN,E_bases_endorsed,48,48,0.08333333333333333,0.020833333333333332,0.16666666666666666,0.0,,,,,ok,False
rt_embed_cos_local,SWAP,UP,all,108,108,0.16666666666666666,0.10185185185185185,0.24074074074074073,0.05555555555555555,0.3850308641975308,0.3240740740740741,0.4467592592592592,0.38248910675381265,ok,False
rt_embed_cos_local,SWAP,UP,E_bases,55,55,0.10909090909090909,0.03636363636363636,0.2,0.01818181818181818,0.41969696969696973,0.3318181818181819,0.503030303030303,0.3876314162028448,ok,False
rt_embed_cos_local,SWAP,UP,E_bases_endorsed,44,44,0.09090909090909091,0.022727272727272728,0.18181818181818182,0.0,,,,,ok,False
rt_embed_cos_local,SWAP,ALL,all,242,177,0.18181818181818182,0.12498744979919679,0.24124849054072184,0.049586776859504134,0.3571092278719397,0.3137947269303201,0.3983109698681732,0.3705717461698323,ok,False
rt_embed_cos_local,SWAP,ALL,E_bases,120,91,0.125,0.06198685540950455,0.1951219512195122,0.025,0.39239926739926734,0.33333333333333337,0.4551282051282051,0.38084967320261437,ok,False
rt_embed_cos_local,SWAP,ALL,E_bases_endorsed,92,73,0.08695652173913043,0.022720888661899898,0.15625,0.0,,,,,ok,False
rt_embed_cos_local,BIND,DOWN,all,250,250,0.396,0.336,0.456,0.164,0.6219999999999999,0.5806500000000001,0.6653333333333332,0.5878977119784657,ok,False
rt_embed_cos_local,BIND,DOWN,E_bases,165,165,0.34545454545454546,0.2727272727272727,0.41818181818181815,0.15757575757575756,0.6626262626262626,0.6110858585858585,0.7141414141414141,0.6311413313462494,ok,False
rt_embed_cos_local,BIND,DOWN,E_bases_endorsed,121,121,0.34710743801652894,0.2644628099173554,0.4297520661157025,0.1487603305785124,,,,,ok,False
rt_embed_cos_local,BIND,UP,all,231,231,0.5497835497835498,0.4805194805194805,0.6103896103896104,0.27705627705627706,0.681096681096681,0.6392316017316017,0.7222402597402598,0.6557351290684624,ok,False
rt_embed_cos_local,BIND,UP,E_bases,153,153,0.5424836601307189,0.45751633986928103,0.6209150326797386,0.24836601307189543,0.6993464052287581,0.6448801742919389,0.7494553376906318,0.6805166511048863,ok,False
rt_embed_cos_local,BIND,UP,E_bases_endorsed,113,113,0.5309734513274337,0.4336283185840708,0.6283185840707964,0.25663716814159293,,,,,ok,False
rt_embed_cos_local,BIND,ALL,all,481,271,0.4698544698544699,0.4188828086962044,0.5165289256198347,0.2182952182952183,0.6562115621156211,0.6223785362853629,0.6900369003690037,0.6237935765643574,ok,False
rt_embed_cos_local,BIND,ALL,E_bases,318,176,0.44025157232704404,0.38412698412698415,0.5,0.20125786163522014,0.6870265151515151,0.6453598484848485,0.7277462121212122,0.6632996008945892,ok,False
rt_embed_cos_local,BIND,ALL,E_bases_endorsed,234,132,0.4358974358974359,0.3695584521017499,0.5063318302819579,0.20085470085470086,,,,,ok,False
rt_embed_cos_local,MEANING_RENAME,DOWN,all,264,264,0.5909090909090909,0.5340909090909091,0.6477272727272727,0.3446969696969697,0.745580808080808,0.7095959595959596,0.7815814393939392,0.6967468805704099,ok,False
rt_embed_cos_local,MEANING_RENAME,DOWN,E_bases,171,171,0.5730994152046783,0.49707602339181284,0.6432748538011696,0.32748538011695905,0.7894736842105263,0.7485136452241715,0.827485380116959,0.7389755037029286,ok,False
rt_embed_cos_local,MEANING_RENAME,DOWN,E_bases_endorsed,126,126,0.5873015873015873,0.5,0.6668650793650782,0.3492063492063492,,,,,ok,False
rt_embed_cos_local,MEANING_RENAME,UP,all,234,234,0.7051282051282052,0.6452991452991453,0.7606837606837606,0.5598290598290598,0.8076923076923076,0.7706552706552706,0.8433048433048433,0.7803218287089255,ok,False
rt_embed_cos_local,MEANING_RENAME,UP,E_bases,151,151,0.7549668874172185,0.6885761589403974,0.8211920529801324,0.6158940397350994,0.8631346578366444,0.8256070640176599,0.9006622516556292,0.8411972531086062,ok,False
rt_embed_cos_local,MEANING_RENAME,UP,E_bases_endorsed,113,113,0.7168141592920354,0.6371681415929203,0.7964601769911505,0.584070796460177,,,,,ok,False
rt_embed_cos_local,MEANING_RENAME,ALL,all,498,281,0.6445783132530121,0.6007808929759719,0.6870108949871365,0.4457831325301205,0.7838078291814946,0.7556346381969157,0.811988434163701,0.7406132466373431,ok,False
rt_embed_cos_local,MEANING_RENAME,ALL,E_bases,322,186,0.6583850931677019,0.6090909090909091,0.7028816393769968,0.46273291925465837,0.8333333333333334,0.807347670250896,0.8588709677419355,0.7898637960313584,ok,False
rt_embed_cos_local,MEANING_RENAME,ALL,E_bases_endorsed,239,141,0.6485355648535565,0.5875,0.7038702610872675,0.4602510460251046,,,,,ok,False
rt_embed_cos_local,SCOPE,DOWN,all,0,0,,,,,,,,,absent (0 rows),
rt_embed_cos_local,SCOPE,DOWN,E_bases,0,0,,,,,,,,,absent (0 rows),
rt_embed_cos_local,SCOPE,DOWN,E_bases_endorsed,0,0,,,,,,,,,absent (0 rows),
rt_embed_cos_local,SCOPE,UP,all,0,0,,,,,,,,,absent (0 rows),
rt_embed_cos_local,SCOPE,UP,E_bases,0,0,,,,,,,,,absent (0 rows),
rt_embed_cos_local,SCOPE,UP,E_bases_endorsed,0,0,,,,,,,,,absent (0 rows),
rt_embed_cos_local,SCOPE,ALL,all,0,0,,,,,,,,,absent (0 rows),
rt_embed_cos_local,SCOPE,ALL,E_bases,0,0,,,,,,,,,absent (0 rows),
rt_embed_cos_local,SCOPE,ALL,E_bases_endorsed,0,0,,,,,,,,,absent (0 rows),
rt_embed_cos_local,UNGLUE,DOWN,all,0,0,,,,,,,,,absent (0 rows),
rt_embed_cos_local,UNGLUE,DOWN,E_bases,0,0,,,,,,,,,absent (0 rows),
rt_embed_cos_local,UNGLUE,DOWN,E_bases_endorsed,0,0,,,,,,,,,absent (0 rows),
rt_embed_cos_local,UNGLUE,UP,all,0,0,,,,,,,,,absent (0 rows),
rt_embed_cos_local,UNGLUE,UP,E_bases,0,0,,,,,,,,,absent (0 rows),
rt_embed_cos_local,UNGLUE,UP,E_bases_endorsed,0,0,,,,,,,,,absent (0 rows),
rt_embed_cos_local,UNGLUE,ALL,all,0,0,,,,,,,,,absent (0 rows),
rt_embed_cos_local,UNGLUE,ALL,E_bases,0,0,,,,,,,,,absent (0 rows),
rt_embed_cos_local,UNGLUE,ALL,E_bases_endorsed,0,0,,,,,,,,,absent (0 rows),
rt_embed_cos_local,ADD[ADD_FOREIGN],ALL,all,561,281,0.48663101604278075,0.4375,0.5338078291814946,0.20855614973262032,0.6933570581257414,0.6654804270462633,0.7206553973902727,0.6373705950911833,ok,False
rt_embed_cos_local,ADD[ADD_FOREIGN],ALL,E_bases,361,181,0.4626038781163435,0.40166204986149584,0.5209215669677895,0.1634349030470914,0.7283609576427255,0.6942909760589318,0.7605893186003684,0.6749005477683128,ok,False
rt_embed_cos_local,ADD[ADD_FOREIGN],ALL,E_bases_endorsed,265,133,0.4377358490566038,0.375,0.5019475971297062,0.15471698113207547,,,,,ok,False
rt_embed_cos_local,ADD[ADD_INTERNAL],ALL,all,200,165,0.365,0.293020906741837,0.43939942907334206,0.105,0.5878787878787879,0.5373737373737373,0.6363636363636364,0.5252727272727272,ok,False
rt_embed_cos_local,ADD[ADD_INTERNAL],ALL,E_bases,115,80,0.2,0.12497417355371901,0.28205128205128205,0.017391304347826087,0.5020833333333334,0.4333333333333333,0.5667187499999997,0.4879891304347826,ok,False
rt_embed_cos_local,ADD[ADD_INTERNAL],ALL,E_bases_endorsed,82,60,0.18292682926829268,0.0963855421686747,0.2763356055802155,0.012195121951219513,,,,,ok,False
judge_cheap_disg,NEG,DOWN,all,283,283,0.3457282540297208,0.33039353308485414,0.36106297497458745,0.17209280015349437,0.6981743227326266,0.6769729093050647,0.7202664899882213,0.6894554419916326,ok,False
judge_cheap_disg,NEG,DOWN,E_bases,183,183,0.34924769818100165,0.3320008982708287,0.36649449809117457,0.17384467027668568,0.7071948998178508,0.6812386156648452,0.7317850637522768,0.6975201229253798,ok,False
judge_cheap_disg,NEG,DOWN,E_bases_endorsed,135,135,0.3506849315068494,0.3273059360730594,0.3711415525114156,0.17456008044243335,,,,,ok,False
judge_cheap_disg,NEG,UP,all,300,300,0.3366575342465754,0.3208438356164384,0.3524383561643836,0.16757767722473604,0.6947222222222222,0.6702777777777778,0.718611111111111,0.6866973886328724,ok,False
judge_cheap_disg,NEG,UP,E_bases,200,200,0.35112328767123296,0.33139726027397265,0.3688767123287672,0.17477828054298644,0.72125,0.6933333333333335,0.7479270833333331,0.7085871478873239,ok,False
judge_cheap_disg,NEG,UP,E_bases_endorsed,152,152,0.3400144196106706,0.31665465032444134,0.36077865897620776,0.16924863062633957,,,,,ok,False
judge_cheap_disg,NEG,ALL,all,583,300,0.3410606452219273,0.32876432288628044,0.3527125183675405,0.169769409281063,0.7025,0.6813888888888888,0.7229166666666667,0.691101959513402,ok,False
judge_cheap_disg,NEG,ALL,E_bases,383,200,0.35022711828033914,0.3366812799694595,0.36361815515576384,0.17433219521992366,0.7229166666666665,0.7004166666666666,0.7456302083333333,0.7076292612069283,ok,False
judge_cheap_disg,NEG,ALL,E_bases_endorsed,287,152,0.3450336499451101,0.3278601794992915,0.3594239667424187,0.17174704778721991,,,,,ok,False
judge_cheap_disg,REV,DOWN,all,0,0,,,,,,,,,absent (0 rows),
judge_cheap_disg,REV,DOWN,E_bases,0,0,,,,,,,,,absent (0 rows),
judge_cheap_disg,REV,DOWN,E_bases_endorsed,0,0,,,,,,,,,absent (0 rows),
judge_cheap_disg,REV,UP,all,281,281,0.32010919904450846,0.3004533710330035,0.33695705162579837,0.15934042930065537,0.6779359430604982,0.6536180308422302,0.7037366548042704,0.6770067457588017,ok,False
judge_cheap_disg,REV,UP,E_bases,181,181,0.3313100734125483,0.3095133580564596,0.35092711723302816,0.1649158771030724,0.6970534069981582,0.668957182320442,0.7251496316758748,0.6964228333316058,ok,False
judge_cheap_disg,REV,UP,E_bases_endorsed,133,133,0.33222782984859417,0.3084972705736946,0.35595838912349376,0.16537270778756846,,,,,ok,False
judge_cheap_disg,REV,ALL,all,281,281,0.32010919904450846,0.3004533710330035,0.33695705162579837,0.15934042930065537,0.6779359430604982,0.6536180308422302,0.7037366548042704,0.6770067457588017,ok,False
judge_cheap_disg,REV,ALL,E_bases,181,181,0.3313100734125483,0.3095133580564596,0.35092711723302816,0.1649158771030724,0.6970534069981582,0.668957182320442,0.7251496316758748,0.6964228333316058,ok,False
judge_cheap_disg,REV,ALL,E_bases_endorsed,133,133,0.33222782984859417,0.3084972705736946,0.35595838912349376,0.16537270778756846,,,,,ok,False
judge_cheap_disg,QUANT,DOWN,all,0,0,,,,,,,,,absent (0 rows),
judge_cheap_disg,QUANT,DOWN,E_bases,0,0,,,,,,,,,absent (0 rows),
judge_cheap_disg,QUANT,DOWN,E_bases_endorsed,0,0,,,,,,,,,absent (0 rows),
judge_cheap_disg,QUANT,UP,all,281,281,0.27096962901574617,0.24850582557402628,0.2920294447423586,0.13488027567994074,0.620403321470937,0.5940094899169632,0.6473902728351125,0.6137592389816589,ok,False
judge_cheap_disg,QUANT,UP,E_bases,181,181,0.2746386134867177,0.24848255505941125,0.30079467191402415,0.1367065823354416,0.6316758747697974,0.597145488029466,0.6666666666666666,0.6234630083496033,ok,False
judge_cheap_disg,QUANT,UP,E_bases_endorsed,133,133,0.26993511175198276,0.23730559274899582,0.29959831084560723,0.13436532507739934,,,,,ok,False
judge_cheap_disg,QUANT,ALL,all,281,281,0.27096962901574617,0.24850582557402628,0.2920294447423586,0.13488027567994074,0.620403321470937,0.5940094899169632,0.6473902728351125,0.6137592389816589,ok,False
judge_cheap_disg,QUANT,ALL,E_bases,181,181,0.2746386134867177,0.24848255505941125,0.30079467191402415,0.1367065823354416,0.6316758747697974,0.597145488029466,0.6666666666666666,0.6234630083496033,ok,False
judge_cheap_disg,QUANT,ALL,E_bases_endorsed,133,133,0.26993511175198276,0.23730559274899582,0.29959831084560723,0.13436532507739934,,,,,ok,False
judge_cheap_disg,RESTR,DOWN,all,0,0,,,,,,,,,absent (0 rows),
judge_cheap_disg,RESTR,DOWN,E_bases,0,0,,,,,,,,,absent (0 rows),
judge_cheap_disg,RESTR,DOWN,E_bases_endorsed,0,0,,,,,,,,,absent (0 rows),
judge_cheap_disg,RESTR,UP,all,279,279,0.3054352629253204,0.2856385329209015,0.32381794078656656,0.15203619909502258,0.6535244922341696,0.6275388291517323,0.6789127837514934,0.6428367357539868,ok,False
judge_cheap_disg,RESTR,UP,E_bases,179,179,0.29093135379199514,0.2644830489018138,0.31737965868217655,0.1448166030486109,0.6378026070763501,0.6033519553072626,0.6731843575418993,0.633147113594041,ok,False
judge_cheap_disg,RESTR,UP,E_bases_endorsed,132,132,0.2719800747198008,0.24209215442092158,0.30186799501868,0.13538324420677358,,,,,ok,False
judge_cheap_disg,RESTR,ALL,all,279,279,0.3054352629253204,0.2856385329209015,0.32381794078656656,0.15203619909502258,0.6535244922341696,0.6275388291517323,0.6789127837514934,0.6428367357539868,ok,False
judge_cheap_disg,RESTR,ALL,E_bases,179,179,0.29093135379199514,0.2644830489018138,0.31737965868217655,0.1448166030486109,0.6378026070763501,0.6033519553072626,0.6731843575418993,0.633147113594041,ok,False
judge_cheap_disg,RESTR,ALL,E_bases_endorsed,132,132,0.2719800747198008,0.24209215442092158,0.30186799501868,0.13538324420677358,,,,,ok,False
judge_cheap_disg,CONN,DOWN,all,241,241,0.27829250269993755,0.2570113113170011,0.29957369408287393,0.13852537503989787,0.6376210235131397,0.6113416320885201,0.6632088520055325,0.6286737487302216,ok,False
judge_cheap_disg,CONN,DOWN,E_bases,141,141,0.29379189740600414,0.2658117167006704,0.3217720781113379,0.1462404929238471,0.6548463356973994,0.6205673758865248,0.6867612293144207,0.6499421558271716,ok,False
judge_cheap_disg,CONN,DOWN,E_bases_endorsed,99,99,0.2869240348692404,0.25105853051058535,0.3188044831880449,0.14282188399835458,,,,,ok,False
judge_cheap_disg,CONN,UP,all,289,289,0.30169218372280426,0.2825804616770157,0.32080390576859275,0.15017301038062283,0.6577277970011534,0.6332179930795848,0.682237600922722,0.649842736188442,ok,False
judge_cheap_disg,CONN,UP,E_bases,189,189,0.3047619047619048,0.2818003913894325,0.3277234181343771,0.15170102228925755,0.6626984126984126,0.6313932980599646,0.6935626102292768,0.6599127981533727,ok,False
judge_cheap_disg,CONN,UP,E_bases_endorsed,141,141,0.31337802389973773,0.28539784319440403,0.3385601865345381,0.15598985911877022,,,,,ok,False
judge_cheap_disg,CONN,ALL,all,530,289,0.29105195140863277,0.2748996538167551,0.30701411061901335,0.14487663280116111,0.6519607843137255,0.629757785467128,0.673305940023068,0.6445818013694106,ok,False
judge_cheap_disg,CONN,ALL,E_bases,330,189,0.3000747198007473,0.27910499540878736,0.31943199674805756,0.14936788701494583,0.6631393298059963,0.6344797178130511,0.6909171075837741,0.6601817093738099,ok,False
judge_cheap_disg,CONN,ALL,E_bases_endorsed,240,141,0.3024657534246576,0.2787655915983511,0.3246080830266716,0.1505580693815988,,,,,ok,False
judge_cheap_disg,MOVE,DOWN,all,0,0,,,,,,,,,absent (0 rows),
judge_cheap_disg,MOVE,DOWN,E_bases,0,0,,,,,,,,,absent (0 rows),
judge_cheap_disg,MOVE,DOWN,E_bases_endorsed,0,0,,,,,,,,,absent (0 rows),
judge_cheap_disg,MOVE,UP,all,6,6,0.1315068493150685,0.0,0.263013698630137,0.06546003016591252,0.5833333333333334,0.4444444444444444,0.6944444444444445,0.5277777777777778,untestable (<30 rows),False
judge_cheap_disg,MOVE,UP,E_bases,6,6,0.1315068493150685,0.0,0.263013698630137,0.06546003016591252,0.5833333333333334,0.4444444444444444,0.6944444444444445,0.5277777777777778,untestable (<30 rows),False
judge_cheap_disg,MOVE,UP,E_bases_endorsed,5,5,0.15780821917808222,0.0,0.31561643835616443,0.07855203619909504,,,,,untestable (<30 rows),False
judge_cheap_disg,MOVE,ALL,all,6,6,0.1315068493150685,0.0,0.263013698630137,0.06546003016591252,0.5833333333333334,0.4444444444444444,0.6944444444444445,0.5277777777777778,untestable (<30 rows),False
judge_cheap_disg,MOVE,ALL,E_bases,6,6,0.1315068493150685,0.0,0.263013698630137,0.06546003016591252,0.5833333333333334,0.4444444444444444,0.6944444444444445,0.5277777777777778,untestable (<30 rows),False
judge_cheap_disg,MOVE,ALL,E_bases_endorsed,5,5,0.15780821917808222,0.0,0.31561643835616443,0.07855203619909504,,,,,untestable (<30 rows),False
judge_cheap_disg,DROP,DOWN,all,241,241,0.21935997271642133,0.19316773716819194,0.2439151935428864,0.10919058973733126,0.5622406639004149,0.5304287690179806,0.5919778699861689,0.5446761132441476,ok,False
judge_cheap_disg,DROP,DOWN,E_bases,141,141,0.2154473914310697,0.18187117458466923,0.24902360827747017,0.10724302814415454,0.5638297872340425,0.5271867612293145,0.6004728132387707,0.5458226447361803,ok,False
judge_cheap_disg,DROP,DOWN,E_bases_endorsed,99,99,0.20323785803237862,0.16737235367372358,0.24308841843088425,0.10116550116550115,,,,,ok,False
judge_cheap_disg,DROP,UP,all,51,51,0.30169218372280426,0.2552780016116036,0.3481063658340049,0.15017301038062286,0.6764705882352942,0.6013071895424836,0.7450980392156863,0.6695501730103806,ok,False
judge_cheap_disg,DROP,UP,E_bases,51,51,0.30169218372280426,0.2552780016116036,0.3481063658340049,0.15017301038062286,0.6764705882352942,0.6013071895424836,0.7450980392156863,0.6695501730103806,ok,False
judge_cheap_disg,DROP,UP,E_bases_endorsed,39,39,0.3135932560590095,0.263013698630137,0.35405690200210754,0.15609699501102223,,,,,ok,False
judge_cheap_disg,DROP,ALL,all,292,269,0.23373991367986494,0.20996303410234224,0.25664476089244653,0.11634847827434452,0.5780669144981413,0.5480173482032218,0.6074969021065675,0.5645783469980139,ok,False
judge_cheap_disg,DROP,ALL,E_bases,192,169,0.2383561643835617,0.21082844096542727,0.2657392291858897,0.11864630467571642,0.5887573964497042,0.5522559171597633,0.6247534516765286,0.5764042981591059,ok,False
judge_cheap_disg,DROP,ALL,E_bases_endorsed,138,124,0.23442525312686127,0.20134013284104388,0.2658725431804646,0.11668961899140927,,,,,ok,False
judge_cheap_disg,ADD,DOWN,all,340,280,0.30053182917002425,0.28131005000863435,0.3187827963388775,0.14959542187915892,0.6598214285714286,0.6363095238095238,0.6824404761904761,0.6437973384299569,ok,False
judge_cheap_disg,ADD,DOWN,E_bases,240,180,0.2975342465753425,0.2743765718802465,0.31952903883165407,0.14810331825037706,0.6652777777777777,0.6370370370370372,0.6939814814814814,0.6520009416195857,ok,False
judge_cheap_disg,ADD,DOWN,E_bases_endorsed,175,132,0.2930724070450098,0.26596768419253425,0.3208225811801387,0.14588235294117644,,,,,ok,False
judge_cheap_disg,ADD,UP,all,421,281,0.3476653759802168,0.33593653281872277,0.35968291027137644,0.17305703936974023,0.7078884934756821,0.6880189798339265,0.7289516607354685,0.6980389525854194,ok,False
judge_cheap_disg,ADD,UP,E_bases,236,181,0.3560715114929186,0.3402739726027398,0.37072336132839084,0.17724135286448345,0.7237569060773481,0.6993439226519336,0.7481583793738488,0.7140746463616668,ok,False
judge_cheap_disg,ADD,UP,E_bases_endorsed,172,133,0.3578209620898376,0.338797306710007,0.37550750949001493,0.17811217510259916,,,,,ok,False
judge_cheap_disg,ADD,ALL,all,761,281,0.32660702392310054,0.31550923653058843,0.33793597922656887,0.1625748449587052,0.6856465005931198,0.6665616350336101,0.7045311882166864,0.6739953439300516,ok,False
judge_cheap_disg,ADD,ALL,E_bases,476,181,0.32655692413951887,0.31137654743329124,0.34037189281816427,0.16254990684056428,0.6952117863720073,0.6726480969920197,0.7180037599754451,0.6831048208757187,ok,False
judge_cheap_disg,ADD,ALL,E_bases_endorsed,347,133,0.32516679167818097,0.3082137707281904,0.3419196709224262,0.1618579420240719,,,,,ok,False
judge_cheap_disg,SWAP,DOWN,all,134,134,0.2090370067470865,0.1766509916172562,0.24142302187691683,0.10405213750253262,0.5174129353233832,0.4807213930348258,0.5534825870646766,0.5010006359181536,ok,False
judge_cheap_disg,SWAP,DOWN,E_bases,65,65,0.24278187565858803,0.1942255005268704,0.28542044257112675,0.12084928646014621,0.5384615384615383,0.4897435897435897,0.5884615384615385,0.5210336538461539,ok,False
judge_cheap_disg,SWAP,DOWN,E_bases_endorsed,48,48,0.20547945205479454,0.14794520547945209,0.263013698630137,0.10228129713423832,,,,,ok,False
judge_cheap_disg,SWAP,UP,all,108,108,0.2337899543378996,0.1972602739726028,0.27031963470319637,0.11637338696162224,0.5625,0.5131172839506173,0.6095679012345678,0.5372337206487533,ok,False
judge_cheap_disg,SWAP,UP,E_bases,55,55,0.25823163138231636,0.20801992528019927,0.3012702366127024,0.12853969559851916,0.5803030303030303,0.5075757575757576,0.6484848484848483,0.5457637600494744,ok,False
judge_cheap_disg,SWAP,UP,E_bases_endorsed,44,44,0.2331257783312578,0.1703611457036115,0.2869240348692404,0.11604278074866313,,,,,ok,False
judge_cheap_disg,SWAP,ALL,all,242,177,0.22008377674629234,0.1923287671232877,0.24595632486960511,0.10955087693055608,0.533427495291902,0.5018714689265537,0.565454331450094,0.5245154898264947,ok,False
judge_cheap_disg,SWAP,ALL,E_bases,120,91,0.24986301369863018,0.21324044234824463,0.283784859408796,0.1243740573152338,0.5659340659340658,0.521978021978022,0.6108058608058609,0.5487091503267973,ok,False
judge_cheap_disg,SWAP,ALL,E_bases_endorsed,92,73,0.21870160810005962,0.1758189398451459,0.2615842763549732,0.10886287625418058,,,,,ok,False
judge_cheap_disg,BIND,DOWN,all,250,250,0.3392876712328768,0.3203506849315069,0.355068493150685,0.1688868778280543,0.698,0.6763333333333332,0.7183333333333333,0.6886460296096905,ok,False
judge_cheap_disg,BIND,DOWN,E_bases,165,165,0.3538729763387299,0.33474470734744716,0.37300124533001255,0.1761469902646373,0.717171717171717,0.6944444444444444,0.7424242424242423,0.7053464977645305,ok,False
judge_cheap_disg,BIND,DOWN,E_bases_endorsed,121,121,0.35865504358655054,0.33583154081286093,0.3782180459639987,0.17852735499794328,,,,,ok,False
judge_cheap_disg,BIND,UP,all,231,231,0.36207080590642243,0.3484077566269348,0.37573385518591007,0.18022761552173314,0.7186147186147186,0.6948051948051948,0.7427849927849927,0.7100593233926568,ok,False
judge_cheap_disg,BIND,UP,E_bases,153,153,0.37389202256244974,0.35842062852538287,0.38678485092667214,0.18611185047171205,0.7276688453159041,0.699877450980392,0.7554466230936818,0.7173758392245787,ok,False
judge_cheap_disg,BIND,UP,E_bases_endorsed,113,113,0.373572554249,0.3561158928354953,0.3875378833798037,0.1859528290553798,,,,,ok,False
judge_cheap_disg,BIND,ALL,all,481,271,0.350229259818301,0.3379296388542965,0.3617802535099188,0.17433326121108925,0.7112546125461254,0.6911131611316113,0.7306273062730627,0.7017849568227401,ok,False
judge_cheap_disg,BIND,ALL,E_bases,318,176,0.36350478159731203,0.34999435266741274,0.37591108813646945,0.18094140413785254,0.731060606060606,0.7078539299242423,0.7549715909090909,0.7178151758905735,ok,False
judge_cheap_disg,BIND,ALL,E_bases_endorsed,234,132,0.36585879873551114,0.35068022811452765,0.3792815568228586,0.18211316084619256,,,,,ok,False
judge_cheap_disg,MEANING_RENAME,DOWN,all,264,264,0.22565379825653803,0.20174346201743465,0.24806973848069744,0.1123234608528726,0.5640782828282829,0.5366082702020203,0.589654356060606,0.5456216577540107,ok,False
judge_cheap_disg,MEANING_RENAME,DOWN,E_bases,171,171,0.2353280461427542,0.20533525594808943,0.26532083633741893,0.11713900134952766,0.591130604288499,0.5609039961013644,0.6228070175438597,0.5613918826223943,ok,False
judge_cheap_disg,MEANING_RENAME,DOWN,E_bases_endorsed,126,126,0.22230919765166343,0.18786692759295504,0.2567514677103719,0.11065862242332827,,,,,ok,False
judge_cheap_disg,MEANING_RENAME,UP,all,234,234,0.26132771338250793,0.23772391991570077,0.2849315068493151,0.1300808291758518,0.6346153846153846,0.6057603276353276,0.6634704415954416,0.5936567912374364,ok,False
judge_cheap_disg,MEANING_RENAME,UP,E_bases,151,151,0.256046448335299,0.22469382200852767,0.284786355801506,0.1274519792634323,0.6368653421633553,0.5993377483443708,0.676614238410596,0.5957282474037594,ok,False
judge_cheap_disg,MEANING_RENAME,UP,E_bases_endorsed,113,113,0.24439325978906537,0.20947993696205605,0.2793065826160747,0.1216513834941737,,,,,ok,False
judge_cheap_disg,MEANING_RENAME,ALL,all,498,281,0.2424162403036805,0.2239553846986843,0.2616723970725908,0.1206672845227062,0.6002372479240805,0.577846975088968,0.6238137603795967,0.5737516611010587,ok,False
judge_cheap_disg,MEANING_RENAME,ALL,E_bases,322,186,0.24504381859950655,0.2205740100466347,0.2684310379167045,0.121975211489278,0.6173835125448028,0.5893761200716846,0.6456093189964157,0.5833914904506013,ok,False
judge_cheap_disg,MEANING_RENAME,ALL,E_bases_endorsed,239,141,0.23275061615177398,0.20461420673736344,0.26142170812355264,0.11585603665347696,,,,,ok,False
judge_cheap_disg,SCOPE,DOWN,all,0,0,,,,,,,,,absent (0 rows),
judge_cheap_disg,SCOPE,DOWN,E_bases,0,0,,,,,,,,,absent (0 rows),
judge_cheap_disg,SCOPE,DOWN,E_bases_endorsed,0,0,,,,,,,,,absent (0 rows),
judge_cheap_disg,SCOPE,UP,all,0,0,,,,,,,,,absent (0 rows),
judge_cheap_disg,SCOPE,UP,E_bases,0,0,,,,,,,,,absent (0 rows),
judge_cheap_disg,SCOPE,UP,E_bases_endorsed,0,0,,,,,,,,,absent (0 rows),
judge_cheap_disg,SCOPE,ALL,all,0,0,,,,,,,,,absent (0 rows),
judge_cheap_disg,SCOPE,ALL,E_bases,0,0,,,,,,,,,absent (0 rows),
judge_cheap_disg,SCOPE,ALL,E_bases_endorsed,0,0,,,,,,,,,absent (0 rows),
judge_cheap_disg,UNGLUE,DOWN,all,0,0,,,,,,,,,absent (0 rows),
judge_cheap_disg,UNGLUE,DOWN,E_bases,0,0,,,,,,,,,absent (0 rows),
judge_cheap_disg,UNGLUE,DOWN,E_bases_endorsed,0,0,,,,,,,,,absent (0 rows),
judge_cheap_disg,UNGLUE,UP,all,0,0,,,,,,,,,absent (0 rows),
judge_cheap_disg,UNGLUE,UP,E_bases,0,0,,,,,,,,,absent (0 rows),
judge_cheap_disg,UNGLUE,UP,E_bases_endorsed,0,0,,,,,,,,,absent (0 rows),
judge_cheap_disg,UNGLUE,ALL,all,0,0,,,,,,,,,absent (0 rows),
judge_cheap_disg,UNGLUE,ALL,E_bases,0,0,,,,,,,,,absent (0 rows),
judge_cheap_disg,UNGLUE,ALL,E_bases_endorsed,0,0,,,,,,,,,absent (0 rows),
judge_cheap_disg,ADD[ADD_FOREIGN],ALL,all,561,281,0.3227895392278955,0.3088772973236485,0.33555306391069084,0.1606746194981489,0.678232502965599,0.6580590154211151,0.69869884341637,0.6684213458110517,ok,False
judge_cheap_disg,ADD[ADD_FOREIGN],ALL,E_bases,361,181,0.3289492657382462,0.31342465753424664,0.3442492315865367,0.16374074027650692,0.6910681399631675,0.6673515193370165,0.7150092081031305,0.6818465832170454,ok,False
judge_cheap_disg,ADD[ADD_FOREIGN],ALL,E_bases_endorsed,265,133,0.32752649263375555,0.30933997509339983,0.34557626944072517,0.16303252796038592,,,,,ok,False
judge_cheap_disg,ADD[ADD_INTERNAL],ALL,all,200,165,0.33731506849315074,0.31872013968553886,0.35507340012267435,0.16790497737556564,0.7065656565656564,0.6777777777777777,0.7353535353535353,0.6945909090909091,ok,False
judge_cheap_disg,ADD[ADD_INTERNAL],ALL,E_bases,115,80,0.3190470518165575,0.29174628755611837,0.3452054794520549,0.15881172535903992,0.7072916666666667,0.6697916666666666,0.7437760416666666,0.6970289855072463,ok,False
judge_cheap_disg,ADD[ADD_INTERNAL],ALL,E_bases_endorsed,82,60,0.31754092883394597,0.2873668188736682,0.3481139006038281,0.15806202405915462,,,,,ok,False
S4_local,NEG,DOWN,all,283,283,0.9540636042402827,0.9293286219081273,0.9787985865724381,0.24028268551236748,0.8268551236749117,0.8021201413427562,0.8504122497055359,0.7884207015632981,ok,False
S4_local,NEG,DOWN,E_bases,183,183,0.9672131147540983,0.9398907103825137,0.9890710382513661,0.2185792349726776,0.8214936247723135,0.7923497267759563,0.8488160291438981,0.7934385525740045,ok,False
S4_local,NEG,DOWN,E_bases_endorsed,135,135,0.9703703703703703,0.9405555555555556,0.9925925925925926,0.21481481481481482,,,,,ok,False
S4_local,NEG,UP,all,300,300,0.9333333333333333,0.9033333333333333,0.96,0.38,0.8611111111111113,0.8366388888888888,0.8833333333333333,0.8223847926267281,ok,False
S4_local,NEG,UP,E_bases,200,200,0.985,0.965,1.0,0.465,0.8933333333333333,0.8683333333333332,0.9183333333333333,0.8663380281690141,ok,False
S4_local,NEG,UP,E_bases_endorsed,152,152,0.9802631578947368,0.9539473684210527,1.0,0.4605263157894737,,,,,ok,False
S4_local,NEG,ALL,all,583,300,0.9433962264150944,0.9235895426389379,0.9604130808950087,0.31217838765008576,0.8483333333333334,0.83,0.8655555555555554,0.8079514824797843,ok,False
S4_local,NEG,ALL,E_bases,383,200,0.9765013054830287,0.9604195460066173,0.9896913841995071,0.3472584856396867,0.8641666666666665,0.8425,0.8858333333333333,0.8345897841356231,ok,False
S4_local,NEG,ALL,E_bases_endorsed,287,152,0.975609756097561,0.9572953736654805,0.992833447723633,0.34494773519163763,,,,,ok,False
S4_local,REV,DOWN,all,0,0,,,,,,,,,absent (0 rows),
S4_local,REV,DOWN,E_bases,0,0,,,,,,,,,absent (0 rows),
S4_local,REV,DOWN,E_bases_endorsed,0,0,,,,,,,,,absent (0 rows),
S4_local,REV,UP,all,281,281,0.6120996441281139,0.5551601423487544,0.6690391459074733,0.03558718861209965,0.5670225385527876,0.531435349940688,0.6026393831553973,0.5550277050321908,ok,False
S4_local,REV,UP,E_bases,181,181,0.5966850828729282,0.5248618784530387,0.6685082872928176,0.03314917127071823,0.5819521178637201,0.5377532228360957,0.6261510128913443,0.5654328153991273,ok,False
S4_local,REV,UP,E_bases_endorsed,133,133,0.6240601503759399,0.5413533834586466,0.706766917293233,0.03007518796992481,,,,,ok,False
S4_local,REV,ALL,all,281,281,0.6120996441281139,0.5551601423487544,0.6690391459074733,0.03558718861209965,0.5670225385527876,0.531435349940688,0.6026393831553973,0.5550277050321908,ok,False
S4_local,REV,ALL,E_bases,181,181,0.5966850828729282,0.5248618784530387,0.6685082872928176,0.03314917127071823,0.5819521178637201,0.5377532228360957,0.6261510128913443,0.5654328153991273,ok,False
S4_local,REV,ALL,E_bases_endorsed,133,133,0.6240601503759399,0.5413533834586466,0.706766917293233,0.03007518796992481,,,,,ok,False
S4_local,QUANT,DOWN,all,0,0,,,,,,,,,absent (0 rows),
S4_local,QUANT,DOWN,E_bases,0,0,,,,,,,,,absent (0 rows),
S4_local,QUANT,DOWN,E_bases_endorsed,0,0,,,,,,,,,absent (0 rows),
S4_local,QUANT,UP,all,281,281,0.6832740213523132,0.6263345195729537,0.7366548042704626,0.046263345195729534,0.6459074733096085,0.6120996441281139,0.6785290628706998,0.5985833561456337,ok,False
S4_local,QUANT,UP,E_bases,181,181,0.580110497237569,0.5082872928176796,0.6464088397790055,0.03867403314917127,0.6160220994475138,0.572744014732965,0.6574585635359116,0.5711585593818801,ok,False
S4_local,QUANT,UP,E_bases_endorsed,133,133,0.5413533834586466,0.45864661654135336,0.6240601503759399,0.03759398496240601,,,,,ok,False
S4_local,QUANT,ALL,all,281,281,0.6832740213523132,0.6263345195729537,0.7366548042704626,0.046263345195729534,0.6459074733096085,0.6120996441281139,0.6785290628706998,0.5985833561456337,ok,False
S4_local,QUANT,ALL,E_bases,181,181,0.580110497237569,0.5082872928176796,0.6464088397790055,0.03867403314917127,0.6160220994475138,0.572744014732965,0.6574585635359116,0.5711585593818801,ok,False
S4_local,QUANT,ALL,E_bases_endorsed,133,133,0.5413533834586466,0.45864661654135336,0.6240601503759399,0.03759398496240601,,,,,ok,False
S4_local,RESTR,DOWN,all,0,0,,,,,,,,,absent (0 rows),
S4_local,RESTR,DOWN,E_bases,0,0,,,,,,,,,absent (0 rows),
S4_local,RESTR,DOWN,E_bases_endorsed,0,0,,,,,,,,,absent (0 rows),
S4_local,RESTR,UP,all,279,279,0.7275985663082437,0.6774193548387096,0.7777777777777778,0.1111111111111111,0.7186379928315412,0.6917562724014337,0.747326762246117,0.6206863712707565,ok,False
S4_local,RESTR,UP,E_bases,179,179,0.6983240223463687,0.6312849162011173,0.7597765363128491,0.0782122905027933,0.6843575418994413,0.6489757914338921,0.7197392923649906,0.6018600812595226,ok,False
S4_local,RESTR,UP,E_bases_endorsed,132,132,0.6893939393939394,0.6060606060606061,0.7651515151515151,0.05303030303030303,,,,,ok,False
S4_local,RESTR,ALL,all,279,279,0.7275985663082437,0.6774193548387096,0.7777777777777778,0.1111111111111111,0.7186379928315412,0.6917562724014337,0.747326762246117,0.6206863712707565,ok,False
S4_local,RESTR,ALL,E_bases,179,179,0.6983240223463687,0.6312849162011173,0.7597765363128491,0.0782122905027933,0.6843575418994413,0.6489757914338921,0.7197392923649906,0.6018600812595226,ok,False
S4_local,RESTR,ALL,E_bases_endorsed,132,132,0.6893939393939394,0.6060606060606061,0.7651515151515151,0.05303030303030303,,,,,ok,False
S4_local,CONN,DOWN,all,241,241,0.7178423236514523,0.6639004149377593,0.7717842323651453,0.04564315352697095,0.669432918395574,0.640387275242047,0.6984785615491009,0.5960813346877636,ok,False
S4_local,CONN,DOWN,E_bases,141,141,0.723404255319149,0.6524822695035462,0.7943262411347518,0.04964539007092199,0.6879432624113475,0.6501182033096926,0.723404255319149,0.6178595979410828,ok,False
S4_local,CONN,DOWN,E_bases_endorsed,99,99,0.696969696969697,0.6060606060606061,0.7777777777777778,0.04040404040404041,,,,,ok,False
S4_local,CONN,UP,all,289,289,0.7923875432525952,0.7438581314878893,0.8408304498269896,0.09688581314878893,0.7145328719723183,0.6828143021914649,0.7445213379469434,0.6677150920770533,ok,False
S4_local,CONN,UP,E_bases,189,189,0.7619047619047619,0.6984126984126984,0.8148148148148148,0.07936507936507936,0.6904761904761905,0.6490299823633157,0.7310626102292769,0.6586209189440787,ok,False
S4_local,CONN,UP,E_bases_endorsed,141,141,0.7446808510638298,0.6737588652482269,0.8086879432624103,0.0851063829787234,,,,,ok,False
S4_local,CONN,ALL,all,530,289,0.7584905660377359,0.7150873515024458,0.7988511148561057,0.07358490566037736,0.698961937716263,0.674726066897347,0.7226066897347173,0.6387265802161995,ok,False
S4_local,CONN,ALL,E_bases,330,189,0.7454545454545455,0.6963122587502564,0.7935163163716814,0.06666666666666667,0.6975308641975311,0.6649029982363317,0.7319223985890653,0.6444589521788804,ok,False
S4_local,CONN,ALL,E_bases_endorsed,240,141,0.725,0.6593886462882096,0.7833558091286306,0.06666666666666667,,,,,ok,False
S4_local,MOVE,DOWN,all,0,0,,,,,,,,,absent (0 rows),
S4_local,MOVE,DOWN,E_bases,0,0,,,,,,,,,absent (0 rows),
S4_local,MOVE,DOWN,E_bases_endorsed,0,0,,,,,,,,,absent (0 rows),
S4_local,MOVE,UP,all,6,6,0.3333333333333333,0.0,0.6666666666666666,0.0,0.611111111111111,0.3333333333333333,0.8888888888888888,0.5370370370370371,untestable (<30 rows),False
S4_local,MOVE,UP,E_bases,6,6,0.3333333333333333,0.0,0.6666666666666666,0.0,0.611111111111111,0.3333333333333333,0.8888888888888888,0.5370370370370371,untestable (<30 rows),False
S4_local,MOVE,UP,E_bases_endorsed,5,5,0.4,0.0,0.8,0.0,,,,,untestable (<30 rows),False
S4_local,MOVE,ALL,all,6,6,0.3333333333333333,0.0,0.6666666666666666,0.0,0.611111111111111,0.3333333333333333,0.8888888888888888,0.5370370370370371,untestable (<30 rows),False
S4_local,MOVE,ALL,E_bases,6,6,0.3333333333333333,0.0,0.6666666666666666,0.0,0.611111111111111,0.3333333333333333,0.8888888888888888,0.5370370370370371,untestable (<30 rows),False
S4_local,MOVE,ALL,E_bases_endorsed,5,5,0.4,0.0,0.8,0.0,,,,,untestable (<30 rows),False
S4_local,DROP,DOWN,all,241,241,0.8340248962655602,0.7883817427385892,0.8796680497925311,0.11618257261410789,0.7109266943291839,0.6763485477178424,0.7427385892116183,0.6595386902199801,ok,False
S4_local,DROP,DOWN,E_bases,141,141,0.8085106382978723,0.7446808510638298,0.8723404255319149,0.1276595744680851,0.7068557919621749,0.6666666666666666,0.7470449172576833,0.66255889207451,ok,False
S4_local,DROP,DOWN,E_bases_endorsed,99,99,0.7878787878787878,0.7070707070707071,0.8686868686868687,0.10101010101010101,,,,,ok,False
S4_local,DROP,UP,all,51,51,0.9803921568627451,0.9411764705882353,1.0,0.21568627450980393,0.7908496732026141,0.7320261437908496,0.849673202614379,0.7916186082276048,ok,False
S4_local,DROP,UP,E_bases,51,51,0.9803921568627451,0.9411764705882353,1.0,0.21568627450980393,0.7908496732026141,0.7320261437908496,0.849673202614379,0.7916186082276048,ok,False
S4_local,DROP,UP,E_bases_endorsed,39,39,1.0,1.0,1.0,0.2564102564102564,,,,,ok,False
S4_local,DROP,ALL,all,292,269,0.8595890410958904,0.8197278911564626,0.8969072164948454,0.13356164383561644,0.724907063197026,0.6964064436183395,0.7540272614622058,0.6811546230754868,ok,False
S4_local,DROP,ALL,E_bases,192,169,0.8541666666666666,0.8010752688172043,0.9030612244897959,0.15104166666666666,0.7297830374753451,0.6932938856015779,0.7652859960552268,0.6930370644312952,ok,False
S4_local,DROP,ALL,E_bases_endorsed,138,124,0.8478260869565217,0.7913501756734147,0.9057971014492754,0.14492753623188406,,,,,ok,False
S4_local,ADD,DOWN,all,340,280,0.7970588235294118,0.7485549132947977,0.8407350416061284,0.07941176470588235,0.7357142857142858,0.7083333333333334,0.7613095238095238,0.6593013378636653,ok,False
S4_local,ADD,DOWN,E_bases,240,180,0.7916666666666666,0.7389293320603679,0.8484912146676853,0.07916666666666666,0.7148148148148149,0.6805324074074074,0.7490740740740741,0.6542215944758317,ok,False
S4_local,ADD,DOWN,E_bases_endorsed,175,132,0.7828571428571428,0.7197681704260651,0.8484936575052854,0.07428571428571429,,,,,ok,False
S4_local,ADD,UP,all,421,281,0.9358669833729216,0.9127358490566038,0.9570456748621023,0.19002375296912113,0.8131672597864769,0.7930011862396203,0.833926453143535,0.7741926274438151,ok,False
S4_local,ADD,UP,E_bases,236,181,0.9449152542372882,0.9145299145299145,0.970591311838543,0.2076271186440678,0.8029465930018417,0.7762430939226519,0.8287292817679558,0.7785459411239964,ok,False
S4_local,ADD,UP,E_bases_endorsed,172,133,0.9534883720930233,0.9222205588822355,0.9828595779220779,0.19767441860465115,,,,,ok,False
S4_local,ADD,ALL,all,761,281,0.873850197109067,0.8466447961543226,0.8987012987012987,0.14060446780551905,0.7749110320284698,0.7553356069592725,0.7945853103993673,0.7230443874456687,ok,False
S4_local,ADD,ALL,E_bases,476,181,0.8676470588235294,0.8315020151863697,0.900203771843283,0.14285714285714285,0.7561387354205034,0.7308164518109269,0.7823818293431554,0.7161891072218362,ok,False
S4_local,ADD,ALL,E_bases_endorsed,347,133,0.8674351585014409,0.826207729468599,0.9065175263829655,0.13544668587896252,,,,,ok,False
S4_local,SWAP,DOWN,all,134,134,0.6492537313432836,0.5746268656716418,0.7240671641791034,0.029850746268656716,0.5758706467661691,0.5348258706467661,0.6169465174129352,0.4959600493771743,ok,False
S4_local,SWAP,DOWN,E_bases,65,65,0.7230769230769231,0.6153846153846154,0.8307692307692308,0.046153846153846156,0.5615384615384615,0.5025641025641026,0.6179487179487179,0.5140224358974359,ok,False
S4_local,SWAP,DOWN,E_bases_endorsed,48,48,0.6458333333333334,0.5,0.7708333333333334,0.020833333333333332,,,,,ok,False
S4_local,SWAP,UP,all,108,108,0.6666666666666666,0.5833333333333334,0.75,0.12037037037037036,0.6635802469135803,0.6141975308641976,0.7098765432098766,0.5527717259743403,ok,False
S4_local,SWAP,UP,E_bases,55,55,0.8,0.6909090909090909,0.9090909090909091,0.2,0.7151515151515152,0.6454545454545453,0.7848484848484847,0.605813234384663,ok,False
S4_local,SWAP,UP,E_bases_endorsed,44,44,0.7727272727272727,0.6363636363636364,0.8863636363636364,0.22727272727272727,,,,,ok,False
S4_local,SWAP,ALL,all,242,177,0.6570247933884298,0.5833244680851064,0.7295081967213115,0.07024793388429752,0.6101694915254238,0.5725047080979284,0.647834274952919,0.5284100977880882,ok,False
S4_local,SWAP,ALL,E_bases,120,91,0.7583333333333333,0.6695652173913044,0.84300738382333,0.11666666666666667,0.6465201465201466,0.5970238095238094,0.695970695970696,0.5701307189542484,ok,False
S4_local,SWAP,ALL,E_bases_endorsed,92,73,0.7065217391304348,0.603918204320432,0.8085106382978723,0.11956521739130435,,,,,ok,False
S4_local,BIND,DOWN,all,250,250,0.888,0.848,0.924,0.132,0.7766666666666666,0.748,0.8053333333333332,0.7277523553162853,ok,False
S4_local,BIND,DOWN,E_bases,165,165,0.8787878787878788,0.8301515151515152,0.9272727272727272,0.13333333333333333,0.7646464646464648,0.7292929292929292,0.8,0.7305638350720318,ok,False
S4_local,BIND,DOWN,E_bases_endorsed,121,121,0.8677685950413223,0.8016528925619835,0.9256198347107438,0.11570247933884298,,,,,ok,False
S4_local,BIND,UP,all,231,231,0.9783549783549783,0.9567099567099567,0.9956709956709957,0.23809523809523808,0.8405483405483406,0.8174603174603173,0.8636363636363636,0.8053102453102453,ok,False
S4_local,BIND,UP,E_bases,153,153,0.9869281045751634,0.9673202614379085,1.0,0.2679738562091503,0.8485838779956427,0.8213507625272333,0.8758169934640523,0.8161931439242364,ok,False
S4_local,BIND,UP,E_bases_endorsed,113,113,0.9911504424778761,0.9734513274336283,1.0,0.24778761061946902,,,,,ok,False
S4_local,BIND,ALL,all,481,271,0.9313929313929314,0.90927366447985,0.9529652351738241,0.18295218295218296,0.8099630996309963,0.7884378843788438,0.8314883148831488,0.7701917185544389,ok,False
S4_local,BIND,ALL,E_bases,318,176,0.9308176100628931,0.9022082018927445,0.9570584979643909,0.19811320754716982,0.8039772727272727,0.7774621212121211,0.8295454545454546,0.7790648824307126,ok,False
S4_local,BIND,ALL,E_bases_endorsed,234,132,0.9273504273504274,0.8940677966101694,0.9583333333333334,0.1794871794871795,,,,,ok,False
S4_local,MEANING_RENAME,DOWN,all,264,264,0.7916666666666666,0.7424242424242424,0.8409090909090909,0.07575757575757576,0.7152777777777778,0.6843434343434344,0.7455808080808081,0.6521545377044098,ok,False
S4_local,MEANING_RENAME,DOWN,E_bases,171,171,0.8128654970760234,0.7485380116959064,0.8713450292397661,0.06432748538011696,0.7222222222222224,0.6842105263157895,0.7582846003898633,0.6690035227233093,ok,False
S4_local,MEANING_RENAME,DOWN,E_bases_endorsed,126,126,0.7698412698412699,0.6984126984126984,0.8412698412698413,0.05555555555555555,,,,,ok,False
S4_local,MEANING_RENAME,UP,all,234,234,0.9017094017094017,0.8632478632478633,0.9358974358974359,0.21367521367521367,0.8084045584045583,0.7792022792022791,0.8383368945868945,0.7471677068451262,ok,False
S4_local,MEANING_RENAME,UP,E_bases,151,151,0.9072847682119205,0.8609271523178808,0.9470198675496688,0.17880794701986755,0.8112582781456954,0.7781181015452537,0.8443708609271524,0.7613446920453328,ok,False
S4_local,MEANING_RENAME,UP,E_bases_endorsed,113,113,0.8938053097345132,0.831858407079646,0.9469026548672567,0.1592920353982301,,,,,ok,False
S4_local,MEANING_RENAME,ALL,all,498,281,0.8433734939759037,0.8089618135644556,0.8760061876247505,0.14056224899598393,0.7603795966785291,0.734282325029656,0.7844083629893237,0.7005629355026946,ok,False
S4_local,MEANING_RENAME,ALL,E_bases,322,186,0.8571428571428571,0.8170722089713011,0.8944181104936253,0.11801242236024845,0.771505376344086,0.742383512544803,0.8001792114695341,0.7151987810268221,ok,False
S4_local,MEANING_RENAME,ALL,E_bases_endorsed,239,141,0.8284518828451883,0.7795918367346939,0.8739495798319328,0.10460251046025104,,,,,ok,False
S4_local,SCOPE,DOWN,all,0,0,,,,,,,,,absent (0 rows),
S4_local,SCOPE,DOWN,E_bases,0,0,,,,,,,,,absent (0 rows),
S4_local,SCOPE,DOWN,E_bases_endorsed,0,0,,,,,,,,,absent (0 rows),
S4_local,SCOPE,UP,all,0,0,,,,,,,,,absent (0 rows),
S4_local,SCOPE,UP,E_bases,0,0,,,,,,,,,absent (0 rows),
S4_local,SCOPE,UP,E_bases_endorsed,0,0,,,,,,,,,absent (0 rows),
S4_local,SCOPE,ALL,all,0,0,,,,,,,,,absent (0 rows),
S4_local,SCOPE,ALL,E_bases,0,0,,,,,,,,,absent (0 rows),
S4_local,SCOPE,ALL,E_bases_endorsed,0,0,,,,,,,,,absent (0 rows),
S4_local,UNGLUE,DOWN,all,0,0,,,,,,,,,absent (0 rows),
S4_local,UNGLUE,DOWN,E_bases,0,0,,,,,,,,,absent (0 rows),
S4_local,UNGLUE,DOWN,E_bases_endorsed,0,0,,,,,,,,,absent (0 rows),
S4_local,UNGLUE,UP,all,0,0,,,,,,,,,absent (0 rows),
S4_local,UNGLUE,UP,E_bases,0,0,,,,,,,,,absent (0 rows),
S4_local,UNGLUE,UP,E_bases_endorsed,0,0,,,,,,,,,absent (0 rows),
S4_local,UNGLUE,ALL,all,0,0,,,,,,,,,absent (0 rows),
S4_local,UNGLUE,ALL,E_bases,0,0,,,,,,,,,absent (0 rows),
S4_local,UNGLUE,ALL,E_bases_endorsed,0,0,,,,,,,,,absent (0 rows),
S4_local,ADD[ADD_FOREIGN],ALL,all,561,281,0.8484848484848485,0.8149466192170819,0.8790035587188612,0.13012477718360071,0.7588967971530249,0.7372479240806643,0.7799599644128115,0.7042690765117235,ok,False
S4_local,ADD[ADD_FOREIGN],ALL,E_bases,361,181,0.850415512465374,0.8093922651933702,0.8864265927977839,0.1523545706371191,0.7453959484346224,0.7182320441988951,0.771650552486188,0.7067096411388583,ok,False
S4_local,ADD[ADD_FOREIGN],ALL,E_bases_endorsed,265,133,0.8566037735849057,0.8113207547169812,0.8981227833735281,0.13584905660377358,,,,,ok,False
S4_local,ADD[ADD_INTERNAL],ALL,all,200,165,0.945,0.9104365671641791,0.9754901960784313,0.17,0.8505050505050505,0.8181818181818182,0.882828282828283,0.798959595959596,ok,False
S4_local,ADD[ADD_INTERNAL],ALL,E_bases,115,80,0.9217391304347826,0.8648648648648649,0.9727272727272728,0.11304347826086956,0.8083333333333332,0.7625,0.8521354166666665,0.7609057971014492,ok,False
S4_local,ADD[ADD_INTERNAL],ALL,E_bases_endorsed,82,60,0.9024390243902439,0.8271604938271605,0.9634146341463414,0.13414634146341464,,,,,ok,False
